Work ID,Work Description,Category,MP Name,Constituency,State,House,Final Amount (₹),Completed Date,Has Images,Average Rating,IDA
41241,"Providing formation and WBM road at Veronese nagar in Moolakulam in Oulgaret Constituency, Puducherry",Normal/Others,Shri S. Selvaganabathy (2021-27),Sitting Rajya Sabha,Puducherry,Rajya Sabha,841614.0,2023-11-06T00:00:00.000Z,True,,Puducherry(PROJECT DIRECTOR RDA PUDUCHERRY_IDA)
38254,"Providing Bituminous Macadam road at Raja Veethi South side in V.T.Mani Nagar,K.Vellakulam Village,Kallikudi,Madurai (Dt).2023-24",Normal/Others,Shri R. Dharmar (2022-28),Sitting Rajya Sabha,Tamil Nadu,Rajya Sabha,998320.0,2024-01-13T00:00:00.000Z,True,,MADURAI(DISTRICT COLLECTOR MADURAI_IDA)
11866,"Providing Bituminous Mecadam road at First street in Deiveni  Nagar,Golden city , Chettikulam Village,Madurai District (2022-2023)",Normal/Others,Shri R. Dharmar (2022-28),Sitting Rajya Sabha,Tamil Nadu,Rajya Sabha,998566.0,2024-01-21T00:00:00.000Z,True,,MADURAI(DISTRICT COLLECTOR MADURAI_IDA)
11864,"Providing Bituminous Mecadam road at Vinayaga Nagar Street Golden city , Chettikulam Village,Madurai District(2022-2023)",Normal/Others,Shri R. Dharmar (2022-28),Sitting Rajya Sabha,Tamil Nadu,Rajya Sabha,998194.0,2024-01-21T00:00:00.000Z,True,,MADURAI(DISTRICT COLLECTOR MADURAI_IDA)
14253,"Construction Work of  P.C.C Road From Reo Road to Bhola Patel Gowas(Bathani) in village Nayak Tola of Harpur Panchayat of Adapur Block,Raxual Assembly of East Champaran District (Estimated Amount 15 Lakhs)",Normal/Others,Shri Shambhu Sharan Patel (2022-28),Sitting Rajya Sabha,Bihar,Rajya Sabha,1484150.0,2024-01-26T00:00:00.000Z,False,,PURBI CHAMPARAN(DISTRICT PLANNING OFFICER MOTHIHARI EAST CHAMPARAN_IDA)
34640,Installation of Fixed Garden Open gym equipment in ST Senior Boys Hostel in Made Block Mhow,Normal/Others,Dr. Kavita Patidar (2022-28),Sitting Rajya Sabha,Madhya Pradesh,Rajya Sabha,696867.0,2024-02-17T00:00:00.000Z,True,,INDORE(DISTRICT COLLECTOR INDORE_IDA)
34643,Installation of Fixed Garden Open gym equipment in ST  Boys Ashram (1-8) in Patalpani  Block Mhow District Indore,Normal/Others,Dr. Kavita Patidar (2022-28),Sitting Rajya Sabha,Madhya Pradesh,Rajya Sabha,696867.0,2024-02-17T00:00:00.000Z,True,,INDORE(DISTRICT COLLECTOR INDORE_IDA)
1542,HIGH MASK LED STREET LIGHT ( 6  LIGHTS),Normal/Others,Shri Javed Ali Khan (2022-28),Sitting Rajya Sabha,Uttar Pradesh,Rajya Sabha,283000.0,2024-02-19T00:00:00.000Z,True,,PILIBHIT(DISTRICT MAGISTRAE PILIBHIT_IDA)
7908,??,Normal/Others,Shri Ramji (2020-26),Sitting Rajya Sabha,Uttar Pradesh,Rajya Sabha,283000.0,2024-02-27T00:00:00.000Z,False,,PILIBHIT(DISTRICT MAGISTRAE PILIBHIT_IDA)
7882,WARD NO. 2 MOHALLA DURGA PARSAD BLOCK BISALPUR ME NARENDRA KUMAR SAGAR S/O TEJ RAM DWARA SEMI HIGH MAST LIGHT (S.C BAHULYA CHHETRA),Normal/Others,Shri Ramji (2020-26),Sitting Rajya Sabha,Uttar Pradesh,Rajya Sabha,283000.0,2024-02-27T00:00:00.000Z,False,,PILIBHIT(DISTRICT MAGISTRAE PILIBHIT_IDA)
3472,WS/MP198/2023-2024/3472-Lighting of public spaces,Normal/Others,Shri Ramji (2020-26),Sitting Rajya Sabha,Uttar Pradesh,Rajya Sabha,283000.0,2024-02-27T00:00:00.000Z,False,,PILIBHIT(DISTRICT MAGISTRAE PILIBHIT_IDA)
7875,GRAM BARAPATTHAR CHORAHA BISALPUR ME DR. BHIM RAW AMBEDKAR PARK KE PASS SEMI HIGH MAST LIGHT,Normal/Others,Shri Ramji (2020-26),Sitting Rajya Sabha,Uttar Pradesh,Rajya Sabha,283000.0,2024-02-27T00:00:00.000Z,False,,PILIBHIT(DISTRICT MAGISTRAE PILIBHIT_IDA)
3506,WS/MP198/2023-2024/3506-Lighting of public spaces,Normal/Others,Shri Ramji (2020-26),Sitting Rajya Sabha,Uttar Pradesh,Rajya Sabha,283000.0,2024-02-27T00:00:00.000Z,False,,PILIBHIT(DISTRICT MAGISTRAE PILIBHIT_IDA)
3499,WS/MP198/2023-2024/3499-Lighting of public spaces,Normal/Others,Shri Ramji (2020-26),Sitting Rajya Sabha,Uttar Pradesh,Rajya Sabha,283000.0,2024-02-27T00:00:00.000Z,False,,PILIBHIT(DISTRICT MAGISTRAE PILIBHIT_IDA)
7941,??    ?? ??0?0??0     ??,Normal/Others,Shri Ramji (2020-26),Sitting Rajya Sabha,Uttar Pradesh,Rajya Sabha,283000.0,2024-02-28T00:00:00.000Z,False,,PILIBHIT(DISTRICT MAGISTRAE PILIBHIT_IDA)
7916,??    ?? ??0?0??0     ??,Normal/Others,Shri Ramji (2020-26),Sitting Rajya Sabha,Uttar Pradesh,Rajya Sabha,283000.0,2024-02-28T00:00:00.000Z,False,,PILIBHIT(DISTRICT MAGISTRAE PILIBHIT_IDA)
7958,??    ?? ??0?0??0     ??,Normal/Others,Shri Ramji (2020-26),Sitting Rajya Sabha,Uttar Pradesh,Rajya Sabha,283000.0,2024-02-28T00:00:00.000Z,False,,PILIBHIT(DISTRICT MAGISTRAE PILIBHIT_IDA)
37241,LED Semi Highmast Light,Normal/Others,Shri Mithlesh Kumar (2022-28),Sitting Rajya Sabha,Uttar Pradesh,Rajya Sabha,243000.0,2024-03-02T00:00:00.000Z,False,,SHAHJAHANPUR(DISTRICT MAGISTRAE SHAHJAHANAPUR_IDA)
1844,LED Semi high mast Light,Normal/Others,Shri Mithlesh Kumar (2022-28),Sitting Rajya Sabha,Uttar Pradesh,Rajya Sabha,243000.0,2024-03-02T00:00:00.000Z,True,,SHAHJAHANPUR(DISTRICT MAGISTRAE SHAHJAHANAPUR_IDA)
1303,LED SEMI High Mast Light,Normal/Others,Shri Mithlesh Kumar (2022-28),Sitting Rajya Sabha,Uttar Pradesh,Rajya Sabha,243000.0,2024-03-02T00:00:00.000Z,True,,SHAHJAHANPUR(DISTRICT MAGISTRAE SHAHJAHANAPUR_IDA)
1980,LED Semi high mast light,Normal/Others,Shri Mithlesh Kumar (2022-28),Sitting Rajya Sabha,Uttar Pradesh,Rajya Sabha,243000.0,2024-03-03T00:00:00.000Z,True,,SHAHJAHANPUR(DISTRICT MAGISTRAE SHAHJAHANAPUR_IDA)
34168,LED HIGH MASK LIGHT NEAR HOUSE OF NISHANT SINGH,Normal/Others,Shri Gulam Ali (2022-28),Nominated Rajya Sabha,Jammu And Kashmir,Rajya Sabha,243000.0,2024-03-04T00:00:00.000Z,False,,SHAHJAHANPUR(DISTRICT MAGISTRAE SHAHJAHANAPUR_IDA)
34171,LED HIGH MASK LIGHT NEAR HOUSE OF SHRI SACHIN VERMA,Normal/Others,Shri Gulam Ali (2022-28),Nominated Rajya Sabha,Jammu And Kashmir,Rajya Sabha,243000.0,2024-03-04T00:00:00.000Z,True,,SHAHJAHANPUR(DISTRICT MAGISTRAE SHAHJAHANAPUR_IDA)
34100,LED HIGH MASK LIGHT NEAR HOUSE OF MEHAR SINGH,Normal/Others,Shri Gulam Ali (2022-28),Nominated Rajya Sabha,Jammu And Kashmir,Rajya Sabha,243000.0,2024-03-05T00:00:00.000Z,False,,SHAHJAHANPUR(DISTRICT MAGISTRAE SHAHJAHANAPUR_IDA)
34112,LED HIGH MASK LIGHT NEAR HOUSE OF GURVINDER SINGH,Normal/Others,Shri Gulam Ali (2022-28),Nominated Rajya Sabha,Jammu And Kashmir,Rajya Sabha,243000.0,2024-03-05T00:00:00.000Z,False,,SHAHJAHANPUR(DISTRICT MAGISTRAE SHAHJAHANAPUR_IDA)
34116,LED HIGH MASK LIGHT NEAR GURU KRIPA GAS AGENCY,Normal/Others,Shri Gulam Ali (2022-28),Nominated Rajya Sabha,Jammu And Kashmir,Rajya Sabha,243000.0,2024-03-05T00:00:00.000Z,True,,SHAHJAHANPUR(DISTRICT MAGISTRAE SHAHJAHANAPUR_IDA)
33842,HIGH MASK LED LIGHT NEAR HOUSE OF parmeet singh,Normal/Others,Shri Gulam Ali (2022-28),Nominated Rajya Sabha,Jammu And Kashmir,Rajya Sabha,243000.0,2024-03-08T00:00:00.000Z,True,,SHAHJAHANPUR(DISTRICT MAGISTRAE SHAHJAHANAPUR_IDA)
48092,Purchase of books and periodicals for libraries,Normal/Others,Shri Brij Lal (2020-26),Sitting Rajya Sabha,Uttar Pradesh,Rajya Sabha,10000.0,2024-03-22T00:00:00.000Z,False,,Siddharthnagar(DISTRICT MAGISTRATE SIDDHARTH NAGAR_IDA)
102045,SUPPLY AND INSTALLATION OF LED SEMI HIGH MAST AT DIFFERENCE PLACE AT DISTT PILIBHIT AS PER LIST ENCLOSED SERIAL  NO FROM 1 TO 8,Normal/Others,Shri Gulam Ali (2022-28),Nominated Rajya Sabha,Jammu And Kashmir,Rajya Sabha,2263995.0,2024-03-23T00:00:00.000Z,True,,PILIBHIT(DISTRICT MAGISTRAE PILIBHIT_IDA)
1650,"Awasthi ji ke makan se Pawar ji ke makan tak, Indira Gandhi ward main Pevar Block lagane ka kary, Vidhan Sabha Pashchim, District Jabalpur (mention in letter no.3126 at column no.12)",Normal/Others,Shri Vivek K. Tankha (2022-28),Sitting Rajya Sabha,Madhya Pradesh,Rajya Sabha,197000.0,2024-04-04T00:00:00.000Z,False,,JABALPUR(DISTRICT COLLECTOR JABALPUR_IDA)
95928,"Providing Books with Furnitures for Sathappa Govt Higher Secondary School, Nerkuppai for the yaer 2023-24",Normal/Others,Shri P. Chidambaram (2022-28),Sitting Rajya Sabha,Tamil Nadu,Rajya Sabha,275000.0,2024-04-05T00:00:00.000Z,False,,SIVAGANGA(DISTRICT COLLECTOR SIVAGANGA_IDA)
97474,Water tanker capacity 5000 Liter Tyre 900 X 20 With Fire Fighter PUMP GP Ajdawada JP Badnagar District Ujjain,Normal/Others,Dr. Kavita Patidar (2022-28),Sitting Rajya Sabha,Madhya Pradesh,Rajya Sabha,205054.0,2024-04-20T00:00:00.000Z,True,,UJJAIN(DISTRICT COLLECTOR UJJAIN_IDA)
97470,Water tanker capacity 5000 Liter Tyre 900 X 20 With Fire Fighter PUMP GP Karanj JP Tarana District Ujjain,Normal/Others,Dr. Kavita Patidar (2022-28),Sitting Rajya Sabha,Madhya Pradesh,Rajya Sabha,205054.0,2024-04-20T00:00:00.000Z,True,,UJJAIN(DISTRICT COLLECTOR UJJAIN_IDA)
120073,CONSTRUCTION OF PCC ROAD FROM THE HOUSE OF RAGHVENDRA NARAYAN PRASAD TO THE HOUSE OF RAMESHWAR SHARMA,Normal/Others,Shri Khiru Mahto (2022-28),Sitting Rajya Sabha,Bihar,Rajya Sabha,1493591.0,2024-06-05T00:00:00.000Z,False,,PATNA(DISTRICT PLANNING OFFICER PATNA_IDA)
15901,PCC road construction work in the path leading from Champaran embankment to Munna Yadav's house in village Chandrapur Reta ward number 02 of Gram Panchayat Raj Chandrapur Ratwal of Block Bagaha 01 of District West Champaran. Estimated amount 10 lacs.,Normal/Others,Shri Satish Chandra Dubey (2022-28),Sitting Rajya Sabha,Bihar,Rajya Sabha,997210.0,2024-06-10T00:00:00.000Z,False,,PASHCHIM CHAMPARAN(DISTRICT PLANNING OFFICER WEST CHAMPARANBETTIAH_IDA)
80996,Water tanker capacity 5000 Liter With Fire Fighter PUMP in Gram Panchayat Ghatgara Block Badnawar,Normal/Others,Dr. Kavita Patidar (2022-28),Sitting Rajya Sabha,Madhya Pradesh,Rajya Sabha,205000.0,2024-06-28T00:00:00.000Z,True,,DHAR(DISTRICT COLLECTOR DHAR_IDA)
43911,CONSTRUCTION OF PCC ROAD FROM MUKESH MANDAL HOUSE TO RAJARAM GUPTA HOUSE IN WARD 14 ITAHRI PANCHAYAT,Normal/Others,Shri Khiru Mahto (2022-28),Sitting Rajya Sabha,Bihar,Rajya Sabha,387537.0,2024-06-29T00:00:00.000Z,True,,MUNGER(DISTRICT PLANNING OFFICER MUNGER_IDA)
11223,"Construction of Public Meeting Hall near Balsingh/Viradhsingh residence, Gram Panchayat Phuliya, P.S. Sam, Jaisalmer",Normal/Others,Shri Mukul Wasnik (2022-28),Sitting Rajya Sabha,Rajasthan,Rajya Sabha,1000000.0,2024-07-05T00:00:00.000Z,True,,JAISALMER(DISTRICT COLLECTOR JAISLAMER_IDA)
34537,Construction of C.C road at Village Behrawal Janpad Kalapipal Dist. Shajapur (MP),Normal/Others,Dr. Kavita Patidar (2022-28),Sitting Rajya Sabha,Madhya Pradesh,Rajya Sabha,1000000.0,2024-07-09T00:00:00.000Z,False,,SHAJAPUR(District Collector Shajapur_IDA)
132372,"Construction of Chirakkal - Kootayi Alavipadi road/pathway, ward no.03, Ponmundam Panchayat",Normal/Others,Shri Abdul Wahab (2021-27),Sitting Rajya Sabha,Kerala,Rajya Sabha,367434.0,2024-07-12T00:00:00.000Z,True,,MALAPPURAM(DISTRICT COLLECTOR MALAPPURAM_IDA)
109231,"Providing LED High Mast Lighting at the location given below: 
GP/Village/Mandal : Bibipur Thanda/ Dichpally;
District : Nizamabad;",Normal/Others,Shri V. Vijayendra Prasad (2022-28),Nominated Rajya Sabha,Andhra Pradesh,Rajya Sabha,150000.0,2024-07-26T00:00:00.000Z,False,,NIZAMABAD(DISTRICT COLLECTOR NIZAMABAD_IDA)
40046,"Improvement /Construction of Road from R&B Road to Atul New Court Road, Village-Nial, G.P. Nial, Block-AUL, Distt.-Kendrapara",Normal/Others,Smt. Sulata Deo (2022-28),Sitting Rajya Sabha,Odisha,Rajya Sabha,500000.0,2024-08-08T00:00:00.000Z,True,,Kendrapada(DISTRICT COLLECTOR KENDRAPARA_IDA)
97009,"GRAM BADHERI MEIN MAIN ROAD ISRAR KE MAKAN SE INTZAR KE MAKAN TAK CC ROAD EVAM NALI KA NIRMAN KARYA ..

IA ( KARYADAI SANTATHA ) NAGAR PANCHAYAT PADALI GUJJAR",Normal/Others,Shri Naresh Bansal (2020-26),Sitting Rajya Sabha,Uttarakhand,Rajya Sabha,621051.0,2024-08-09T00:00:00.000Z,True,,HARIDWAR(DISTRICT MAGISTRATE HARIDWAR_IDA)
113029,Construction of PD Shop at Punsei Idayar Melmugam velur NCMS-5 velur TP,Normal/Others,Shri K.R.N. Rajeshkumar (2022-28),Sitting Rajya Sabha,Tamil Nadu,Rajya Sabha,1450000.0,2024-08-21T00:00:00.000Z,True,,NAMAKKAL(DISTRICT COLLECTOR NAMAKKAL_IDA)
75841,Construction of CC Road from Kedia House to Indane Gas Godown and adjacent Galli,Normal/Others,Dr. Sasmit Patra (2022-28),Sitting Rajya Sabha,Odisha,Rajya Sabha,1000000.0,2024-08-28T00:00:00.000Z,False,,Sundaragada(DISTRICT COLLECTOR SUNDARGARH_IDA)
36719,"LED SEMI HIGH MAST LIGHT 
(6- LED)",Normal/Others,Shri Baburam Nishad (2022-28),Sitting Rajya Sabha,Uttar Pradesh,Rajya Sabha,239120.7,2024-08-29T00:00:00.000Z,True,,HAMIRPUR(DISTRICT MAGISTRATE HAMIRPUR_2)
132958,"Setting up of High-tech theatre classroom at PTMVHSS, Maruthoorkonam, Ward no.14, Kottukal Panchayat",Normal/Others,Shri Abdul Wahab (2021-27),Sitting Rajya Sabha,Kerala,Rajya Sabha,1499700.0,2024-09-04T00:00:00.000Z,True,,THIRUVANANTHAPURAM(DISTRICT COLLECTOR THIRUVANANTHAPURAM_IDA)
38000,"CC road works near Mangala House in Rajanukunte Village, Rajanukunte Grama Panchayat, Yelahanka Taluk, Bangalore Urban.",Normal/Others,Shri Jaggesh (2022-28),Sitting Rajya Sabha,Karnataka,Rajya Sabha,499096.0,2024-09-05T00:00:00.000Z,False,,BENGALURU URBAN(DEPUTY COMMISSIONER BANGALORE URBAN_IDA)
137098,"Construction of Chathamangalam - Viripadam road /pathway, Ward No. 11, Vazhayoor Panchayat",Normal/Others,Shri Abdul Wahab (2021-27),Sitting Rajya Sabha,Kerala,Rajya Sabha,379009.0,2024-09-06T00:00:00.000Z,True,,MALAPPURAM(DISTRICT COLLECTOR MALAPPURAM_IDA)
36405,LED SEMI HIGH MAST LIGHT(6 LED),Normal/Others,Shri Baburam Nishad (2022-28),Sitting Rajya Sabha,Uttar Pradesh,Rajya Sabha,239120.7,2024-09-07T00:00:00.000Z,True,,HAMIRPUR(DISTRICT MAGISTRATE HAMIRPUR_2)
36266,LED SEMI HIGH MASK LIGHT(6 LED),Normal/Others,Shri Baburam Nishad (2022-28),Sitting Rajya Sabha,Uttar Pradesh,Rajya Sabha,243000.0,2024-09-08T00:00:00.000Z,True,,HAMIRPUR(DISTRICT MAGISTRATE HAMIRPUR_2)
38760,"Link road development work, Ramohalli Village, Ramohalli Grama Panchayat, Bangalore South Taluk, Bangalore Urban.",Normal/Others,Shri Jaggesh (2022-28),Sitting Rajya Sabha,Karnataka,Rajya Sabha,499821.0,2024-09-18T00:00:00.000Z,False,,BENGALURU URBAN(DEPUTY COMMISSIONER BANGALORE URBAN_IDA)
49092,Work of installing high mast light near Gram Panchayat Guradah Shiv Temple.,Normal/Others,Shri Hardeep Singh Puri (2020-26),Sitting Rajya Sabha,Uttar Pradesh,Rajya Sabha,696581.14,2024-09-19T00:00:00.000Z,False,,SONBHADRA(DISTRICT MAGISTRATE SONBHADRA_IDA)
47530,Installation of solar water pump near the house of Gram Panchayat Cati Markundi Tola-Badi Ramkumar and Shivkumar Gond.,Normal/Others,Shri Hardeep Singh Puri (2020-26),Sitting Rajya Sabha,Uttar Pradesh,Rajya Sabha,488490.56,2024-09-19T00:00:00.000Z,False,,SONBHADRA(DISTRICT MAGISTRATE SONBHADRA_IDA)
16058,PCC road construction work on the path from Rambalak Yadav's house to primary school Tikulia in ward number 13 of Nagar Panchayat Chanpatia. Estimated Amount Rs. 1499999.,Normal/Others,Shri Satish Chandra Dubey (2022-28),Sitting Rajya Sabha,Bihar,Rajya Sabha,1491583.0,2024-09-20T00:00:00.000Z,False,,PASHCHIM CHAMPARAN(DISTRICT PLANNING OFFICER WEST CHAMPARANBETTIAH_IDA)
60541,Construction work of connection road and drain from Mr. Sunil Mishra's house to the further road from Mr. Santosh Pandey's house in Ward No. 28 Sant Kabir Road of Municipal Corporation Bettiah. Estimated Amount 900000/-,Normal/Others,Shri Satish Chandra Dubey (2022-28),Sitting Rajya Sabha,Bihar,Rajya Sabha,892719.0,2024-09-20T00:00:00.000Z,False,,PASHCHIM CHAMPARAN(DISTRICT PLANNING OFFICER WEST CHAMPARANBETTIAH_IDA)
134145,Construction of Building for Sri.Vidhyadiraja Arts and Sports Club in Panmana Grama Panchayat of Chavra constituency,Normal/Others,Shri NK Premachandran,KOLLAM,Kerala,Lok Sabha,96867.0,2024-09-27T00:00:00.000Z,True,,KOLLAM(DISTRICT COLLECTOR KOLLAM_IDA)
144105,"Construction of Cement Concerete Road from house of Durga Vikas Dharange to house of Sunita Hedaoo at Galli No.24, Vinoba Bhave Nagar.",Normal/Others,Nitin Jairam Gadkari,NAGPUR,Maharashtra,Lok Sabha,458593.0,2024-09-30T00:00:00.000Z,True,,NAGPUR(DISTRICT COLLECTOR NAGPUR_IDA)
145003,"Construction of Boundary Wall to PACS Godown, Hunsa",Normal/Others,Arvind Dharmapuri,NIZAMABAD,Telangana,Lok Sabha,492446.0,2024-10-08T00:00:00.000Z,False,,NIZAMABAD(DISTRICT COLLECTOR NIZAMABAD_IDA)
144976,Construction of Community Hall in Munnurukapu Wada,Normal/Others,Arvind Dharmapuri,NIZAMABAD,Telangana,Lok Sabha,400000.0,2024-10-08T00:00:00.000Z,False,,NIZAMABAD(DISTRICT COLLECTOR NIZAMABAD_IDA)
88746,Construction Work of Interlocking Tiles and Drain at Nadi Road,Normal/Others,Shri Kapil Sibal (2022-28),Sitting Rajya Sabha,Uttar Pradesh,Rajya Sabha,898506.0,2024-10-17T00:00:00.000Z,True,,MUZAFFARNAGAR(DISTRICT MAGISTRATE MUZAFFARNAGAR_IDA)
133992,Providing Highmast Lights Near Anjaneya Swamy Temple Jagaboinpally(V) of Urkonda(M). Nagarkurnool Dist.,Normal/Others,Shri Damodar Rao Divakonda (2022-28),Sitting Rajya Sabha,Telangana,Rajya Sabha,196489.0,2024-10-19T00:00:00.000Z,True,,NAGARKURNOOL(DISTRICT COLLECTOR NAGARKURNOOL_IDA)
49270,Installation work of solar high mast light near Shiv ji temple in Gram Panchayat Khaddeur.,Normal/Others,Shri Hardeep Singh Puri (2020-26),Sitting Rajya Sabha,Uttar Pradesh,Rajya Sabha,119000.66,2024-10-21T00:00:00.000Z,False,,SONBHADRA(DISTRICT MAGISTRATE SONBHADRA_IDA)
125523,"Construction of Class Rooms (Addl Building)in Hindu Nadar Middle school in kadayalurity village in serndamaram Panchayat of Meelaneelithanallur Panchayat Union, Tenkasi",Normal/Others,Shri K.R.N. Rajeshkumar (2022-28),Sitting Rajya Sabha,Tamil Nadu,Rajya Sabha,3295761.0,2024-10-24T00:00:00.000Z,True,,TENKASI(DISTRICT COLLECTOR TENKASI_IDA)
137679,GRAM SONIYAPATH ME C.C. ROAD NIRMARAN (SHYAM LAL BHAINA GHAR SE NADI KI ORE),Normal/Others,KAMLESH JANGDE,JANJGIR CHAMPA,Chhattisgarh,Lok Sabha,999941.0,2024-10-28T00:00:00.000Z,True,,JANJGIR-CHAMPA(DISTRICT COLLECTOR JANJGIR CHAMPA_IDA)
147243,Construction of Community hall in Yadava Wada,Normal/Others,Arvind Dharmapuri,NIZAMABAD,Telangana,Lok Sabha,450000.0,2024-11-04T00:00:00.000Z,False,,NIZAMABAD(DISTRICT COLLECTOR NIZAMABAD_IDA)
150759,Construction of Compound wall to Community hall near Munnurukapu wada at Dharpally (V) & (M),Normal/Others,Arvind Dharmapuri,NIZAMABAD,Telangana,Lok Sabha,400000.0,2024-11-11T00:00:00.000Z,False,,NIZAMABAD(DISTRICT COLLECTOR NIZAMABAD_IDA)
148991,Construction of Library Building,Normal/Others,Arvind Dharmapuri,NIZAMABAD,Telangana,Lok Sabha,298749.0,2024-11-11T00:00:00.000Z,False,,NIZAMABAD(DISTRICT COLLECTOR NIZAMABAD_IDA)
137748,"Construction of the Protective wall below the Sanskrit Mahavidalaya, Thekabong under lapthang Village",Normal/Others,Shri Dorjee Tshering Lepcha (2024-30),Sitting Rajya Sabha,Sikkim,Rajya Sabha,499284.0,2024-11-14T00:00:00.000Z,False,,Pakyong(DISTRICT COLLECTOR PAKYONG_IDA)
133793,"2Sena Mahto House to Moli Mahto house by Sravan ji House , Blcok Pandarak, Gram Panchayat Raily, Gram Raily English,Under  Mokama Lagislative Assembly Constituency. (Estimated Amount 15,00,000/- Fifteen Laksh only)",Normal/Others,Shri Shambhu Sharan Patel (2022-28),Sitting Rajya Sabha,Bihar,Rajya Sabha,1481756.0,2024-11-15T00:00:00.000Z,True,,PATNA(DISTRICT PLANNING OFFICER PATNA_IDA)
48345,Installation work of solar high mast light near Praveen Singh's house in development block Robertsganj village Meuri khurd.,Normal/Others,Shri Hardeep Singh Puri (2020-26),Sitting Rajya Sabha,Uttar Pradesh,Rajya Sabha,119000.78,2024-11-16T00:00:00.000Z,False,,SONBHADRA(DISTRICT MAGISTRATE SONBHADRA_IDA)
149004,Construction of CC drains from Guddenugula Chinna Gangram House to Chilakamar Laxman House 28.00 to 60.00 Rmt and Vanjari Vinoda house to Allem Pedda Lasmanna House,Normal/Others,Arvind Dharmapuri,NIZAMABAD,Telangana,Lok Sabha,100670.0,2024-11-16T00:00:00.000Z,False,,NIZAMABAD(DISTRICT COLLECTOR NIZAMABAD_IDA)
49099,Installation of a solar high mast light on the main road of Gram Panchayat Amauli of Rawatsganj development block.,Normal/Others,Shri Hardeep Singh Puri (2020-26),Sitting Rajya Sabha,Uttar Pradesh,Rajya Sabha,119000.78,2024-11-16T00:00:00.000Z,False,,SONBHADRA(DISTRICT MAGISTRATE SONBHADRA_IDA)
149006,Construction of CC drains from Kandela Gnagaram House to Old Gp building and Mohmed Lal House to Muppeda Ukkudar House,Normal/Others,Arvind Dharmapuri,NIZAMABAD,Telangana,Lok Sabha,412381.0,2024-11-16T00:00:00.000Z,False,,NIZAMABAD(DISTRICT COLLECTOR NIZAMABAD_IDA)
141626,Ggam panchayat Abhana me pani ke tenkar ki khared,Normal/Others,RAHUL SINGH LODHI,DAMOH,Madhya Pradesh,Lok Sabha,198724.0,2024-11-18T00:00:00.000Z,True,,DAMOH(DISTRICT COLLECTOR DAMOH_IDA)
141630,GRAM PANCHAYAT JORTALA KHURD ME PANI KE TENKAR KI KHARED,Normal/Others,RAHUL SINGH LODHI,DAMOH,Madhya Pradesh,Lok Sabha,198724.0,2024-11-18T00:00:00.000Z,True,,DAMOH(DISTRICT COLLECTOR DAMOH_IDA)
141643,GRAM PANCHAYT PIPRIYA SAHNI ME PANI KE TENKAR KI KHARED,Normal/Others,RAHUL SINGH LODHI,DAMOH,Madhya Pradesh,Lok Sabha,198724.0,2024-11-18T00:00:00.000Z,True,,DAMOH(DISTRICT COLLECTOR DAMOH_IDA)
92279,Water Cooler (Blue Star 80x120 lts) with water supply connection,Normal/Others,Shri B.L. Verma (2020-26),Sitting Rajya Sabha,Uttar Pradesh,Rajya Sabha,280643.0,2024-11-20T00:00:00.000Z,True,,BUDAUN(DISTRICT MAGISTRATE BUDAUN_IDA)
133792,"3 Suresh Mahto House to Dinesh Mahto house by Dev Raj Prasad House. Block Pandarak, Gram Panchyat Raily, Bind Toli, under Mokama Lagislative Assembly Constituency,(Estimated Amount 15,00,000/- ( Fifteen Lakhs only)",Normal/Others,Shri Shambhu Sharan Patel (2022-28),Sitting Rajya Sabha,Bihar,Rajya Sabha,1484806.0,2024-11-20T00:00:00.000Z,True,,PATNA(DISTRICT PLANNING OFFICER PATNA_IDA)
114458,High Mast LED Light (9.5 mtrs MS Pole with 6 LED Light 150 W),Normal/Others,Shri B.L. Verma (2020-26),Sitting Rajya Sabha,Uttar Pradesh,Rajya Sabha,163428.82,2024-11-20T00:00:00.000Z,True,,BUDAUN(DISTRICT MAGISTRATE BUDAUN_IDA)
40509,Construction of Interlocking and Naali Cover from Ramashish House To North Side Naala Via Basti Village Sikari,Normal/Others,Smt. Darshana Singh (2022-28),Sitting Rajya Sabha,Uttar Pradesh,Rajya Sabha,997000.0,2024-11-22T00:00:00.000Z,True,,CHANDAULI(DISTRICT MAGISTRATE CHANDAULI_IDA)
150761,Construction of Artisan shed near Sub Station of Yellareddypally,Normal/Others,Arvind Dharmapuri,NIZAMABAD,Telangana,Lok Sabha,494999.0,2024-11-26T00:00:00.000Z,False,,NIZAMABAD(DISTRICT COLLECTOR NIZAMABAD_IDA)
81491,Construction work of P. C. C. Road from rajdev paswan's house to uday ojha's house in Badhadwa Kala Purvi of Kotwa block east champaran bihar. Estimated amount rs. 1000000.,Normal/Others,Shri Satish Chandra Dubey (2022-28),Sitting Rajya Sabha,Bihar,Rajya Sabha,989459.0,2024-11-28T00:00:00.000Z,False,,PURBI CHAMPARAN(DISTRICT PLANNING OFFICER MOTHIHARI EAST CHAMPARAN_IDA)
136187,Construction of CC Road from DBR Bailu continuation Road to Mangunta Village Road in Mangunta GP of SR Puram Mandal in GD Nelloore Constituency.,Normal/Others,DAGGUMALLA PRASADA RAO,CHITTOOR,Andhra Pradesh,Lok Sabha,492138.0,2024-11-30T00:00:00.000Z,True,,CHITTOOR(DISTRICT COLLECTOR CHITTOOR_IDA)
139524,"Providing Water Plant System to Yenuguntapalli Village in Cherlopalli GP of Chittoor rural Mandal, Chittoor Constituency.",Normal/Others,DAGGUMALLA PRASADA RAO,CHITTOOR,Andhra Pradesh,Lok Sabha,232853.0,2024-12-03T00:00:00.000Z,True,,CHITTOOR(DISTRICT COLLECTOR CHITTOOR_IDA)
134123,Construction of building for Kadamancode Tribal LP School in Kulathupuzha Grama Panchayat in  Punalur Constituency (ST),Normal/Others,Shri NK Premachandran,KOLLAM,Kerala,Lok Sabha,4740188.0,2024-12-06T00:00:00.000Z,True,,KOLLAM(DISTRICT COLLECTOR KOLLAM_IDA)
141774,Construction of boundry wall along Burtuk Secondary School and Public holding under GMC,Normal/Others,Shri Dorjee Tshering Lepcha (2024-30),Sitting Rajya Sabha,Sikkim,Rajya Sabha,299111.0,2024-12-06T00:00:00.000Z,False,,Gangtok(DISTRICT COLLECTOR EAST DISTRICT_IDA)
139558,"PCC ROAD- EAST CHAMPARAN, MEHSI PRAKHAND JHITKAHIYA, MATHIYA WARD NO 2 BHUTTA BHAGAT KE GHAR SE DILIP KUMAR KE GHAR TAK PCC ROAD.",Normal/Others,Dr. Dharmshila Gupta (2024-30),Sitting Rajya Sabha,Bihar,Rajya Sabha,1483521.0,2024-12-11T00:00:00.000Z,False,,PURBI CHAMPARAN(DISTRICT PLANNING OFFICER MOTHIHARI EAST CHAMPARAN_IDA)
134337,Sinking of deep tubewell with submercible with tank at Kumarsha F.P. School under Dighirpar Gram Panchayat,Normal/Others,Pratima Mondal ,JOYNAGAR,West Bengal,Lok Sabha,238772.0,2024-12-12T00:00:00.000Z,True,,South 24 Parganas(DISTRICT MAGISTRATE SOUTH TWENTY FOUR PARGANAS_IDA)
149061,GRAM-BHATMAHOOL GRAM PANCHAYAT-BHATMAHOOL ME C.C. ROAD NIRMARAN(MEN ROAD SE BALRAM GHAR SE AAGE KI ORE),Normal/Others,KAMLESH JANGDE,JANJGIR CHAMPA,Chhattisgarh,Lok Sabha,599094.0,2024-12-12T00:00:00.000Z,True,,SAKTI(COLLECTOR SAKTI_IDA)
145244,GRAM PANCHAYAT NANDELI ME C.C. ROAD NIRMARAN(PAKKI ROAD SE NARENDRA SURYAVANSHI GHAR KI ORE),Normal/Others,KAMLESH JANGDE,JANJGIR CHAMPA,Chhattisgarh,Lok Sabha,500000.0,2024-12-13T00:00:00.000Z,True,,JANJGIR-CHAMPA(DISTRICT COLLECTOR JANJGIR CHAMPA_IDA)
92299,Construction of platform on public land near the place of Naga Baba in village Bhabhata Kuti Tola of Gram Panchayat State Bhabhata of Block Narkatiaganj. Estimated Amount Rs. 262000.,Normal/Others,Shri Satish Chandra Dubey (2022-28),Sitting Rajya Sabha,Bihar,Rajya Sabha,259071.0,2024-12-16T00:00:00.000Z,False,,PASHCHIM CHAMPARAN(DISTRICT PLANNING OFFICER WEST CHAMPARANBETTIAH_IDA)
134629,CC Road - Yaadram varman Home to towards Gothhan.,Normal/Others,KAMLESH JANGDE,JANJGIR CHAMPA,Chhattisgarh,Lok Sabha,1000000.0,2024-12-17T00:00:00.000Z,True,,SAKTI(COLLECTOR SAKTI_IDA)
80167,Construction of buildings,Normal/Others,Dr. Dharmasthala Veerendra Heggade (2022-28),Nominated Rajya Sabha,Karnataka,Rajya Sabha,2000000.0,2024-12-18T00:00:00.000Z,True,,MANDYA(DEPUTY COMMISSIONER MANDYA_IDA)
142728,GRAM PANCHAYAT SENDURAS ME (STREET LIGHTS),Normal/Others,KAMLESH JANGDE,JANJGIR CHAMPA,Chhattisgarh,Lok Sabha,1296216.0,2024-12-20T00:00:00.000Z,True,,SAKTI(COLLECTOR SAKTI_IDA)
133820,Beautification of Village,Normal/Others,Smt. S. Phangnon Konyak (2022-28),Sitting Rajya Sabha,Nagaland,Rajya Sabha,500000.0,2024-12-20T00:00:00.000Z,True,,Tseminyu(Deputy Commissioner Tseminyu_IDA)
133315,"vikaskhand mori ke antargat gram suchan gaon ke aamtok sthith dewara haltadi motor marg par sc/st khetr ki pakki suraksha deewar ka karya .
ia(karyadai sanstatha)- 
block mori",Normal/Others,Shri Naresh Bansal (2020-26),Sitting Rajya Sabha,Uttarakhand,Rajya Sabha,999203.0,2024-12-21T00:00:00.000Z,True,,Uttarkashi(DISTRICT COLLECTOR UTTARKASHI_IDA)
138025,Construction of CC Drain from H/O Latika Mondal to Shamalesh Halder's land Via H/O Sanat Haldar. (120 mtr),Normal/Others,Shri Abhishek Banerjee,DIAMOND HARBOUR,West Bengal,Lok Sabha,199993.0,2024-12-24T00:00:00.000Z,True,,South 24 Parganas(DISTRICT MAGISTRATE SOUTH TWENTY FOUR PARGANAS_IDA)
137935,Construction Of CC Road from H/O Shekhar Baidya To H/O Sandha Biswas. (200 mtr),Normal/Others,Shri Abhishek Banerjee,DIAMOND HARBOUR,West Bengal,Lok Sabha,300000.0,2024-12-26T00:00:00.000Z,True,,South 24 Parganas(DISTRICT MAGISTRATE SOUTH TWENTY FOUR PARGANAS_IDA)
138041,Construction of CC Road from H/O Hafija Beoya to H/O Naju Molla. (100 mtr),Normal/Others,Shri Abhishek Banerjee,DIAMOND HARBOUR,West Bengal,Lok Sabha,199993.0,2024-12-26T00:00:00.000Z,True,,South 24 Parganas(DISTRICT MAGISTRATE SOUTH TWENTY FOUR PARGANAS_IDA)
138040,Construction of CC Road from H/O Pradyut Chowdhury  to H/O Arun Chowdhury. (300 mtr),Normal/Others,Shri Abhishek Banerjee,DIAMOND HARBOUR,West Bengal,Lok Sabha,400000.0,2024-12-26T00:00:00.000Z,True,,South 24 Parganas(DISTRICT MAGISTRATE SOUTH TWENTY FOUR PARGANAS_IDA)
138260,C/o Culvert (2 Nos) at Sengsap Village in Namsai District (PWD),Normal/Others,Shri Tapir Gao,ARUNACHAL EAST,Arunachal Pradesh,Lok Sabha,497873.0,2024-12-27T00:00:00.000Z,True,,NAMSAI(Deputy Commisioner Namsai_IDA)
134034,Development of Mahuar Stadium by adding soil and drainage system for Park.,Normal/Others,SUDHAKAR SINGH,BUXAR,Bihar,Lok Sabha,1491632.0,2024-12-27T00:00:00.000Z,False,,KAIMUR (BHABUA)(DISTRICT PLANNING OFFICER KAIMUR BHABUA_IDA)
117420,Solar High brid LED High Mast (Solar Street Light  ) 24 watt X4 No. 7 Meter Pole Sthapna in G P  kachnariya   District Ujjain,Normal/Others,Dr. Kavita Patidar (2022-28),Sitting Rajya Sabha,Madhya Pradesh,Rajya Sabha,482500.0,2024-12-29T00:00:00.000Z,True,,UJJAIN(DISTRICT COLLECTOR UJJAIN_IDA)
155332,"Laying of CC Roads, Construction of drains at Ward No.2 at Makthal Muncipality",Normal/Others,Shri V. Vijayendra Prasad (2022-28),Nominated Rajya Sabha,Andhra Pradesh,Rajya Sabha,1000000.0,2024-12-29T00:00:00.000Z,True,,Narayanpet(DISTRICT COLLECTOR NARAYANPET_IDA)
135255,Installation of RO System Capacity 500 Ltrs. at Govt. Primary School Village Ale Wala,Normal/Others,SHER SINGH GHUBAYA,FIROZPUR,Punjab,Lok Sabha,232062.0,2024-12-30T00:00:00.000Z,False,,FEROZEPUR(DEPUTY COMMISSIONER FIROZEPUR_IDA)
134630,Construction of boundary walls,Normal/Others,KAMLESH JANGDE,JANJGIR CHAMPA,Chhattisgarh,Lok Sabha,1000000.0,2024-12-31T00:00:00.000Z,True,,SAKTI(COLLECTOR SAKTI_IDA)
133530,,Normal/Others,Dr. Anil Sukhdeorao Bonde (2022-28),Sitting Rajya Sabha,Maharashtra,Rajya Sabha,978265.0,2025-01-01T00:00:00.000Z,True,,AMRAVATI(DISTRICT COLLECTOR AMRAVATI_IDA)
147977,Gram Kalupura Nagla Banjara Block Hasayan mai Dubhaee marg se Indal Banjara kai ghar ki taraf 230 miter interlocking karya,Normal/Others,ANOOP PRADHAN BALMIKI,HATHRAS,Uttar Pradesh,Lok Sabha,1599961.0,2025-01-02T00:00:00.000Z,False,,HATHRAS(DISTRICT MAGISTRATE HATHRAS_IDA)
152358,PROVIDING OF STREET LIGHTS IN BHEEMANAPALLY VILLAGE,Normal/Others,CHAMALA KIRAN KUMAR REDDY,BHONGIR,Telangana,Lok Sabha,99855.0,2025-01-02T00:00:00.000Z,False,,YADADRI BHUVANAGIRI(DISTRICT COLLECTOR YADADRI BHUVANAGIRI_IDA)
135651,Construction of CC Road from G. Murali Mohan House to Bhuvaneswari House in Appireddykandriga in Nellepalli GP of GD Nelloore Mandal and Constituency.,Normal/Others,DAGGUMALLA PRASADA RAO,CHITTOOR,Andhra Pradesh,Lok Sabha,499782.0,2025-01-07T00:00:00.000Z,True,,CHITTOOR(DISTRICT COLLECTOR CHITTOOR_IDA)
138784,upgradation of playground at suryA enclave jalandhar,Normal/Others,Shri Harbhajan Singh (2022-28),Sitting Rajya Sabha,Punjab,Rajya Sabha,470194.0,2025-01-07T00:00:00.000Z,True,,JALANDHAR(DEPUTY COMMISSIONER JALANDHAR_IDA)
138786,upgradation of playground at vill dhilwan,Normal/Others,Shri Harbhajan Singh (2022-28),Sitting Rajya Sabha,Punjab,Rajya Sabha,463201.0,2025-01-08T00:00:00.000Z,True,,JALANDHAR(DEPUTY COMMISSIONER JALANDHAR_IDA)
111830,"CC ROAD DEVELOPMENT WORK FROM RAMU TOTHWAL KI DHANI TO BHANWARIYON KI DHANI, GRAM PANCHAYAT SINGOD KHURD, PANCHAYAT SAMITI GOVINDGARH",Normal/Others,Shri Ghanshyam Tiwari (2022-28),Sitting Rajya Sabha,Rajasthan,Rajya Sabha,988597.0,2025-01-10T00:00:00.000Z,True,,Jaipur Gramin(DISTRICT COLLECTOR Jaipur Gramin_IDA)
132951,"Construction of Anganwadi at Nediyenga Nellikunnu, Sreekandapuram Municipality, Kannur District",Normal/Others,Dr. John Brittas (2021-27),Sitting Rajya Sabha,Kerala,Rajya Sabha,1815360.0,2025-01-13T00:00:00.000Z,True,,KANNUR(DISTRICT COLLECTOR KANNUR_IDA)
138048,Construction of CC Road from H/O Sakim Khan to Bonhogla Sardar Para. (150 mtr),Normal/Others,Shri Abhishek Banerjee,DIAMOND HARBOUR,West Bengal,Lok Sabha,250000.0,2025-01-13T00:00:00.000Z,True,,South 24 Parganas(DISTRICT MAGISTRATE SOUTH TWENTY FOUR PARGANAS_IDA)
135720,Patna Sahib Vidhansabha antargat ward no-61 me Manoj kumar ke ghar se Surendra Kumar ke ghar tak P.C.C. Sadak nirman karya,Normal/Others,Dr. Faiyaz Ahmad (2022-28),Sitting Rajya Sabha,Bihar,Rajya Sabha,1376500.0,2025-01-13T00:00:00.000Z,True,,PATNA(DISTRICT PLANNING OFFICER PATNA_IDA)
134038,Construction of new submersible and a room at north side of shankar ji ka talab Mahuwar village,Normal/Others,SUDHAKAR SINGH,BUXAR,Bihar,Lok Sabha,991583.0,2025-01-13T00:00:00.000Z,False,,KAIMUR (BHABUA)(DISTRICT PLANNING OFFICER KAIMUR BHABUA_IDA)
23195,High Mast LED Light (9.5 mtrs MS Pole with 6 LED Light 150 W,Normal/Others,Shri B.L. Verma (2020-26),Sitting Rajya Sabha,Uttar Pradesh,Rajya Sabha,163273.0,2025-01-13T00:00:00.000Z,True,,BUDAUN(DISTRICT MAGISTRATE BUDAUN_IDA)
23194,High Mast LED Light (9.5 mtrs MS Pole with 6 LED Light 150 W,Normal/Others,Shri B.L. Verma (2020-26),Sitting Rajya Sabha,Uttar Pradesh,Rajya Sabha,163273.0,2025-01-13T00:00:00.000Z,True,,BUDAUN(DISTRICT MAGISTRATE BUDAUN_IDA)
23824,High Mast LED Light (9.5 mtrs MS Pole with 6 LED Light 150 W),Normal/Others,Shri B.L. Verma (2020-26),Sitting Rajya Sabha,Uttar Pradesh,Rajya Sabha,163273.0,2025-01-14T00:00:00.000Z,True,,BUDAUN(DISTRICT MAGISTRATE BUDAUN_IDA)
23352,High Mast LED Light (9.5 mtrs MS Pole with 6 LED Light 150 W),Normal/Others,Shri B.L. Verma (2020-26),Sitting Rajya Sabha,Uttar Pradesh,Rajya Sabha,163272.5,2025-01-14T00:00:00.000Z,True,,BUDAUN(DISTRICT MAGISTRATE BUDAUN_IDA)
23235,High Mast LED Light (9.5 mtrs MS Pole with 6 LED Light 150 W),Normal/Others,Shri B.L. Verma (2020-26),Sitting Rajya Sabha,Uttar Pradesh,Rajya Sabha,163273.0,2025-01-14T00:00:00.000Z,True,,BUDAUN(DISTRICT MAGISTRATE BUDAUN_IDA)
23278,High Mast LED Light (9.5 mtrs MS Pole with 6 LED Light 150 W),Normal/Others,Shri B.L. Verma (2020-26),Sitting Rajya Sabha,Uttar Pradesh,Rajya Sabha,163273.0,2025-01-14T00:00:00.000Z,True,,BUDAUN(DISTRICT MAGISTRATE BUDAUN_IDA)
23333,High Mast LED Light (9.5 mtrs MS Pole with 6 LED Light 150 W),Normal/Others,Shri B.L. Verma (2020-26),Sitting Rajya Sabha,Uttar Pradesh,Rajya Sabha,163272.5,2025-01-14T00:00:00.000Z,True,,BUDAUN(DISTRICT MAGISTRATE BUDAUN_IDA)
23866,High Mast LED Light (9.5 mtrs MS Pole with 6 LED Light 150 W),Normal/Others,Shri B.L. Verma (2020-26),Sitting Rajya Sabha,Uttar Pradesh,Rajya Sabha,163273.0,2025-01-14T00:00:00.000Z,True,,BUDAUN(DISTRICT MAGISTRATE BUDAUN_IDA)
23244,High Mast LED Light (9.5 mtrs MS Pole with 6 LED Light 150 W),Normal/Others,Shri B.L. Verma (2020-26),Sitting Rajya Sabha,Uttar Pradesh,Rajya Sabha,163273.0,2025-01-14T00:00:00.000Z,True,,BUDAUN(DISTRICT MAGISTRATE BUDAUN_IDA)
142141,High School Ganganiya,Normal/Others,Giridhari Yadav,BANKA,Bihar,Lok Sabha,1995127.0,2025-01-18T00:00:00.000Z,True,,BHAGALPUR(DISTRICT PLANNING OFFICER BHAGALPUR_IDA)
137933,"Formation and improvements to the road from Donekal Main road to Ramesh's house in Donekal village in Hesarghatta Panchayath limits, Yelahanka Taluk, Bangalore Urban District. Bangalore.",Normal/Others,Shri Narayanasa K. Bhandage (2024-30),Sitting Rajya Sabha,Karnataka,Rajya Sabha,499575.0,2025-01-18T00:00:00.000Z,False,,BENGALURU URBAN(DEPUTY COMMISSIONER BANGALORE URBAN_IDA)
138224,"Formation and improvements to the road from Jayaramaiah’s house to Kumar’s house in Hesarghatta Panchayath limits, Yelahanka Taluk, Bangalore Urban District, Bangalore",Normal/Others,Shri Narayanasa K. Bhandage (2024-30),Sitting Rajya Sabha,Karnataka,Rajya Sabha,499466.0,2025-01-18T00:00:00.000Z,False,,BENGALURU URBAN(DEPUTY COMMISSIONER BANGALORE URBAN_IDA)
15959,Construction work of deluxe toilet in the premises of Rashma Devi High School of Block Ramgarhwa. Estimated amount Rs.1450400.,Normal/Others,Shri Satish Chandra Dubey (2022-28),Sitting Rajya Sabha,Bihar,Rajya Sabha,1447498.0,2025-01-18T00:00:00.000Z,False,,PURBI CHAMPARAN(DISTRICT PLANNING OFFICER MOTHIHARI EAST CHAMPARAN_IDA)
133073,"Construction work of PCC Road From 3	Ashok rai Farm to vindo Singh Farm, Gram Hinduni , Panchayat Nohasa, Block Phulwari of Patna District",Normal/Others,Shri Shambhu Sharan Patel (2022-28),Sitting Rajya Sabha,Bihar,Rajya Sabha,1494080.0,2025-01-19T00:00:00.000Z,False,,PATNA(DISTRICT PLANNING OFFICER PATNA_IDA)
152389,PROVIDING OF STREET LIGHTS IN BATTUGUDEM VILLAGE,Normal/Others,CHAMALA KIRAN KUMAR REDDY,BHONGIR,Telangana,Lok Sabha,50000.0,2025-01-20T00:00:00.000Z,False,,YADADRI BHUVANAGIRI(DISTRICT COLLECTOR YADADRI BHUVANAGIRI_IDA)
152412,PROVIDING OF STREET LIGHTS IN RAHEEMKHANGUDA VILLAGE,Normal/Others,CHAMALA KIRAN KUMAR REDDY,BHONGIR,Telangana,Lok Sabha,24596.0,2025-01-20T00:00:00.000Z,False,,YADADRI BHUVANAGIRI(DISTRICT COLLECTOR YADADRI BHUVANAGIRI_IDA)
139521,"Construction of CC road from Kummari Arnapoorna House to Chalapathi House in Samudrampalli Village and GP of Palamaneru Mandal, Palamaneru Constituency.",Normal/Others,DAGGUMALLA PRASADA RAO,CHITTOOR,Andhra Pradesh,Lok Sabha,47627.0,2025-01-20T00:00:00.000Z,True,,CHITTOOR(DISTRICT COLLECTOR CHITTOOR_IDA)
143514,purchase of books for school library. sanction of five lacs for  each and every school,Normal/Others,ABHAY KUMAR SINHA,AURANGABAD,Bihar,Lok Sabha,499385.0,2025-01-20T00:00:00.000Z,True,,GAYA(DISTRICT PLANNING OFFICER GAYA_IDA)
137232,Installation of Solar High Mast Light at Kotrakhali Bazar  Under Chunakhali GP,Normal/Others,Pratima Mondal ,JOYNAGAR,West Bengal,Lok Sabha,194344.0,2025-01-21T00:00:00.000Z,True,,South 24 Parganas(DISTRICT MAGISTRATE SOUTH TWENTY FOUR PARGANAS_IDA)
141025,"Installation of High Mast Light at Bardabar Kisan Mandi , Electicity to be provided by Shyampur II Panchayat Samity",Normal/Others,Smt Sajda Ahmed,ULUBERIA,West Bengal,Lok Sabha,149712.0,2025-01-22T00:00:00.000Z,True,,HOWRAH(DISTRICT MAGISTRATE HOWRAH_IDA)
138448,Construction of C.C road from H/O Ayesh Pramanik towards Ghuna Naru's House. (69 mtr),Normal/Others,Shri Abhishek Banerjee,DIAMOND HARBOUR,West Bengal,Lok Sabha,235581.0,2025-01-29T00:00:00.000Z,True,,South 24 Parganas(DISTRICT MAGISTRATE SOUTH TWENTY FOUR PARGANAS_IDA)
139197,Providing Side Drainage in Ward No.9 at Arani Municipality,Normal/Others,THARANIVENTHAN M S,ARANI,Tamil Nadu,Lok Sabha,998988.0,2025-01-29T00:00:00.000Z,True,,TIRUVANNAMALAI(DISTRICT COLLECTOR TIRUVANNAMALAI_IDA)
146443,"Construction of community hall at Property no.669 of Hallur village,  Bagalkote taluk.",Normal/Others,Shri Narayanasa K. Bhandage (2024-30),Sitting Rajya Sabha,Karnataka,Rajya Sabha,499989.0,2025-01-29T00:00:00.000Z,True,,BAGALKOTE(DEPUTY COMMISSIONER BAGALKOT_IDA)
38363,"Providing Bituminous Macadam road at 3st & 4nd Cross Street in  Annai Velu Nagar,Karuvanur Village,Madurai (Dt).2023-24",Normal/Others,Shri R. Dharmar (2022-28),Sitting Rajya Sabha,Tamil Nadu,Rajya Sabha,995827.0,2025-01-30T00:00:00.000Z,False,,MADURAI(DISTRICT COLLECTOR MADURAI_IDA)
152464,PROVIDING OF STREET LIGHTS IN MUTHYALAPALLY VILLAGE,Normal/Others,CHAMALA KIRAN KUMAR REDDY,BHONGIR,Telangana,Lok Sabha,24596.0,2025-01-30T00:00:00.000Z,False,,YADADRI BHUVANAGIRI(DISTRICT COLLECTOR YADADRI BHUVANAGIRI_IDA)
146806,"Laying CC Road from D.No: 43-60 to D.No: 43-65 in Gandla Kothuru, 21st Division, Kukkalapalli of Chittoor Municipal Corporation.",Normal/Others,DAGGUMALLA PRASADA RAO,CHITTOOR,Andhra Pradesh,Lok Sabha,490556.0,2025-01-30T00:00:00.000Z,True,,CHITTOOR(DISTRICT COLLECTOR CHITTOOR_IDA)
139506,Installation of Water Motor of 7.5 hp,Normal/Others,Smt Harsimrat Kaur Badal,BHATINDA,Punjab,Lok Sabha,200000.0,2025-01-31T00:00:00.000Z,True,,BATHINDA(DEPUTY COMMISSIONER BHATINDA_IDA)
154655,Kuwarwa  Ta.Kankrej : Paver block work in Chora Near to Goga Maharaj Temple.(2024-25),Normal/Others,Shri Babubhai Jesangbhai Desai (2023-29),Sitting Rajya Sabha,Gujarat,Rajya Sabha,500000.0,2025-02-01T00:00:00.000Z,True,,BANAS KANTHA(DISTRICT COLLECTOR BANAS KANTHA_IDA)
142561,8.	HIGH MAST LIGHT WITH SIX LED RECOMMENDED IN MY CONSTITUENCY NAGINA BY IMPLEMNETING AGENCY PCCD BIJNORE (VILLAGE NARGADI ME PRIMARY SCHOOL CHOK  KE PASS HIGH MAST LIGHT),Normal/Others,CHANDRA SHEKHAR,NAGINA,Uttar Pradesh,Lok Sabha,189869.0,2025-02-03T00:00:00.000Z,True,,BIJNOR(DISTRICT MAGISTRATE BIJNOR_IDA)
151476,GRAM-PANCHAYAT PONCH ME C.C. ROAD NIRMARAN(MUKHYA MARG SE NALA KI ORE),Normal/Others,KAMLESH JANGDE,JANJGIR CHAMPA,Chhattisgarh,Lok Sabha,400000.0,2025-02-04T00:00:00.000Z,True,,JANJGIR-CHAMPA(DISTRICT COLLECTOR JANJGIR CHAMPA_IDA)
138489,"Purchase of IT systems. including hardware and software for educational purposes NEET/JE, Weekly Coaching Institute Ambikapur",Normal/Others,CHINTAMANI MAHARAJ,SARGUJA,Chhattisgarh,Lok Sabha,999500.0,2025-02-04T00:00:00.000Z,True,,SURGUJA(Collector Surguja_IDA)
157508,purchase of street lights,Normal/Others,Gumma Thanuja Rani,ARAKU,Andhra Pradesh,Lok Sabha,1394400.0,2025-02-04T00:00:00.000Z,True,,Alluri Sitharama Raju(DISTRICT COLLECTOR ALLURI SITHARAMARAJU_IDA)
142574,21.	HIGH MAST LIGHT WITH SIX LED RECOMMENDED IN MY CONSTITUENCY NAGINA BY IMPLEMNETING AGENCY PCCD BIJNORE (VILLAGE MUNGARPUR ME CHORAHE PAR HIGH MAST LIGHT),Normal/Others,CHANDRA SHEKHAR,NAGINA,Uttar Pradesh,Lok Sabha,189869.0,2025-02-05T00:00:00.000Z,True,,BIJNOR(DISTRICT MAGISTRATE BIJNOR_IDA)
149034,GRAM PANCHAYT SURAJPURA KHURD ME PANI KE TANKER KI KHAREED,Normal/Others,RAHUL SINGH LODHI,DAMOH,Madhya Pradesh,Lok Sabha,198723.0,2025-02-06T00:00:00.000Z,True,,CHHATARPUR(District Collector Chhatarpur_IDA)
171548,"Construction of Compound wall to existing community hall in Gangaputra wada, Kothapalle (V)",Normal/Others,Arvind Dharmapuri,NIZAMABAD,Telangana,Lok Sabha,347035.0,2025-02-07T00:00:00.000Z,False,,NIZAMABAD(DISTRICT COLLECTOR NIZAMABAD_IDA)
134644,CC Road- Ahead from the main road towards the canal.,Normal/Others,KAMLESH JANGDE,JANJGIR CHAMPA,Chhattisgarh,Lok Sabha,1000000.0,2025-02-12T00:00:00.000Z,True,,SAKTI(COLLECTOR SAKTI_IDA)
152301,Laying of internal C C Road from Somani Anjaiah (H) to G.Gopal Reddy (H)in Kammmeta Village of Chevella Mandal,Normal/Others,Shri Anil Kumar Yadav Mandadi (2024-30),Sitting Rajya Sabha,Telangana,Rajya Sabha,423729.0,2025-02-12T00:00:00.000Z,True,,RANGA REDDY(DISTRICT COLLECTOR RANGAREDDY_IDA)
138685,Flood control work at Anpum River at Bizari Village in Lower Dibang District,Normal/Others,Shri Tapir Gao,ARUNACHAL EAST,Arunachal Pradesh,Lok Sabha,1000000.0,2025-02-15T00:00:00.000Z,True,,LOWER DIBANG VALLEY(Deputy Commisioner Lower Dibang Valley_IDA)
143129,16 miter unchai wale L.E.D. (150*8) high mask light marnga bind toli me aek adad adhisthapit karne ki anusansha ki jati hai,Normal/Others,RAJESH RANJAN ALIAS PAPPU YADAV,PURNEA,Bihar,Lok Sabha,850000.0,2025-02-18T00:00:00.000Z,False,,PURNIA(DISTRICT PLANNING OFFICER PURNIA_IDA)
143093,16 miter unchai wale L.E.D. (150*8) high mask light maranga durga mandir ke bagal me aek adad adhisthapit karne ki anusansha ki jati hai,Normal/Others,RAJESH RANJAN ALIAS PAPPU YADAV,PURNEA,Bihar,Lok Sabha,850000.0,2025-02-18T00:00:00.000Z,False,,PURNIA(DISTRICT PLANNING OFFICER PURNIA_IDA)
134061,"Providing Bituminous macadam road at Main Road West Side in Sriram Nagar,Kovilpappakudi Village,Madurai District.",Normal/Others,Shri R. Dharmar (2022-28),Sitting Rajya Sabha,Tamil Nadu,Rajya Sabha,996093.0,2025-02-19T00:00:00.000Z,False,,MADURAI(DISTRICT COLLECTOR MADURAI_IDA)
155950,PROVIDING OF STREET LIGHTS IN NEMILA VILLAGE,Normal/Others,CHAMALA KIRAN KUMAR REDDY,BHONGIR,Telangana,Lok Sabha,100000.0,2025-02-19T00:00:00.000Z,False,,YADADRI BHUVANAGIRI(DISTRICT COLLECTOR YADADRI BHUVANAGIRI_IDA)
70323,"Providing Highmast light (12M 150W 6 Light/Ladder Type) @ West Colony, Nadu street , Meladanur Panchayat",Normal/Others,Shri R. Girirajan (2022-28),Sitting Rajya Sabha,Tamil Nadu,Rajya Sabha,449714.0,2025-02-20T00:00:00.000Z,True,,CUDDALORE(DISTRICT COLLECTOR CUDDALORE_IDA)
134060,"Providing Bituminous macadam road at Abdulkalam Street South Side in Thinamani Nagar,Kovilpappakudi Village,Madurai District.",Normal/Others,Shri R. Dharmar (2022-28),Sitting Rajya Sabha,Tamil Nadu,Rajya Sabha,995312.0,2025-02-20T00:00:00.000Z,False,,MADURAI(DISTRICT COLLECTOR MADURAI_IDA)
133845,"Road Development Work from Rangappa's Thota to Ganganna's Thota,  Jadiya village, Soravanahalli Gram Panchayat, Turuvekere Taluk, Tumakuru District.",Normal/Others,Shri Jaggesh (2022-28),Sitting Rajya Sabha,Karnataka,Rajya Sabha,495992.0,2025-02-22T00:00:00.000Z,False,,TUMAKURU(DEPUTY COMMISSIONER TUMKUR_IDA)
133833,"Road Development Work at Anadagu village, Mayasandra Gram Panchayat, Turuvekere Taluk, Tumakuru District.",Normal/Others,Shri Jaggesh (2022-28),Sitting Rajya Sabha,Karnataka,Rajya Sabha,496463.0,2025-02-22T00:00:00.000Z,False,,TUMAKURU(DEPUTY COMMISSIONER TUMKUR_IDA)
134051,"Providing Bituminous macadam road at Annai Therasa Street West Side in Kovilpappakudi Village,Madurai District.",Normal/Others,Shri R. Dharmar (2022-28),Sitting Rajya Sabha,Tamil Nadu,Rajya Sabha,995811.0,2025-02-23T00:00:00.000Z,False,,MADURAI(DISTRICT COLLECTOR MADURAI_IDA)
151556,Hatim Manzil to the house of Shri Arvind Kumar Singh  in house No-L-1/6 Ward No. 21 Shri Krishnapuri under Bankipur Assembly.,Normal/Others,Shri Shambhu Sharan Patel (2022-28),Sitting Rajya Sabha,Bihar,Rajya Sabha,1461722.0,2025-02-24T00:00:00.000Z,True,,PATNA(DISTRICT PLANNING OFFICER PATNA_IDA)
137446,Providing Cement Concrete Pavement near Velalar Street in Kilkodungalore Panchayat,Normal/Others,THARANIVENTHAN M S,ARANI,Tamil Nadu,Lok Sabha,499950.0,2025-02-26T00:00:00.000Z,True,,TIRUVANNAMALAI(DISTRICT COLLECTOR TIRUVANNAMALAI_IDA)
146928,CONSTRUCTION OF PCC ROAD FROM THE HOUSE OF WAKIL SAHAB TO THE HOUSE OF DR. ARVIND JEE,Normal/Others,Shri Khiru Mahto (2022-28),Sitting Rajya Sabha,Bihar,Rajya Sabha,1454459.0,2025-02-27T00:00:00.000Z,True,,PATNA(DISTRICT PLANNING OFFICER PATNA_IDA)
144416,CONSTRUCTION OF CC ROAD AND DRAIN FROM ANGANWARI TOWARDS BHAGU’S HOUSE IN THE VILLAGE OF PRANPUR KA MAJRA BLOCK SAIDNAGAR (I.A. RED Rampur),Normal/Others,MOHIBBULLAH,RAMPUR,Uttar Pradesh,Lok Sabha,630819.0,2025-02-28T00:00:00.000Z,False,,RAMPUR(DISTRICT MAGISTRATE RAMPUR_IDA)
149938,Providing of LED Street Lights in Ayyavariguda (V),Normal/Others,CHAMALA KIRAN KUMAR REDDY,BHONGIR,Telangana,Lok Sabha,99906.0,2025-02-28T00:00:00.000Z,True,,RANGA REDDY(DISTRICT COLLECTOR RANGAREDDY_IDA)
137298,"Installing a big hand pump (india mark II)  at a public place near the house of Dhananjay Kumar S/o Dr. Chalittar Rai in Village Bharosi Tola , Ward No. 1 of Bahadurpur Panchayat.",Normal/Others,Dr. Bhim Singh (2024-30),Sitting Rajya Sabha,Bihar,Rajya Sabha,81843.0,2025-03-01T00:00:00.000Z,True,,PATNA(DISTRICT PLANNING OFFICER PATNA_IDA)
134081,"Providing Bituminous macadam road at Pattalamman Kovil road North Side in Solampatti, K.Vellakulam Village, Madurai District. ( Sc Area )",Normal/Others,Shri R. Dharmar (2022-28),Sitting Rajya Sabha,Tamil Nadu,Rajya Sabha,996050.0,2025-03-02T00:00:00.000Z,False,,MADURAI(DISTRICT COLLECTOR MADURAI_IDA)
144000,Installation 2 no of highmast street light under UCHKARAN GP. Executing Agency will be EO NANOOR PANCHAYAT SAMITY.,Normal/Others,Asit Kumar Mal ,BOLPUR,West Bengal,Lok Sabha,578914.0,2025-03-03T00:00:00.000Z,True,,BIRBHUM(DISTRICT MAGISTRATE BIRBHUM_IDA)
139546,"Construction of CC ROAD FROM FARING HOUSE TO CHARKALGRAM HIGH SCHOOL AT KHALA.EXECUTING AGENCY WILL BE ,EO NANOOR PANCHAYAT SAMITI.",Normal/Others,Asit Kumar Mal ,BOLPUR,West Bengal,Lok Sabha,5023131.0,2025-03-03T00:00:00.000Z,True,,BIRBHUM(DISTRICT MAGISTRATE BIRBHUM_IDA)
146675,"Construction of 2 rooms in Govt. Higher Secondary School at Mishron ki Dhani, Gram Jaun, Gram Panchayat Dharanwas, P.S.  Nangal Rajawatan, Dist. Dausa",Normal/Others,Shri Mukul Wasnik (2022-28),Sitting Rajya Sabha,Rajasthan,Rajya Sabha,998745.0,2025-03-03T00:00:00.000Z,False,,DAUSA(DISTRICT COLLECTOR DAUSA_IDA)
136964,"4.	High School, Rampur Dih,  Block Hanuman Nagar, Darbhanga. 1 Set Estimated Amount 10,00,000/- (Ten Lakh Only)
S.NO	NAME	QTY	                            DISCRIPTIONS

1.	Twister Sitting & Standing	01	Main post- 114mm dia Galvanised pipe of 4mm thick, Paint- Epoxy coating of at least 100mm micron,
Bearing - self lubricant for maintenance free usage
2.	Rower	01	Main post- 114mm dia Galvanised pipe of 4mm thick, Paint- Epoxy coating of at least 100mm micron,
Bearing - self lubricant for maintenanc",Normal/Others,Shri Shambhu Sharan Patel (2022-28),Sitting Rajya Sabha,Bihar,Rajya Sabha,983000.0,2025-03-05T00:00:00.000Z,False,,DARBHANGA(DISTRICT PLANNING OFFICER DARBANGA_IDA)
136966,"5.	Secondary High School , Taralahi,  Block Hanuman Nagar, Darbhanga.1 set Estimated Amount 10,00,000/- (Ten Lakh Only)
S.NO	NAME	QTY	                            DISCRIPTIONS

1.	Twister Sitting & Standing	01	Main post- 114mm dia Galvanised pipe of 4mm thick, Paint- Epoxy coating of at least 100mm micron,
Bearing - self lubricant for maintenance free usage
2.	Rower	01	Main post- 114mm dia Galvanised pipe of 4mm thick, Paint- Epoxy coating of at least 100mm micron,
Bearing - self lubricant for ma",Normal/Others,Shri Shambhu Sharan Patel (2022-28),Sitting Rajya Sabha,Bihar,Rajya Sabha,983000.0,2025-03-05T00:00:00.000Z,False,,DARBHANGA(DISTRICT PLANNING OFFICER DARBANGA_IDA)
136972,"3.	Adarsh  High School,  Block Atihar Sadar, Darbhanga.1 Set, Estimated Amount 10,00,000/- (Ten Lakh Only)
S.NO	NAME	QTY	                            DISCRIPTIONS

1.	Twister Sitting & Standing	01	Main post- 114mm dia Galvanised pipe of 4mm thick, Paint- Epoxy coating of at least 100mm micron,
Bearing - self lubricant for maintenance free usage
2.	Rower	01	Main post- 114mm dia Galvanised pipe of 4mm thick, Paint- Epoxy coating of at least 100mm micron,
Bearing - self lubricant for maintenance fre",Normal/Others,Shri Shambhu Sharan Patel (2022-28),Sitting Rajya Sabha,Bihar,Rajya Sabha,983000.0,2025-03-05T00:00:00.000Z,False,,DARBHANGA(DISTRICT PLANNING OFFICER DARBANGA_IDA)
149817,Providing of LED Street Lights in  turkaguda (V),Normal/Others,CHAMALA KIRAN KUMAR REDDY,BHONGIR,Telangana,Lok Sabha,99906.0,2025-03-05T00:00:00.000Z,True,,RANGA REDDY(DISTRICT COLLECTOR RANGAREDDY_IDA)
149811,Providing of LED Street Lights in Naganpalle (V),Normal/Others,CHAMALA KIRAN KUMAR REDDY,BHONGIR,Telangana,Lok Sabha,99906.0,2025-03-05T00:00:00.000Z,True,,RANGA REDDY(DISTRICT COLLECTOR RANGAREDDY_IDA)
141440,"Sinking of tubewell at Kashinagar near Tapas Santra house.Dag No-220,JL No-9",Normal/Others,BAPI HALDAR,MATHURAPUR,West Bengal,Lok Sabha,218265.0,2025-03-06T00:00:00.000Z,False,,South 24 Parganas(DISTRICT MAGISTRATE SOUTH TWENTY FOUR PARGANAS_IDA)
150578,Laying of CC Road from Yellaboina Mallesh(H) to Daravath Charan(H) at Ambedkar Colony in ward no.12 in Mahabubabad Municipality,Normal/Others,Shri Ravi Chandra Vaddiraju (2024-30),Sitting Rajya Sabha,Telangana,Rajya Sabha,497696.0,2025-03-07T00:00:00.000Z,True,,MAHABUBABAD(DISTRICT COLLECTOR MAHABUBABAD_IDA)
160438,ratlam road sonu restrorent chouraha,Normal/Others,SAVITRI THAKUR,DHAR,Madhya Pradesh,Lok Sabha,259942.0,2025-03-10T00:00:00.000Z,True,,DHAR(DISTRICT COLLECTOR DHAR_IDA)
142896,"Installation of high mask solar light in the Government boys Hostel, Balajhar",Normal/Others,Smt. Ranjeet Ranjan (2022-28),Sitting Rajya Sabha,Chhattisgarh,Rajya Sabha,496458.0,2025-03-10T00:00:00.000Z,True,,JASHPUR(DISTRICT COLLECTOR JASHPUR_IDA)
148888,"INSTALLATION OF HIGHMAST STREET LIGHT AT DHARMATA BUS STAND, EXECUTING AGENCY WILL BE E.O.BOLPUR SRINIKETAN PANCHAYAT SAMITY.",Normal/Others,Asit Kumar Mal ,BOLPUR,West Bengal,Lok Sabha,289543.0,2025-03-10T00:00:00.000Z,True,,BIRBHUM(DISTRICT MAGISTRATE BIRBHUM_IDA)
138771,PCC ROAD- DIGHA VIDHAN SABHA WARD NO 5 SEIKHPURA ME VINAY VERMA (GAURI KUNJ) SE SAI NATH MILL TAK ROAD NIRMAN,Normal/Others,Dr. Dharmshila Gupta (2024-30),Sitting Rajya Sabha,Bihar,Rajya Sabha,1468500.0,2025-03-10T00:00:00.000Z,True,,PATNA(DISTRICT PLANNING OFFICER PATNA_IDA)
158577,GRAM PANCHYAT TIHPATARA ME RAMDAS KE GHAR SE SHAMSHANGHAT KI OR C.C. ROAD NIRMAN,Normal/Others,CHINTAMANI MAHARAJ,SARGUJA,Chhattisgarh,Lok Sabha,499890.0,2025-03-11T00:00:00.000Z,True,,SURGUJA(Collector Surguja_IDA)
163102,"Providing 72W LED Street Lights  30 Nos and 50W LED Street Lights  70 Nos in Nimmada Grama Panchayat Limits, Kotabommali mandal",Normal/Others,Kinjarapu Ram Mohan Naidu,SRIKAKULAM,Andhra Pradesh,Lok Sabha,540500.0,2025-03-12T00:00:00.000Z,True,,SRIKAKULAM(District Collector Srikakulam_IDA)
140157,"Pl see my letter no 7895 dated 27-8-2024 me prastavit high mast light install in block Bichpuri as par sr no
14,16,17,18,19,20,24,27,28,29",Normal/Others,Rajkumar Chahar ,FATEHPUR SIKRI,Uttar Pradesh,Lok Sabha,2489037.0,2025-03-12T00:00:00.000Z,True,,AGRA(DISTRICT MAGISTRAE AGRA_IDA)
137542,"1- In Village Toola Near Hemu Sharma House
2- Garhi Thakur Das Near Ramu Dhakare House
3 Nagala Patam Near Yogesh House
4- Kaulari Near Daya Shankar House
5- In Tondara Near Nagendra House
6- In Chitora Near Vijay Pal Pradhan House
7- Dharmpal Gadhi Near Surendra House
As Old Recomandation no 7896 Sr no is 27,33,35,39,40,41,42",Normal/Others,Rajkumar Chahar ,FATEHPUR SIKRI,Uttar Pradesh,Lok Sabha,1744271.0,2025-03-12T00:00:00.000Z,True,,AGRA(DISTRICT MAGISTRAE AGRA_IDA)
140153,"Pl see my letter no 7895 dated 27-8-2024 me prastavit high mast light install in block Barauli Ahir as par sr no
36,37,38,39,40,41,42,53,54,55",Normal/Others,Rajkumar Chahar ,FATEHPUR SIKRI,Uttar Pradesh,Lok Sabha,2488890.0,2025-03-12T00:00:00.000Z,True,,AGRA(DISTRICT MAGISTRAE AGRA_IDA)
165590,Construction of Kuhal Dibri Nala. Gp Ghang Ward no2,Normal/Others,RAJEEV BHARDWAJ,KANGRA,Himachal Pradesh,Lok Sabha,300000.0,2025-03-13T00:00:00.000Z,False,,KANGRA(DEPUTY COMMISSIONER KANGRA_IDA)
139194,Providing Cement Concrete Pavement at Madha Koil Street at Nagathur Panchayat,Normal/Others,THARANIVENTHAN M S,ARANI,Tamil Nadu,Lok Sabha,999231.0,2025-03-13T00:00:00.000Z,False,,Viluppuram(DISTRICT COLLECTOR VILLUPURAM_IDA)
181799,PATTLUR PANCHAYAT - PROVIDING CC ROAD FROM BOMMANPATTI TO PERUMAL KOVIL -ERODE DISTRICT,Normal/Others,K Subbarayan,TIRUPPUR,Tamil Nadu,Lok Sabha,2014990.0,2025-03-14T00:00:00.000Z,True,,ERODE(DISTRICT_COLLECTORE_ERODE_IDA)
138687,Development of land near Bitin Patuk Community Hall at Lower Dalbing in Upper Siang District,Normal/Others,Shri Tapir Gao,ARUNACHAL EAST,Arunachal Pradesh,Lok Sabha,2000000.0,2025-03-17T00:00:00.000Z,True,,"UPPER SIANG(DISTRICT PLANNING OFFICER,YINGKIONG)"
144947,"Installation of Chilled Drinking water mechine, Rampurhat Jitendralal Vidya bhaban, P.O & P.S - Rampurhat",Normal/Others,Smt Satabdi Roy (Banerjee),BIRBHUM,West Bengal,Lok Sabha,249900.0,2025-03-18T00:00:00.000Z,True,,BIRBHUM(DISTRICT MAGISTRATE BIRBHUM_IDA)
141557,"Construction of CC Road from Thimmasanipalle HW to Burial Ground, Anupalle Panchayath, Chittoor Mandal",Normal/Others,DAGGUMALLA PRASADA RAO,CHITTOOR,Andhra Pradesh,Lok Sabha,496996.0,2025-03-19T00:00:00.000Z,True,,CHITTOOR(DISTRICT COLLECTOR CHITTOOR_IDA)
150604,Laying of interlock tiles in Govt HIGH school Mander,Normal/Others,SARABJEET SINGH KHALSA,FARIDKOT,Punjab,Lok Sabha,200000.0,2025-03-19T00:00:00.000Z,True,,MOGA(Deputy Commissioner Moga)
148238,"Construction Of C/ Path from Thar Road behind Indian Oil Petrol Pump (Raju Filling Station ) to house of Sh. Manish Gupta Thanda Padder Udhampur, Ward no. 21, Udhampur.",Normal/Others,Jitendra Singh,UDHAMPUR,Jammu And Kashmir,Lok Sabha,179400.0,2025-03-20T00:00:00.000Z,False,,UDHAMPUR(Deputy Commissioner Udhampur_IDA)
136857,developement of interlocking and drainage system from kishanpal house to jagdish yadav plot length 400 meter by 4 meter,Normal/Others,AKSHAYA YADAV,FIROZABAD,Uttar Pradesh,Lok Sabha,3148552.0,2025-03-20T00:00:00.000Z,True,,FIROZABAD(DISTRICT MAGISTRATE FIROZABAD_IDA)
136148,developement work of interlocking road from parikrama marg to shrikumarpal house around 70 meters by 4 meters,Normal/Others,AKSHAYA YADAV,FIROZABAD,Uttar Pradesh,Lok Sabha,783782.0,2025-03-20T00:00:00.000Z,True,,FIROZABAD(DISTRICT MAGISTRATE FIROZABAD_IDA)
142628,73.	HIGH MAST LIGHT WITH SIX LED RECOMMENDED IN MY CONSTITUENCY NAGINA BY IMPLEMNETING AGENCY PCCD BIJNORE (VILLAGE MUNGADPUR ME BIJENDRA SINGH KE GHAR KE PASS  HIGH MAST LIGHT),Normal/Others,CHANDRA SHEKHAR,NAGINA,Uttar Pradesh,Lok Sabha,189869.0,2025-03-20T00:00:00.000Z,True,,BIJNOR(DISTRICT MAGISTRATE BIJNOR_IDA)
142612,57.	HIGH MAST LIGHT WITH SIX LED RECOMMENDED IN MY CONSTITUENCY NAGINA BY IMPLEMNETING AGENCY PCCD BIJNORE (VILLAGE TAHARPUR (BIRUWALA)  TAHARPUR GURUDWARA KE FRONT SIDE ME PASS  HIGH MAST LIGHT),Normal/Others,CHANDRA SHEKHAR,NAGINA,Uttar Pradesh,Lok Sabha,189869.0,2025-03-20T00:00:00.000Z,True,,BIJNOR(DISTRICT MAGISTRATE BIJNOR_IDA)
142596,40.	HIGH MAST LIGHT WITH SIX LED RECOMMENDED IN MY CONSTITUENCY NAGINA BY IMPLEMNETING AGENCY PCCD BIJNORE (VILLAGE MATORAMAN ME RAVIDASH DHARMSHALA KE PASS HIGH MAST LIGHT),Normal/Others,CHANDRA SHEKHAR,NAGINA,Uttar Pradesh,Lok Sabha,189869.0,2025-03-20T00:00:00.000Z,True,,BIJNOR(DISTRICT MAGISTRATE BIJNOR_IDA)
169653,kevti prakhand antargat chhotki ladha karpoori chowk ke nikat sarvajanik sthal par mini high mast electric light ka adhisthapan karya,Normal/Others,Ashok Kumar Yadav ,MADHUBANI,Bihar,Lok Sabha,495000.0,2025-03-21T00:00:00.000Z,False,,DARBHANGA(DISTRICT PLANNING OFFICER DARBANGA_IDA)
148419,Providing of led street lights in Theratpally village,Normal/Others,CHAMALA KIRAN KUMAR REDDY,BHONGIR,Telangana,Lok Sabha,99906.0,2025-03-22T00:00:00.000Z,True,,NALGONDA(DISTRICT COLLECTOR NALGONDA)
149946,Providing of LED Street Lights in Velmakanne (V),Normal/Others,CHAMALA KIRAN KUMAR REDDY,BHONGIR,Telangana,Lok Sabha,99906.0,2025-03-22T00:00:00.000Z,True,,NALGONDA(DISTRICT COLLECTOR NALGONDA)
145189,"Interlock road from house of Maduram till the house of Ramchandra.
Working agency gram panchayat meghpur Pathdoli.",Normal/Others,BRIJENDRA SINGH OLA,JHUNJHUNU,Rajasthan,Lok Sabha,399963.0,2025-03-25T00:00:00.000Z,True,,JHUNJHUNU(DISTRICT COLLECTOR JHUNJHUNU_IDA)
151366,Providing High mass Light at ward No.17 near in Syntax tank  Velur TP (12 mts Ladder - 200 Watts - 6 nos),Normal/Others,V S Matheswaran,NAMAKKAL,Tamil Nadu,Lok Sabha,350000.0,2025-03-25T00:00:00.000Z,True,,NAMAKKAL(DISTRICT COLLECTOR NAMAKKAL_IDA)
148980,Construction  of Community halls at Village Gunachaur,Normal/Others,MALVINDER SINGH KANG,ANANDPUR SAHIB,Punjab,Lok Sabha,500000.0,2025-03-25T00:00:00.000Z,False,,Shahid Bhagat Singh Nagar(Deputy Commissioner Shahid Bhagat Singh Nagar_ida)
145150,"Installation of integrated solar high mast light @ 01 no. near Majnaberia Grambari, JL No. 27 Mouja Majnaberia under Jalpai GP, Block Chandipur.",Normal/Others,Smt. Mamata Thakur (2024-30),Sitting Rajya Sabha,West Bengal,Rajya Sabha,378810.0,2025-03-25T00:00:00.000Z,True,,Purba Medinipur(DISTRICT MAGISTRATE PURBA MEDINIPUR_IDA)
140245,"Under the Member of Parliament Local Area Development Scheme, the boundary wall cum PCC of the District Planning Office located in the District Collectorate premises is being constructed from my MP Fund. An amount of up to ten lakh fifty thousand rupees is recommended for the construction work.",Normal/Others,Alok Kumar Suman,GOPALGANJ,Bihar,Lok Sabha,1032374.0,2025-03-25T00:00:00.000Z,True,,GOPALGANJ(DISTRICT PLANNING OFFICER GOPALGANJ_IDA)
138572,"Construction of 30000 ltr OHT at Aathiyur Kalaivani garden H/o. Veliampathi, Uthukuli Block",Normal/Others,K Subbarayan,TIRUPPUR,Tamil Nadu,Lok Sabha,998871.0,2025-03-26T00:00:00.000Z,True,,TIRUPPUR(DISTRICT COLLECTOR TIRUPPUR_IDA)
147845,"Purchase of immovable sports equipment 
 (Corrigendum)",Normal/Others,Shri Harsh Mahajan (2024-30),Sitting Rajya Sabha,Himachal Pradesh,Rajya Sabha,100000.0,2025-03-27T00:00:00.000Z,True,,MANDI(DEPUTY COMMISSIONER MANDI_IDA)
174272,Providing of sitting benches for senior citizens.,Normal/Others,Shri Imran Pratapgarhi (2022-28),Sitting Rajya Sabha,Maharashtra,Rajya Sabha,89423.0,2025-03-27T00:00:00.000Z,True,,YAVATMAL(DISTRICT COLLECTOR YAVATMAL_IDA)
169681,kevti prakhand antargat barahi brahamsthan ke nikat sarvajanik sthal par mini high mast electric light ka adhisthapan karya,Normal/Others,Ashok Kumar Yadav ,MADHUBANI,Bihar,Lok Sabha,495000.0,2025-03-28T00:00:00.000Z,False,,DARBHANGA(DISTRICT PLANNING OFFICER DARBANGA_IDA)
171797,Constructrion of CC road from Main CC road (on manoharabad to padkal road) JMKPM FPO,Normal/Others,Arvind Dharmapuri,NIZAMABAD,Telangana,Lok Sabha,494999.0,2025-03-28T00:00:00.000Z,False,,NIZAMABAD(DISTRICT COLLECTOR NIZAMABAD_IDA)
152222,Providing CC Road from Subbarayu du House to Venkatesh Nayudu House in Peddakara mpalli GP of Rajampeta Mandal,Normal/Others,Shri Meda Raghunadha Reddy (2024-30),Sitting Rajya Sabha,Andhra Pradesh,Rajya Sabha,499996.0,2025-03-29T00:00:00.000Z,True,,Annamayya(DISTRICT COLLECTOR ANNAMAYYA_IDA)
150301,"Providing 5 KV Solar power system at Govt B.C Boys College Hostel, Malakpet (Amberpet)",Normal/Others,Shri Anil Kumar Yadav Mandadi (2024-30),Sitting Rajya Sabha,Telangana,Rajya Sabha,990000.0,2025-03-29T00:00:00.000Z,False,,HYDERABAD(DISTRICT COLLECTOR HYDERABAD_IDA)
151527,Open Gym,Normal/Others,VIJAYLAKSHMI DEVI,SIWAN,Bihar,Lok Sabha,992500.0,2025-04-02T00:00:00.000Z,True,,SIWAN(DISTRICT PLANNING OFFICER SIWAN_IDA)
125561,"Construction of 16 Rooms at Yamuna Hostel First Floor, Veterinary college hospital and Research centre, Namakkal",Normal/Others,Shri K.R.N. Rajeshkumar (2022-28),Sitting Rajya Sabha,Tamil Nadu,Rajya Sabha,7250216.0,2025-04-02T00:00:00.000Z,True,,NAMAKKAL(DISTRICT COLLECTOR NAMAKKAL_IDA)
162637,Const. of Rabha Kristi Bhawan at Uttar Nalbari Rabha Gaon,Normal/Others,Pradan Baruah,LAKHIMPUR,Assam,Lok Sabha,999841.0,2025-04-03T00:00:00.000Z,True,,DHEMAJI(DEPUTY COMMISSIONER DHEMAJI_IDA)
174947,Purchase and fixing of one loader  on tractor and one Hydraulic Trolley for sanitation purposes (tractor already purchased under MPLADS),Normal/Others,Shri  Dharambir Singh,BHIWANI MAHENDRAGARH,Haryana,Lok Sabha,450000.0,2025-04-03T00:00:00.000Z,False,,BHIWANI(DC Cum Nodal Officer MPLADS Bhiwani)
153019,PROVIDING OF STREET LIGHTS IN GUDIWADA VILLAGE,Normal/Others,CHAMALA KIRAN KUMAR REDDY,BHONGIR,Telangana,Lok Sabha,200000.0,2025-04-03T00:00:00.000Z,False,,NALGONDA(DISTRICT COLLECTOR NALGONDA)
153010,PROVIDING OF STREET LIGHTS IN MUTHYALAMMAGUDEM VILLAGE,Normal/Others,CHAMALA KIRAN KUMAR REDDY,BHONGIR,Telangana,Lok Sabha,200000.0,2025-04-03T00:00:00.000Z,False,,NALGONDA(DISTRICT COLLECTOR NALGONDA)
140136,"Construction of public open community hall in Ruvaldada Shiv chowk in village Govaliya, Gram panchayat Tilora",Normal/Others,Bhagirath Chaudhary,AJMER,Rajasthan,Lok Sabha,490801.0,2025-04-03T00:00:00.000Z,True,,AJMER(DISTRICT COLLECTOR AJMER_IDA)
153034,PROVIDING OF STREET LIGHTS IN KASANAGODE VILLAGE,Normal/Others,CHAMALA KIRAN KUMAR REDDY,BHONGIR,Telangana,Lok Sabha,149779.0,2025-04-03T00:00:00.000Z,False,,NALGONDA(DISTRICT COLLECTOR NALGONDA)
140289,Construction of Sanitation facilities,Normal/Others,S SUPONGMEREN JAMIR,NAGALAND,Nagaland,Lok Sabha,4500000.0,2025-04-03T00:00:00.000Z,True,,DIMAPUR(DEPUTY COMMISSIONER DIMAPUR_IDA)
154959,Construction of street with paver block from Govt. School to bus stop,Normal/Others,NAVEEN JINDAL,KURUKSHETRA,Haryana,Lok Sabha,174105.0,2025-04-04T00:00:00.000Z,True,,KURUKSHETRA(DEPUTY COMMISSIONER KURUKSHETRA_IDA)
161903,Providing of street lights in S Lingotam Village,Normal/Others,CHAMALA KIRAN KUMAR REDDY,BHONGIR,Telangana,Lok Sabha,200000.0,2025-04-04T00:00:00.000Z,True,,NALGONDA(DISTRICT COLLECTOR NALGONDA)
143482,purchase of books for school library. sanction of five lacs of each school,Normal/Others,ABHAY KUMAR SINHA,AURANGABAD,Bihar,Lok Sabha,498748.0,2025-04-04T00:00:00.000Z,True,,GAYA(DISTRICT PLANNING OFFICER GAYA_IDA)
170748,Installation of RO System at GPS Megha rai Uttar,Normal/Others,SHER SINGH GHUBAYA,FIROZPUR,Punjab,Lok Sabha,232979.0,2025-04-04T00:00:00.000Z,False,,FEROZEPUR(DEPUTY COMMISSIONER FIROZEPUR_IDA)
45804,"Boring , Construction of Platform , Installation of Water Tank , Submersible Pump etc in WARD No. – 46 Power House Talaab Pind Basti Chutia",Normal/Others,Smt. Mahua Maji (2022-28),Sitting Rajya Sabha,Jharkhand,Rajya Sabha,460800.0,2025-04-05T00:00:00.000Z,False,,RANCHI(DEPUTY COMMISSIONER RANCHI_IDA)
115564,Construction of PCC from the main road to the house of suresh khalkho in Kathal toli konka mauza street No.-1 under ranchi urban area,Normal/Others,Smt. Mahua Maji (2022-28),Sitting Rajya Sabha,Jharkhand,Rajya Sabha,480000.0,2025-04-05T00:00:00.000Z,False,,RANCHI(DEPUTY COMMISSIONER RANCHI_IDA)
1791,"Construction of bathing ghat in charkapakhan pond in mahuwadhipa, kuchu village under Ormanjhi block",Normal/Others,Shri Aditya Prasad (2022-28),Sitting Rajya Sabha,Jharkhand,Rajya Sabha,500000.0,2025-04-05T00:00:00.000Z,False,,RANCHI(DEPUTY COMMISSIONER RANCHI_IDA)
115567,Construction work of toilet and drinking water facility near roman Catholic Cemetery near Kanta Toli under ranchi urban area,Normal/Others,Smt. Mahua Maji (2022-28),Sitting Rajya Sabha,Jharkhand,Rajya Sabha,850000.0,2025-04-05T00:00:00.000Z,False,,RANCHI(DEPUTY COMMISSIONER RANCHI_IDA)
45795,"Boring , Construction of Platform , Installation of Water Tank , Submersible Pump etc in WARD No. – 29 Neem Chowk Gali , Jai Prakash Nagar Near Tawa Yadav House",Normal/Others,Smt. Mahua Maji (2022-28),Sitting Rajya Sabha,Jharkhand,Rajya Sabha,460800.0,2025-04-05T00:00:00.000Z,False,,RANCHI(DEPUTY COMMISSIONER RANCHI_IDA)
3144,"Boring , Construction Of Platform, Installation Of Water Tank ,Submersible Pump etc in Ward No.23 Lah Factory Road Near Anam Tent House, Ranchi",Normal/Others,Smt. Mahua Maji (2022-28),Sitting Rajya Sabha,Jharkhand,Rajya Sabha,460800.0,2025-04-05T00:00:00.000Z,False,,RANCHI(DEPUTY COMMISSIONER RANCHI_IDA)
1777,Construction of PCC road from Pramod Kumar’s house towards Shivlal Mahto’s house at Bedwari Jhatni Tungri under Angada Block.,Normal/Others,Shri Aditya Prasad (2022-28),Sitting Rajya Sabha,Jharkhand,Rajya Sabha,300000.0,2025-04-05T00:00:00.000Z,False,,RANCHI(DEPUTY COMMISSIONER RANCHI_IDA)
157881,Installation of Street lights at Shaheed Parminder Singh Nagar,Normal/Others,SARABJEET SINGH KHALSA,FARIDKOT,Punjab,Lok Sabha,200000.0,2025-04-07T00:00:00.000Z,False,,FARIDKOT(DEPUTY COMMISSIONER FARIDKOT_IDA)
136136,"Providing Bituminous Macadam Road From Canteen to Main Building in Agricultural College and Research Institute, Madurai.",Normal/Others,Shri R. Girirajan (2022-28),Sitting Rajya Sabha,Tamil Nadu,Rajya Sabha,996644.0,2025-04-09T00:00:00.000Z,False,,MADURAI(DISTRICT COLLECTOR MADURAI_IDA)
137330,"The following facility work regarding placing electricity pole near the field in front of the P.S., fixing till commissioning 11.00 M.T.R.G.I. Tuber Light Poles with 150 Volt 6 Flooded LEDs Lights Attachment and Leader with 1 Year Maintenance Work Nos.1, at Navi pardi village Near primary school Taluka Kamrej, District Surat",Normal/Others,Prabhubhai Nagarbhai Vasava,BARDOLI,Gujarat,Lok Sabha,191980.0,2025-04-09T00:00:00.000Z,True,,SURAT(DISTRICT COLLECTOR SURAT_IDA)
156464,Thakurganj Nagar Panchayat  ke ward no 12 Halka Kachari ke Samne (12M) High Mast Light,Normal/Others,Dr Mohammad Jawed,KISHANGANJ,Bihar,Lok Sabha,649100.0,2025-04-10T00:00:00.000Z,True,,KISHANGANJ(DISTRICT PLANNING OFFICER KISHANGANJ_IDA)
156470,Kochadhaman Parkhand Antargart Bualdah Panchayat ke Panchayat Bhawan ke Samne (12M) High Mast Light,Normal/Others,Dr Mohammad Jawed,KISHANGANJ,Bihar,Lok Sabha,649100.0,2025-04-10T00:00:00.000Z,True,,KISHANGANJ(DISTRICT PLANNING OFFICER KISHANGANJ_IDA)
152312,Construction Of CC road From Sanjeev Jain House to Sri Vithal Raut House,Normal/Others,BUNTY VIVEK SAHU,CHHINDWARA,Madhya Pradesh,Lok Sabha,300000.0,2025-04-10T00:00:00.000Z,True,,CHHINDWARA(DISTRICT COLLECTOR CHHINDWARA_IDA)
155939,Kishanganj Nagar Parisadh Chhetr Antargart Ward No 31 Hawai Adda ke Bartania Patti Chowk me (12M) High Mast Light,Normal/Others,Dr Mohammad Jawed,KISHANGANJ,Bihar,Lok Sabha,649100.0,2025-04-10T00:00:00.000Z,True,,KISHANGANJ(DISTRICT PLANNING OFFICER KISHANGANJ_IDA)
142879,installation of high mask solar light in government boys/girls hostel,Normal/Others,Smt. Ranjeet Ranjan (2022-28),Sitting Rajya Sabha,Chhattisgarh,Rajya Sabha,496000.0,2025-04-12T00:00:00.000Z,True,,SURGUJA(Collector Surguja_IDA)
157334,Construction of Flood Control embankments,Normal/Others,Shri Harsh Mahajan (2024-30),Sitting Rajya Sabha,Himachal Pradesh,Rajya Sabha,298352.0,2025-04-16T00:00:00.000Z,True,,KANGRA(DEPUTY COMMISSIONER KANGRA_IDA)
165476,"Construction of CC Road Interlocking tiles at near the residence of Siyaram Meena, extending towards the residence of Kapoor and Dev Baba, in Village Kanchanpura, Gram Panchayat Kuttin Sabdas",Normal/Others,Smt. Sonia Gandhi (2024-30),Sitting Rajya Sabha,Rajasthan,Rajya Sabha,498782.0,2025-04-18T00:00:00.000Z,True,,ALWAR(DISTRICT COLLECTOR ALWAR_IDA)
190042,Laying of CC Road from Bhaskar Rao (H) to Eshwar Temple near Bhaskar Polish Machine at Gouthapur (V) of Tandur (M),Normal/Others,KONDA VISHWESHWAR REDDY,CHELVELLA,Telangana,Lok Sabha,497682.0,2025-04-19T00:00:00.000Z,True,,VIKARABAD(DISTRICT COLLECTOR VIKARABAD_2)
150173,AMILAHA BUS STAND KE PAS,Normal/Others,DR. RAJESH MISHRA,SIDHI,Madhya Pradesh,Lok Sabha,259942.0,2025-04-19T00:00:00.000Z,False,,SIDHI(DISTRICT COLLECTOR SIDHI_IDA)
106441,"100 table & chair/bench at SHRI GURU RAM RAI INTER COLLEGE  SAHASPUR..
IA( KARYADAI SANSTATHA ) - NAGAR PALIKA PARISHAD HERBURTPUR",Normal/Others,Shri Naresh Bansal (2020-26),Sitting Rajya Sabha,Uttarakhand,Rajya Sabha,720000.0,2025-04-19T00:00:00.000Z,True,,DEHRADUN(DISTRICT MAGISTRATE DEHRADUN_IDA)
151022,"Supply and installation of PC system, printers, copiers, needed electronic devices, books and furniture for various schools in Gyalshing district",Normal/Others,Indra Hang Subba,SIKKIM,Sikkim,Lok Sabha,3000000.0,2025-04-21T00:00:00.000Z,False,,Gyalshing(DISTRICT COLLECTOR GYALSHING_IDA)
133775,DUNGAR GAME KUND FALIYA MA SAMUHIK KUVA NU KAM,Normal/Others,Jaswantsinh Sumanbhai Bhabhor,DAHOD,Gujarat,Lok Sabha,292600.0,2025-04-21T00:00:00.000Z,True,,Dahod(DISTRICT COLLECTOR DOHAD_IDA)
75831,"Construction of Guard Wall with C.C. Road PMGSY Road to Urmei Hockey Field GP Urmei, Nuagaon Block",Normal/Others,Dr. Sasmit Patra (2022-28),Sitting Rajya Sabha,Odisha,Rajya Sabha,700000.0,2025-04-22T00:00:00.000Z,True,,Sundaragada(DISTRICT COLLECTOR SUNDARGARH_IDA)
153153,purchase of books school public library,Normal/Others,ABHAY KUMAR SINHA,AURANGABAD,Bihar,Lok Sabha,473826.0,2025-04-22T00:00:00.000Z,False,,GAYA(DISTRICT PLANNING OFFICER GAYA_IDA)
176063,"Regarding installation of 20 cm LED high mast lights at various places in Shahjahanpur district, Uttar Pradesh.",Normal/Others,Shri Chunnilal Garasiya (2024-30),Sitting Rajya Sabha,Rajasthan,Rajya Sabha,4860000.0,2025-04-22T00:00:00.000Z,True,,SHAHJAHANPUR(DISTRICT MAGISTRAE SHAHJAHANAPUR_IDA)
163140,GRAM PANCHAYAT PATOUHA ME 5000 LRT PANI KE TENKAR KI KHAREED,Normal/Others,RAHUL SINGH LODHI,DAMOH,Madhya Pradesh,Lok Sabha,198724.0,2025-04-24T00:00:00.000Z,True,,DAMOH(DISTRICT COLLECTOR DAMOH_IDA)
144204,gram panchayat Pahadi Bujurg me bisanda road mandir ke paas sarwjanik sthan par high mast light sthapna karya,Normal/Others,KRISHNA DEVI SHIVSHANKER PATEL,BANDA,Uttar Pradesh,Lok Sabha,226584.0,2025-04-24T00:00:00.000Z,True,,CHITRAKOOT(DISTRICT MAGISTRATE CHITRAKOOT_IDA)
161190,"Providing street lighting for ward No.11 Venkatapuram village of Nasanakota(GP) at
Ramagiri (M)",Normal/Others,B K PARTHASARATHI,HINDUPUR,Andhra Pradesh,Lok Sabha,499978.0,2025-04-26T00:00:00.000Z,True,,Sri Sathya Sai(DISTRICT COLLECTOR SRI SATHYA SAI_IDA)
159545,Construction of CC Road from Deogaon Pulia to Main Road for the welfare and benefit of the local community.,Normal/Others,Smt. Ranjeet Ranjan (2022-28),Sitting Rajya Sabha,Chhattisgarh,Rajya Sabha,999522.0,2025-04-26T00:00:00.000Z,False,,Sarangarh-Bilaigarh(Collector SB_IDA)
181044,vachali vat bajaji thakorna maholla taraf c c road work,Normal/Others,Bharatsinhji Shankarji Dabhi,PATAN,Gujarat,Lok Sabha,300000.0,2025-04-28T00:00:00.000Z,True,,BANAS KANTHA(DISTRICT COLLECTOR BANAS KANTHA_IDA)
142642,88.	HIGH MAST LIGHT WITH SIX LED RECOMMENDED IN MY CONSTITUENCY NAGINA BY IMPLEMNETING AGENCY PCCD BIJNORE (VILLAGE AKBARABAD ME MADARSE KE PASS  HIGH MAST LIGHT),Normal/Others,CHANDRA SHEKHAR,NAGINA,Uttar Pradesh,Lok Sabha,189869.0,2025-04-28T00:00:00.000Z,True,,BIJNOR(DISTRICT MAGISTRATE BIJNOR_IDA)
149341,"Installation of New High tower Lamp (9 mtr High) Pumping Station road, IIIrd street in ward No;24, Erode Corporation 2024 - 2025",Normal/Others,K E PRAKASH,ERODE,Tamil Nadu,Lok Sabha,389353.0,2025-04-29T00:00:00.000Z,True,,ERODE(DISTRICT_COLLECTORE_ERODE_IDA)
153902,Construction of Culvert at Lochakana Village Road of Mirabali GP under Rayagada Block,Normal/Others,Saptagiri Sankar Ulaka,KORAPUT,Odisha,Lok Sabha,297656.0,2025-04-29T00:00:00.000Z,False,,RAYAGADA(DISTRICT COLLECTOR RAYAGADA_IDA)
66269,New High Mast Light at Shivgarh,Normal/Others,Dr. K. Laxman (2022-28),Sitting Rajya Sabha,Uttar Pradesh,Rajya Sabha,124925.0,2025-05-02T00:00:00.000Z,True,,PRATAPGARH(DISTRICT MAGISTRAE PRATAPGARH_IDA)
66271,New High Mast Light at Shivagarh,Normal/Others,Dr. K. Laxman (2022-28),Sitting Rajya Sabha,Uttar Pradesh,Rajya Sabha,124925.0,2025-05-02T00:00:00.000Z,True,,PRATAPGARH(DISTRICT MAGISTRAE PRATAPGARH_IDA)
66410,New High Mast Street light at Gaura,Normal/Others,Dr. K. Laxman (2022-28),Sitting Rajya Sabha,Uttar Pradesh,Rajya Sabha,124925.0,2025-05-02T00:00:00.000Z,True,,PRATAPGARH(DISTRICT MAGISTRAE PRATAPGARH_IDA)
160171,"paver block work in Juna Nawda village from water market, Ramji temple towards Naat's house",Normal/Others,CHANDUBHAI CHHAGANBHAI SHIHORA,SURENDRANAGAR,Gujarat,Lok Sabha,398258.0,2025-05-02T00:00:00.000Z,False,,BOTAD(District collector Botad_IDA)
148115,Construction of YMA Building at Rengdil South,Normal/Others,RICHARD VANLALHMANGAIHA,MIZORAM,Mizoram,Lok Sabha,250000.0,2025-05-02T00:00:00.000Z,False,,MAMIT(DEPUTY COMMISSIONER MAMIT)
66411,New High Mast Street light at Gaura,Normal/Others,Dr. K. Laxman (2022-28),Sitting Rajya Sabha,Uttar Pradesh,Rajya Sabha,124925.0,2025-05-03T00:00:00.000Z,True,,PRATAPGARH(DISTRICT MAGISTRAE PRATAPGARH_IDA)
174247,Construction of CC Road and RCC Drain at Ghan Kachra Side for MC Purana Distt Parbhani,Normal/Others,Shri Imran Pratapgarhi (2022-28),Sitting Rajya Sabha,Maharashtra,Rajya Sabha,4999970.0,2025-05-03T00:00:00.000Z,True,,PARBHANI(DISTRICT COLLECTOR PARBHANI_IDA)
81149,"Lighting of public spaces.(Eight light wali)
, Village Ladpura me Deeraj ke ghar ke samne talab par.
Working Agency- Provincial Co-Operative Construction And Development LTD Bulandshahr
Contact-Amit Bhati-9311999155",Normal/Others,Shri Surendra Singh Nagar (2022-28),Sitting Rajya Sabha,Uttar Pradesh,Rajya Sabha,659782.0,2025-05-03T00:00:00.000Z,True,,GAUTAM BUDDHA NAGAR(DISTRICT MAGISTRATE GAUTAMBUDHNAGAR)
66280,New High Mast Light at Patti,Normal/Others,Dr. K. Laxman (2022-28),Sitting Rajya Sabha,Uttar Pradesh,Rajya Sabha,124925.0,2025-05-03T00:00:00.000Z,True,,PRATAPGARH(DISTRICT MAGISTRAE PRATAPGARH_IDA)
80456,New high mast light,Normal/Others,Dr. K. Laxman (2022-28),Sitting Rajya Sabha,Uttar Pradesh,Rajya Sabha,124925.0,2025-05-05T00:00:00.000Z,True,,PRATAPGARH(DISTRICT MAGISTRAE PRATAPGARH_IDA)
143089,16 miter unchai wale L.E.D. (150*8) high mask light D.I.G. Chauk me aek adad adhisthapit karne ki anusansha ki jati hai,Normal/Others,RAJESH RANJAN ALIAS PAPPU YADAV,PURNEA,Bihar,Lok Sabha,850000.0,2025-05-05T00:00:00.000Z,False,,PURNIA(DISTRICT PLANNING OFFICER PURNIA_IDA)
66193,New High Mast Light at Mangraura,Normal/Others,Dr. K. Laxman (2022-28),Sitting Rajya Sabha,Uttar Pradesh,Rajya Sabha,124925.0,2025-05-05T00:00:00.000Z,True,,PRATAPGARH(DISTRICT MAGISTRAE PRATAPGARH_IDA)
66401,New High Mast Street Light at Lakshmanpur,Normal/Others,Dr. K. Laxman (2022-28),Sitting Rajya Sabha,Uttar Pradesh,Rajya Sabha,124937.0,2025-05-05T00:00:00.000Z,True,,PRATAPGARH(DISTRICT MAGISTRAE PRATAPGARH_IDA)
159307,Construction of building for Arivilanjapoil Samskarika Nilayam in Udayagiri Grama Panchayath,Normal/Others,Dr. V. Sivadasan (2021-27),Sitting Rajya Sabha,Kerala,Rajya Sabha,992209.0,2025-05-06T00:00:00.000Z,False,,KANNUR(DISTRICT COLLECTOR KANNUR_IDA)
145605,"Construction of additional rooms for magistrate court, Nilambur. Ward no. 33, Nilambur Municipality.",Normal/Others,Shri Abdul Wahab (2021-27),Sitting Rajya Sabha,Kerala,Rajya Sabha,286028.0,2025-05-06T00:00:00.000Z,True,,MALAPPURAM(DISTRICT COLLECTOR MALAPPURAM_IDA)
180516,Purchase Water Tanker GP Belkheda,Normal/Others,BUNTY VIVEK SAHU,CHHINDWARA,Madhya Pradesh,Lok Sabha,125000.0,2025-05-06T00:00:00.000Z,False,,CHHINDWARA(DISTRICT COLLECTOR CHHINDWARA_IDA)
150626,Bhammariya-Valiya Faliyama Mini Water Works,Normal/Others,Dr. Parmar Jashvantsinh Salamsinh (2024-30),Sitting Rajya Sabha,Gujarat,Rajya Sabha,100000.0,2025-05-07T00:00:00.000Z,True,,Mahisagar(COLLECTOR MAHISAGAR_IDA)
140198,"Computer Education project at Govt. Primary School, Block Colony, GP-Balisankara, Block-Balisankara",Normal/Others,Shri Jual Oram,SUNDARGARH,Odisha,Lok Sabha,480000.0,2025-05-08T00:00:00.000Z,True,,Sundaragada(DISTRICT COLLECTOR SUNDARGARH_IDA)
146045,Flooring with Granite stone to First Floor Left side Wing corridor and Class rooms to Govt. Polytechnic College at Kamalapuram (V&M) in YSR District,Normal/Others,Y S Avinash Reddy,KADAPA,Andhra Pradesh,Lok Sabha,488925.0,2025-05-08T00:00:00.000Z,True,,Y.S.R. Kadapa(DISTRICT COLLECTOR CUDDAPAH_IDA)
191845,Providing Try Motorised Electric Scooter BMR Group to C Ramana Gandlapalli Village,Normal/Others,Midhun Reddy,RAJAMPET,Andhra Pradesh,Lok Sabha,90000.0,2025-05-08T00:00:00.000Z,True,,CHITTOOR(DISTRICT COLLECTOR CHITTOOR_IDA)
177859,Installation of high mast light near the Chathiram Roundana where Aryapadhi Veedu Panchayat meets Cholanmalikai Panchayat,Normal/Others,Shri S. Kalyanasundaram (2022-28),Sitting Rajya Sabha,Tamil Nadu,Rajya Sabha,450000.0,2025-05-10T00:00:00.000Z,True,,THANJAVUR(DISTRICT COLLECTOR THANJAVUR_IDA)
133232,"Boring , Construction of Platform , Installation of Water Tank , Submersible Pump etc in WARD No. – 19 young hira Nagpur samiti, near karamtoli ranchi.",Normal/Others,Smt. Mahua Maji (2022-28),Sitting Rajya Sabha,Jharkhand,Rajya Sabha,484000.0,2025-05-11T00:00:00.000Z,False,,RANCHI(DEPUTY COMMISSIONER RANCHI_IDA)
133229,"Boring , Construction of Platform , Installation of Water Tank , Submersible Pump etc in WARD No. – 28 jan kalyan nagar gopal mandir road no 3 near satish jaiswal house.",Normal/Others,Smt. Mahua Maji (2022-28),Sitting Rajya Sabha,Jharkhand,Rajya Sabha,484000.0,2025-05-11T00:00:00.000Z,False,,RANCHI(DEPUTY COMMISSIONER RANCHI_IDA)
160173,bukoli game bena vasma shed nu kam,Normal/Others,Bharatsinhji Shankarji Dabhi,PATAN,Gujarat,Lok Sabha,500000.0,2025-05-11T00:00:00.000Z,True,,BANAS KANTHA(DISTRICT COLLECTOR BANAS KANTHA_IDA)
133226,"Boring , Construction of Platform , Installation of Water Tank , Submersible Pump etc in WARD No. – 29 pahari tola chunna bhatta near bangali hotel.",Normal/Others,Smt. Mahua Maji (2022-28),Sitting Rajya Sabha,Jharkhand,Rajya Sabha,484000.0,2025-05-11T00:00:00.000Z,False,,RANCHI(DEPUTY COMMISSIONER RANCHI_IDA)
151955,PROVIDING OF STREET LIGHTS IN DILAWAPUR VILLAGE,Normal/Others,CHAMALA KIRAN KUMAR REDDY,BHONGIR,Telangana,Lok Sabha,99855.0,2025-05-12T00:00:00.000Z,False,,YADADRI BHUVANAGIRI(DISTRICT COLLECTOR YADADRI BHUVANAGIRI_IDA)
151982,PROVIDING OF STREET LIGHTS IN SHARAJPET VILLAGE,Normal/Others,CHAMALA KIRAN KUMAR REDDY,BHONGIR,Telangana,Lok Sabha,99855.0,2025-05-12T00:00:00.000Z,False,,YADADRI BHUVANAGIRI(DISTRICT COLLECTOR YADADRI BHUVANAGIRI_IDA)
151979,PROVIDING OF STREET LIGHTS IN THURUPUGUDEM VILLAGE,Normal/Others,CHAMALA KIRAN KUMAR REDDY,BHONGIR,Telangana,Lok Sabha,99855.0,2025-05-12T00:00:00.000Z,False,,YADADRI BHUVANAGIRI(DISTRICT COLLECTOR YADADRI BHUVANAGIRI_IDA)
155835,"gram panchayat Kansuri ke lohakhar mein Sunil Shakya ke ghar ke pass Chauraha par, Mo 9458226341.",Normal/Others,DEVESH SHAKYA,ETAH,Uttar Pradesh,Lok Sabha,240689.0,2025-05-13T00:00:00.000Z,False,,ETAH(DISTRICT MAGISTRATE ETAH_IDA)
156562,"nagar panchayat marhara ke dargah sharif masjid ke pass Mo,9412511125.",Normal/Others,DEVESH SHAKYA,ETAH,Uttar Pradesh,Lok Sabha,240689.0,2025-05-13T00:00:00.000Z,False,,ETAH(DISTRICT MAGISTRATE ETAH_IDA)
156543,"gram panchayat nighauli dehat mein sansar kushwaha ke ghar ke pass tirahe par, Mo 9719410580",Normal/Others,DEVESH SHAKYA,ETAH,Uttar Pradesh,Lok Sabha,240689.0,2025-05-13T00:00:00.000Z,False,,ETAH(DISTRICT MAGISTRATE ETAH_IDA)
155780,gram panchayat daspur mein Anil Solanki ke ghar ke pass tirahe par Mo 9456954111,Normal/Others,DEVESH SHAKYA,ETAH,Uttar Pradesh,Lok Sabha,240689.0,2025-05-13T00:00:00.000Z,False,,ETAH(DISTRICT MAGISTRATE ETAH_IDA)
149464,?-	Installation of an eight LED high mast light near Parauli Main Bazaar intersection in consultation with Deepak Rajput under Aliganj assembly of my parliamentary constituency Farrukhabad. 9536170267,Normal/Others,Mukesh Rajput,FARRUKHABAD,Uttar Pradesh,Lok Sabha,509926.0,2025-05-13T00:00:00.000Z,False,,ETAH(DISTRICT MAGISTRATE ETAH_IDA)
138464,Construction work of playground at Ursaline Convent Samtoli in the town of Simdega block.,Normal/Others,KALI CHARAN MUNDA,KHUNTI,Jharkhand,Lok Sabha,1300000.0,2025-05-18T00:00:00.000Z,False,,SIMDEGA(Deputy Commissioner simdega_IDA)
163197,Shifting of Electrical Poles in Koduru village limits of Polaki mandal,Normal/Others,Kinjarapu Ram Mohan Naidu,SRIKAKULAM,Andhra Pradesh,Lok Sabha,412451.0,2025-05-19T00:00:00.000Z,True,,SRIKAKULAM(District Collector Srikakulam_IDA)
163549,BAURIPARA SCHOOL AMBIKAPUR  PRABHA GHAR KE PAAS TUBEWELL,Normal/Others,CHINTAMANI MAHARAJ,SARGUJA,Chhattisgarh,Lok Sabha,179990.0,2025-05-19T00:00:00.000Z,True,,SURGUJA(Collector Surguja_IDA)
43919,CONSTRUCTION OF PCC ROAD FROM MAIN ROAD TO JHAKO YADAV HOUSE  IN JAFARNAGAR PANCHAYAT,Normal/Others,Shri Khiru Mahto (2022-28),Sitting Rajya Sabha,Bihar,Rajya Sabha,397332.0,2025-05-20T00:00:00.000Z,True,,MUNGER(DISTRICT PLANNING OFFICER MUNGER_IDA)
140132,CONSTRUCTION OF CC ROAD WITH PAILING FROM BHAGABAN PUR KACHARI MORE TO YOURUCH NAIYA HOUSE VIA SAFIULL GAZI SHOP,Normal/Others,BAPI HALDAR,MATHURAPUR,West Bengal,Lok Sabha,496815.0,2025-05-21T00:00:00.000Z,True,,South 24 Parganas(DISTRICT MAGISTRATE SOUTH TWENTY FOUR PARGANAS_IDA)
48517,Construction of culvert near Ram Aadhar's house in development block Robertsganj Gram Panchayat Bahuarah.,Normal/Others,Shri Hardeep Singh Puri (2020-26),Sitting Rajya Sabha,Uttar Pradesh,Rajya Sabha,998126.42,2025-05-21T00:00:00.000Z,False,,SONBHADRA(DISTRICT MAGISTRATE SONBHADRA_IDA)
154921,"1- KASHI NATH PATEL S\O RAMA SHANKAR PATEL , 2- VINOD KUMAR S\O KANHAIYA GOND, 3- AWADHESH PATEL S\O MITHAI LAL, 4- BASANT KUMAR S\O AGANOO RAM K GHAR KUL 04 NAG SOLAR LIGHT",Normal/Others,PRIYA SAROJ,MACHHLISHAHR,Uttar Pradesh,Lok Sabha,83824.0,2025-05-22T00:00:00.000Z,True,,VARANASI(DISTRICT MAGISTRAE VARANASI_IDA)
154904,"1- RAJESH YADAV S\O BHULAI YADAV, 2- RAVINDRA KUMAR YADAV S\O UMA SHANKAR YADAV K GHAR KUL 02 NAG SOLAR LIGHT",Normal/Others,PRIYA SAROJ,MACHHLISHAHR,Uttar Pradesh,Lok Sabha,41912.0,2025-05-22T00:00:00.000Z,True,,VARANASI(DISTRICT MAGISTRAE VARANASI_IDA)
137075,Providing Laboratory equipment to Physical Science/Biological Science/Mathematics and Social Studies.,Normal/Others,Putta Mahesh Kumar,ELURU,Andhra Pradesh,Lok Sabha,400000.0,2025-05-22T00:00:00.000Z,True,,Eluru(DISTRICT COLLECTOR ELURU_IDA)
183091,"Construction of Pond in Village- Mugiyamarni, Panchayat- Bandrachuwa",Normal/Others,NALIN SOREN,DUMKA,Jharkhand,Lok Sabha,300000.0,2025-05-22T00:00:00.000Z,True,,JAMTARA(Deputy Commissioner Jamtara_IDA)
183055,"Construction of Pond in Village- Mejhia, Panchayat- Mejhia",Normal/Others,NALIN SOREN,DUMKA,Jharkhand,Lok Sabha,400000.0,2025-05-22T00:00:00.000Z,True,,JAMTARA(Deputy Commissioner Jamtara_IDA)
183052,"Construction of Pond in Village- Chengaidih, Panchayat- Chengaidih",Normal/Others,NALIN SOREN,DUMKA,Jharkhand,Lok Sabha,300000.0,2025-05-22T00:00:00.000Z,True,,JAMTARA(Deputy Commissioner Jamtara_IDA)
155899,PROVIDING OF HIGH MAST LIGHT IN AMMAPUR VILLAGE,Normal/Others,CHAMALA KIRAN KUMAR REDDY,BHONGIR,Telangana,Lok Sabha,99868.0,2025-05-22T00:00:00.000Z,False,,JANGOAN(DISTRICT COLLECTOR JANGAON_IDA)
188517,malsund game anusuchit vas ma pavar block work,Normal/Others,Bharatsinhji Shankarji Dabhi,PATAN,Gujarat,Lok Sabha,299746.0,2025-05-22T00:00:00.000Z,True,,PATAN(DISTRICT COLLECTOR PATAN_IDA)
145538,Conts. of CC Building at Goidungri,Normal/Others,Shri Jual Oram,SUNDARGARH,Odisha,Lok Sabha,500000.0,2025-05-23T00:00:00.000Z,True,,Sundaragada(DISTRICT COLLECTOR SUNDARGARH_IDA)
147272,"Installation of Hand Pump with Motor between the house of Smt. Sheela Devi and Raj Kumar Village Dagoh (Harijan Basti), Dev. Block Nadaun, District Hamirpur.
Executing agency BDO, Nadaun.",Normal/Others,Dr. Sikander Kumar (2022-28),Sitting Rajya Sabha,Himachal Pradesh,Rajya Sabha,200000.0,2025-05-23T00:00:00.000Z,False,,HAMIRPUR(DEPUTY COMMISSIONER HAMIRPUR_IDA)
162936,Laying of gravel on the road from Yallappa Muchigers land to Suresha Patnashettys land comes between Kushtagi to Kidadala road of Koppal taluk.,Normal/Others,K. RAJASHEKAR BASAVARAJ HITNAL,KOPPAL,Karnataka,Lok Sabha,497399.0,2025-05-23T00:00:00.000Z,True,,KOPPAL(DEPUTY COMMISSIONER KOPPAL_IDA)
159391,"Construction of lane and drain from the house of Tarshem  Lal to the house of  Lal Chand , Ward no. 2, Pyt. Haripur , Village – Haripur, 	Marheen, Kathua",Normal/Others,Jitendra Singh,UDHAMPUR,Jammu And Kashmir,Lok Sabha,119000.0,2025-05-26T00:00:00.000Z,True,,KATHUA(DISTRICT DEVELOPMENT COMMISSIONER KATHUA_IDA)
165861,Raner Ta  Kankraj  Paver block work in the Scheduled Caste area at Indiranagar in the village(2024-25),Normal/Others,Shri Babubhai Jesangbhai Desai (2023-29),Sitting Rajya Sabha,Gujarat,Rajya Sabha,500000.0,2025-05-27T00:00:00.000Z,True,,BANAS KANTHA(DISTRICT COLLECTOR BANAS KANTHA_IDA)
167423,"Construction of CC Open Drain from Paramkusam Kalyani House to Marri Venkateswarlu House in Brahmanakraka Village in Brahmankraka Grama Panchyat, Jaladanki Mandal",Normal/Others,PRABHAKAR REDDY VEMIREDDY,NELLORE,Andhra Pradesh,Lok Sabha,311125.0,2025-05-27T00:00:00.000Z,True,,Sri Potti Sriramulu Nellore(DISTRICT COLLECTOR NELLORE_IDA)
149781,Formation and Metalling th road Laying of CC Road from Kumbam Venkataiah House to Edamoni Sathyagiri House in Kandukur Village of Gundlapally Mandal,Normal/Others,Shri Anil Kumar Yadav Mandadi (2024-30),Sitting Rajya Sabha,Telangana,Rajya Sabha,498117.0,2025-05-27T00:00:00.000Z,True,,NALGONDA(DISTRICT COLLECTOR NALGONDA)
165870,Raner Ta  Kankraj  Flood protection wall work in Rupani Pati Scheduled Caste area of village(2024-25),Normal/Others,Shri Babubhai Jesangbhai Desai (2023-29),Sitting Rajya Sabha,Gujarat,Rajya Sabha,500000.0,2025-05-27T00:00:00.000Z,True,,BANAS KANTHA(DISTRICT COLLECTOR BANAS KANTHA_IDA)
139217,1- For CC Road construction work from village Basnarabad towards Rajpura Sikh in of Gram Panchayat Chatarpura.,Normal/Others,Shri Pramod Tiwari (2022-28),Sitting Rajya Sabha,Rajasthan,Rajya Sabha,998419.0,2025-05-28T00:00:00.000Z,True,,Kotputli-Behror(DISTRICT COLLECTOR Kotputli Behror_IDA)
155737,"gram panchayt bhimsen mein ambedkar park tirahe par, Rohit Gautam Mo 9505139339",Normal/Others,DEVESH SHAKYA,ETAH,Uttar Pradesh,Lok Sabha,240915.0,2025-05-28T00:00:00.000Z,False,,Kasganj(DISTRICT MAGISTRATE KASGANJ KANSHIRAMNAGAR_IDA)
155398,.Gram Panchayat Vasantnagar ke nagla bhammi mein nagla vasant chaurahe par Pradeep Maurya Mo 8534886126,Normal/Others,DEVESH SHAKYA,ETAH,Uttar Pradesh,Lok Sabha,240915.0,2025-05-28T00:00:00.000Z,False,,Kasganj(DISTRICT MAGISTRATE KASGANJ KANSHIRAMNAGAR_IDA)
190164,Construction of community hall at kopargaon,Normal/Others,Dr. Anil Sukhdeorao Bonde (2022-28),Sitting Rajya Sabha,Maharashtra,Rajya Sabha,998649.0,2025-05-29T00:00:00.000Z,True,,Ahilyanagar(DISTRICT COLLECTOR AHMEDNAGAR_IDA)
135506,"CC road nirman, Rakesh ke ghar se Hemnath ke ghar tak, Gram Janjgira, Block Tilda, Dist Raipur",Normal/Others,BRIJMOHAN AGRAWAL,RAIPUR,Chhattisgarh,Lok Sabha,1000000.0,2025-05-29T00:00:00.000Z,True,,RAIPUR(DISTRICT COLLECTOR RAIPUR_IDA)
171315,CC Road and Naali Work,Normal/Others,Dr. Sudhanshu Trivedi (2024-30),Sitting Rajya Sabha,Uttar Pradesh,Rajya Sabha,1152386.0,2025-05-29T00:00:00.000Z,False,,LUCKNOW(DISTRICT MAGISTRAE LUCKNOW_IDA)
149985,C.C.Road Development work.,Normal/Others,Shri Narayanasa K. Bhandage (2024-30),Sitting Rajya Sabha,Karnataka,Rajya Sabha,499534.0,2025-05-29T00:00:00.000Z,False,,BENGALURU URBAN(DEPUTY COMMISSIONER BANGALORE URBAN_IDA)
149159,cc road,Normal/Others,ROOP KUMARI CHOUDHARY,MAHASAMUND,Chhattisgarh,Lok Sabha,500000.0,2025-05-29T00:00:00.000Z,True,,MAHASAMUND(DISTRICT COLLECTOR MAHASAMUND_IDA)
140134,CONSTRUCTION OF CC ROAD FROM HALDER PARA MOSJID TO SHIULIPARA BATHING GHAT,Normal/Others,BAPI HALDAR,MATHURAPUR,West Bengal,Lok Sabha,249484.0,2025-06-02T00:00:00.000Z,True,,South 24 Parganas(DISTRICT MAGISTRATE SOUTH TWENTY FOUR PARGANAS_IDA)
151081,"HIGH MASK LIGHT, GOHEDADAR",Normal/Others,ROOP KUMARI CHOUDHARY,MAHASAMUND,Chhattisgarh,Lok Sabha,499412.0,2025-06-03T00:00:00.000Z,True,,MAHASAMUND(DISTRICT COLLECTOR MAHASAMUND_IDA)
151166,"C.C. ROAD NIRMAN KARYA, BADEDABHA",Normal/Others,ROOP KUMARI CHOUDHARY,MAHASAMUND,Chhattisgarh,Lok Sabha,500000.0,2025-06-03T00:00:00.000Z,True,,MAHASAMUND(DISTRICT COLLECTOR MAHASAMUND_IDA)
157838,"Pachri construction at Gram Panchayat - Chepa near Daumuda, Vikas Khand - Pali",Normal/Others,Jyotsna Charandas Mahant ,KORBA,Chhattisgarh,Lok Sabha,300000.0,2025-06-04T00:00:00.000Z,True,,KORBA(Collector-Korba)
169254,Laying of CC Road Chikati Venkanna (H) to Dr Racharala Srinu (H)at Krishna Colony,Normal/Others,BALRAM NAIK PORIKA,MAHABUBABAD,Telangana,Lok Sabha,494342.0,2025-06-04T00:00:00.000Z,True,,MAHABUBABAD(DISTRICT COLLECTOR MAHABUBABAD_IDA)
180971,nava khoda game paver blok work,Normal/Others,Bharatsinhji Shankarji Dabhi,PATAN,Gujarat,Lok Sabha,300000.0,2025-06-04T00:00:00.000Z,True,,BANAS KANTHA(DISTRICT COLLECTOR BANAS KANTHA_IDA)
146819,construction work of Pucca Pathway’s,Normal/Others,Shri Harsh Mahajan (2024-30),Sitting Rajya Sabha,Himachal Pradesh,Rajya Sabha,199966.0,2025-06-04T00:00:00.000Z,True,,CHAMBA(DEPUTY COMMISSIONER CHAMBA_IDA)
168736,Erection of High Mast with LED Flood Lights at Chowdarpally,Normal/Others,ARUNA. D. K,MAHABUBNAGAR,Telangana,Lok Sabha,199939.0,2025-06-05T00:00:00.000Z,False,,MAHABUBNAGAR(DISTRICT COLLECTOR MAHABUBNAGAR_3)
179091,Installation of Solar Street Light at Boundary of Budaguda Govt. Girls High School,Normal/Others,SUKANTA KUMAR PANIGRAHI,KANDHAMAL,Odisha,Lok Sabha,500000.0,2025-06-05T00:00:00.000Z,True,,Kandhamala(DISTRICT COLLECTOR KANDHAMAL_IDA)
181997,"Smart Class Equipment for Government High School, Adhaiyur.",Normal/Others,D Ravikumar ,VILUPPURAM,Tamil Nadu,Lok Sabha,200000.0,2025-06-05T00:00:00.000Z,False,,KALLAKURICHI(District Collector Kallakurichi_IDA)
180499,Purchase Water Tanker GP Salaiya Bulaki,Normal/Others,BUNTY VIVEK SAHU,CHHINDWARA,Madhya Pradesh,Lok Sabha,125000.0,2025-06-11T00:00:00.000Z,True,,CHHINDWARA(DISTRICT COLLECTOR CHHINDWARA_IDA)
198198,"Led Semi High Mast Light (6LED) with 170-watt, 9 meter pole",Normal/Others,Shri Baburam Nishad (2022-28),Sitting Rajya Sabha,Uttar Pradesh,Rajya Sabha,240944.0,2025-06-11T00:00:00.000Z,False,,HAMIRPUR(DISTRICT MAGISTRATE HAMIRPUR_2)
147415,Construction of OHT (30000 Lr.)near Tho.Koundampalayam Panchayat Mariamman Temple in 	TIRUCHENGODE Block,Normal/Others,V S Matheswaran,NAMAKKAL,Tamil Nadu,Lok Sabha,1136000.0,2025-06-11T00:00:00.000Z,True,,NAMAKKAL(DISTRICT COLLECTOR NAMAKKAL_IDA)
147416,Providing BT Road at Animor Panchayat Panakadu Nadur Kalani in tiruchengode Block,Normal/Others,V S Matheswaran,NAMAKKAL,Tamil Nadu,Lok Sabha,1305000.0,2025-06-11T00:00:00.000Z,True,,NAMAKKAL(DISTRICT COLLECTOR NAMAKKAL_IDA)
164630,"Late Gopalrao Wankhede College at Nandgaon Pode, Distt. Chandrapur Providing 5 computer sets with printers.",Normal/Others,DHANORKAR PRATIBHA SURESH ALIAS BALUBHAU,CHANDRAPUR,Maharashtra,Lok Sabha,449205.0,2025-06-12T00:00:00.000Z,False,,CHANDRAPUR(DISTRICT COLLECTOR CHANDRAPUR_IDA)
75724,Construction of CC Road from the house of Hulas Diwakar to Silly Approach Road.,Normal/Others,Smt. Ranjeet Ranjan (2022-28),Sitting Rajya Sabha,Chhattisgarh,Rajya Sabha,1000000.0,2025-06-12T00:00:00.000Z,True,,JANJGIR-CHAMPA(DISTRICT COLLECTOR JANJGIR CHAMPA_IDA)
158776,providing bore well at Devara Ramana Pakalu,Normal/Others,Shri Yerram Venkata Subba Reddy (2024-30),Sitting Rajya Sabha,Andhra Pradesh,Rajya Sabha,92865.0,2025-06-12T00:00:00.000Z,False,,Anakapalli(DISTRICT COLLECTOR ANAKAPALLI_IDA)
171320,Gram Peepali Block Gonda mai Badan Singh ke Ghar se Uma Shankar kai Khait ki Taraf 200 meeter CC Work,Normal/Others,ANOOP PRADHAN BALMIKI,HATHRAS,Uttar Pradesh,Lok Sabha,2013593.0,2025-06-12T00:00:00.000Z,False,,ALIGARH(DISTRICT MAGISTRATE ALIGARH_IDA)
158775,"Providing Bore Well at Addipalli Pentayya Pakalu in Kondapalem Agraharam Village of Butchayyapeta Mandal, Anakapalli District",Normal/Others,Shri Yerram Venkata Subba Reddy (2024-30),Sitting Rajya Sabha,Andhra Pradesh,Rajya Sabha,97372.0,2025-06-12T00:00:00.000Z,False,,Anakapalli(DISTRICT COLLECTOR ANAKAPALLI_IDA)
157833,PROVIDING OF STREET LIGHTS IN MAMIDIYALA VILLAGE,Normal/Others,CHAMALA KIRAN KUMAR REDDY,BHONGIR,Telangana,Lok Sabha,100000.0,2025-06-12T00:00:00.000Z,False,,SURYAPET(DISTRICT COLLECTOR SURYAPET)
159331,"Laying of CC Road from Water Tank to Crematorium at Madwapur (V), Bantwaram (M)",Normal/Others,KONDA VISHWESHWAR REDDY,CHELVELLA,Telangana,Lok Sabha,124627.0,2025-06-12T00:00:00.000Z,True,,VIKARABAD(DISTRICT COLLECTOR VIKARABAD_2)
179049,Providing GI Water Tanker Capacity 5500 Liter Tyre 900X16 in GP Ushapura  JP Depalpur District Indore,Normal/Others,Shankar Lalwani,INDORE,Madhya Pradesh,Lok Sabha,160761.0,2025-06-13T00:00:00.000Z,True,,INDORE(DISTRICT COLLECTOR INDORE_IDA)
179381,Providing GI Water tanker Capacity 5500 Liter Tyre 900X16 in GP Limbodagiri i VS Depalpur District Indore,Normal/Others,Shankar Lalwani,INDORE,Madhya Pradesh,Lok Sabha,160761.0,2025-06-13T00:00:00.000Z,True,,INDORE(DISTRICT COLLECTOR INDORE_IDA)
143150,16 miter unchai wale L.E.D. (150*8) high mask light dhamdaha nagar panchayat mukhyalay me aek adad adhisthapit karne ki anusansha ki jati hai,Normal/Others,RAJESH RANJAN ALIAS PAPPU YADAV,PURNEA,Bihar,Lok Sabha,850000.0,2025-06-16T00:00:00.000Z,False,,PURNIA(DISTRICT PLANNING OFFICER PURNIA_IDA)
144222,gram panchayat Lamiyari me chandrika devi ke sthan ke paas sarwjanik sthan par high mast light sthapna karya,Normal/Others,KRISHNA DEVI SHIVSHANKER PATEL,BANDA,Uttar Pradesh,Lok Sabha,226584.0,2025-06-16T00:00:00.000Z,False,,CHITRAKOOT(DISTRICT MAGISTRATE CHITRAKOOT_IDA)
144203,gram panchayat Pahadi Bujurg me barethi tirahe ke paas sarwjanik sthan par high mast light sthapna karya,Normal/Others,KRISHNA DEVI SHIVSHANKER PATEL,BANDA,Uttar Pradesh,Lok Sabha,226584.0,2025-06-16T00:00:00.000Z,True,,CHITRAKOOT(DISTRICT MAGISTRATE CHITRAKOOT_IDA)
151998,PROVIDING OF STREET LIGHTS IN  POTHIREDDYPALLY VILLAGE,Normal/Others,CHAMALA KIRAN KUMAR REDDY,BHONGIR,Telangana,Lok Sabha,99855.0,2025-06-16T00:00:00.000Z,False,,YADADRI BHUVANAGIRI(DISTRICT COLLECTOR YADADRI BHUVANAGIRI_IDA)
140746,"Construction of New PDS Building  Perumal Koil Street, Pattukottai City,ward no 19",Normal/Others,MURASOLI S,THANJAVUR,Tamil Nadu,Lok Sabha,1965000.0,2025-06-16T00:00:00.000Z,False,,THANJAVUR(DISTRICT COLLECTOR THANJAVUR_IDA)
171232,"Procurement and supply of Desk and Bench(80 set) at Govt.Hr.Sec.School, Palacode block A.Mallalpuram",Normal/Others,MANI. A.,DHARAMAPURI,Tamil Nadu,Lok Sabha,1000000.0,2025-06-16T00:00:00.000Z,True,,DHARMAPURI(DISTRICT COLLECTOR DHARMAPURI_IDA)
152007,PROVIDING STREET LIGHTS AT PACHILLA H/O OF GUNDALA VILLAGE,Normal/Others,CHAMALA KIRAN KUMAR REDDY,BHONGIR,Telangana,Lok Sabha,97019.0,2025-06-16T00:00:00.000Z,False,,YADADRI BHUVANAGIRI(DISTRICT COLLECTOR YADADRI BHUVANAGIRI_IDA)
144227,gram panchayat Pathara Mani me Shivkumar ke makan ke paas sc/st basti ke sarwjanik sthan par high mast light sthapna karya,Normal/Others,KRISHNA DEVI SHIVSHANKER PATEL,BANDA,Uttar Pradesh,Lok Sabha,226584.0,2025-06-16T00:00:00.000Z,True,,CHITRAKOOT(DISTRICT MAGISTRATE CHITRAKOOT_IDA)
139057,Installation of 33 nos.  Electric Street LED Light at different places at Khasbalanda G.P under Haroa Block (SLNo. 44),Normal/Others,SK NURUL ISLAM,BASIRHAT,West Bengal,Lok Sabha,725693.0,2025-06-17T00:00:00.000Z,True,,North 24 Parganas(DISTRICT MAGISTRATE NORTH TWENTY FOUR PARGANAS_IDA)
177350,"Purchase of Multi gym equipment W.No 14 Barnala, janda Wala Road, Bajwa Patti, Near G.s.s.s ( Girls) Barnala MC Barnala",Normal/Others,GURMEET SINGH MEET HAYER,SANGRUR,Punjab,Lok Sabha,341756.0,2025-06-18T00:00:00.000Z,True,,BARNALA(DEPUTY COMMISSIONER BARNALA_IDA)
168715,Digitalization of 2 Classrooms of kino urdu primary school ramzanpura tal. malegaon dist. nashik,Normal/Others,BACHHAV SHOBHA DINESH,DHULE,Maharashtra,Lok Sabha,1000000.0,2025-06-19T00:00:00.000Z,True,,NASHIK(DISTRICT COLLECTOR NASHIK_IDA)
141410,Development Work of Khara patti Dharmshala W.no 1 Sanghera MC Barnala,Normal/Others,GURMEET SINGH MEET HAYER,SANGRUR,Punjab,Lok Sabha,344560.0,2025-06-19T00:00:00.000Z,True,,BARNALA(DEPUTY COMMISSIONER BARNALA_IDA)
189198,CONSTRUCTION OF PCC ROAD AND UNDERGROUND DRAIN,Normal/Others,Dr. Bhim Singh (2024-30),Sitting Rajya Sabha,Bihar,Rajya Sabha,1490500.0,2025-06-20T00:00:00.000Z,False,,PATNA(DISTRICT PLANNING OFFICER PATNA_IDA)
150248,"SUPPLY DELIVERY &ERECTION & COMMISSIONING OF 4 NO 9 MTR OCTAGONAL HIGH MAST TOWER 6 X 150 WATT LED LIGHT SYSTEM WITH DUAL CHANNEL 24 HR / TWILIGHT TIMER OPERATION TIMER OPERATION FOR HOOGHLY DISTRICT (EXCLUDING SERVICE CONNECTION CHARGE)  AT 
1)MASHAT PLAY GRAUND UNDER ANIYA G.P. 
2) BONOMALIPUR RATHTALA UNDER MASHAT G.P. 
3) AUSBALI CHARAK PUKUR UNDER MASHAT G.P 
4) MASHAT BAROWARI TALA UNDER MASHAT G.P
CHANDITALA- I PANCHAYAT SAMITI, DIST - HOOGHLY",Normal/Others,Kalyan Banerjee,SREERAMPUR,West Bengal,Lok Sabha,589208.0,2025-06-20T00:00:00.000Z,True,,HOOGHLY(DISTRICT MAGISTRATE HOOGHLY_IDA)
183038,Installation of RO System at Govt. Primary School Do Burji,Normal/Others,SHER SINGH GHUBAYA,FIROZPUR,Punjab,Lok Sabha,233049.0,2025-06-20T00:00:00.000Z,False,,FEROZEPUR(DEPUTY COMMISSIONER FIROZEPUR_IDA)
61956,Development of Play Ground at Rajmati Devi Saraswati Vidya Mandir Timli Pauri,Normal/Others,Dr. Kalpana Saini (2022-28),Sitting Rajya Sabha,Uttarakhand,Rajya Sabha,1800000.0,2025-06-21T00:00:00.000Z,True,,PAURI GARHWAL(DISTRICT MAGISTRATE PAURI GARHWAL_IDA)
178482,"Infrastructure Development of Chowkhamting LP School, Sissiborgaon LAC",Normal/Others,Pradan Baruah,LAKHIMPUR,Assam,Lok Sabha,500000.0,2025-06-21T00:00:00.000Z,True,,DHEMAJI(DEPUTY COMMISSIONER DHEMAJI_IDA)
140105,"2- Pl see my letter no 7897 dated 27-8-2024 me prastavit high mast light install in block Pinahat as par sr no
32,33,34,38,39,43,46,47,",Normal/Others,Rajkumar Chahar ,FATEHPUR SIKRI,Uttar Pradesh,Lok Sabha,1991603.0,2025-06-23T00:00:00.000Z,False,,AGRA(DISTRICT MAGISTRAE AGRA_IDA)
148268,"Construction of lane and drain from Main Chowk to Rashpal Singh House Kore Qusba  Ward no. 6, Pyt. Halqua Sprain, Barnoti, Hiranagar, Kathua.",Normal/Others,Jitendra Singh,UDHAMPUR,Jammu And Kashmir,Lok Sabha,120000.0,2025-06-23T00:00:00.000Z,True,,KATHUA(DISTRICT DEVELOPMENT COMMISSIONER KATHUA_IDA)
66483,New high mast street light at Rampur Sanramgarh,Normal/Others,Dr. K. Laxman (2022-28),Sitting Rajya Sabha,Uttar Pradesh,Rajya Sabha,124937.0,2025-06-23T00:00:00.000Z,False,,PRATAPGARH(DISTRICT MAGISTRAE PRATAPGARH_IDA)
150011,"Construction of  P. C. C. Road  work in path leading from shri Pintu dubey's house to shri Chandrabhushan dubey's house in village - Harsari, ward no. 12, village council Purainiya Harsari, Block - Narkatiyaganj, west champaran bihar. Estimated Amount Rs. 700000",Normal/Others,Shri Satish Chandra Dubey (2022-28),Sitting Rajya Sabha,Bihar,Rajya Sabha,597802.0,2025-06-24T00:00:00.000Z,False,,PASHCHIM CHAMPARAN(DISTRICT PLANNING OFFICER WEST CHAMPARANBETTIAH_IDA)
186199,"Constructing a reception counter and cupboard at the indoor badminton court within the police quarters premises in Adugodi, under the BTM Assembly Constituency of Bengaluru South Lok Sabha Constituency.",Normal/Others,Shri LS Tejasvi Surya ,BANGALORE SOUTH,Karnataka,Lok Sabha,499863.0,2025-06-24T00:00:00.000Z,False,,BENGALURU URBAN(DEPUTY COMMISSIONER BANGALORE URBAN_IDA)
191961,1P.C.C. Road construction MainroadtoArwindKumarshouse. House no L116 ward no21Shri KrishnapuriunderBankipurAssembly District patna,Normal/Others,Shri Shambhu Sharan Patel (2022-28),Sitting Rajya Sabha,Bihar,Rajya Sabha,1489100.0,2025-06-25T00:00:00.000Z,True,,PATNA(DISTRICT PLANNING OFFICER PATNA_IDA)
156335,Bisfi prakhand ke bisfi hat hafijul dr ke ghar se new masjid tak mittikaran aur PCC,Normal/Others,Dr. Faiyaz Ahmad (2022-28),Sitting Rajya Sabha,Bihar,Rajya Sabha,1134083.0,2025-06-26T00:00:00.000Z,False,,MADHUBANI(DISTRICT PLANNING OFFICER MADHUBANI_IDA)
134708,Providing High mast light at Puliyur in Nellivasalnadu panchayat,Normal/Others,CN Annadurai,TIRUVANNAMALAI,Tamil Nadu,Lok Sabha,434956.0,2025-06-27T00:00:00.000Z,True,,Tirupathur(District Collector Tirupathur_IDA)
161181,"HIGH MAST LIGHT WITH FOUR LED RECOMMENDED IN MY CONSTITUENCY RAMPUR BY IA UPSIC MORADABAD(VILLAGE RUSTAMPUR MAI BADAN SINGH JI KE GHAR KE PAS CHOWK MAI
HIGH MAST LIGHT)",Normal/Others,MOHIBBULLAH,RAMPUR,Uttar Pradesh,Lok Sabha,165627.0,2025-06-30T00:00:00.000Z,True,,RAMPUR(DISTRICT MAGISTRATE RAMPUR_IDA)
156674,CONSTRUCTION OF CONCRETE ROAD FROM THE H/O DUDKUMAR BOR TO BHAI BHAI SANGHA VIA NODO AT PASCHIMPARA IN PIYARAPUR GRAM PANCHAYAT UNDER SERAMPORE UTTARPARA BLOCK.,Normal/Others,Kalyan Banerjee,SREERAMPUR,West Bengal,Lok Sabha,749590.0,2025-06-30T00:00:00.000Z,True,,HOOGHLY(DISTRICT MAGISTRATE HOOGHLY_IDA)
152377,"HIGH MAST LIGHT WITH SIX LED RECOMMENDED IN MY CONSTITUENCY RAMPUR BY IA UPSIC MORADABAD(VILLAGE PAINDA NAGAR MAI SAKIB PRADHAN KE GHAR KE PAS CHORAHE PAR
HIGH MAST LIGHT)",Normal/Others,MOHIBBULLAH,RAMPUR,Uttar Pradesh,Lok Sabha,200502.0,2025-06-30T00:00:00.000Z,True,,RAMPUR(DISTRICT MAGISTRATE RAMPUR_IDA)
150226,"HIGH MAST LIGHT WITH SIX LED RECOMMENDED IN MY CONSTITUENCY RAMPUR BY IA UPSIC MORADABAD(VILLAGE DEVIPURA MAI 
JUMA MASJID KE PAS HIGH MAST LIGHT)",Normal/Others,MOHIBBULLAH,RAMPUR,Uttar Pradesh,Lok Sabha,200502.0,2025-06-30T00:00:00.000Z,True,,RAMPUR(DISTRICT MAGISTRATE RAMPUR_IDA)
142505,"High mask light in Bawriyo ka bas near Satynarayan Temple ,Village Lalap (S.C. Work)",Normal/Others,Shri Hanuman Beniwal,NAGAUR,Rajasthan,Lok Sabha,149829.0,2025-06-30T00:00:00.000Z,True,,NAGAUR(DISTRICT COLLECTOR NAGAUR_IDA)
150219,"HIGH MAST LIGHT WITH SIX LED RECOMMENDED IN MY CONSTITUENCY RAMPUR BY IA UPSIC MORADABAD(VILLAGE MUNDIYA RASOOLPUR MAI 
NAI MASJID KE PAS HIGH MAST LIGHT)",Normal/Others,MOHIBBULLAH,RAMPUR,Uttar Pradesh,Lok Sabha,200502.0,2025-06-30T00:00:00.000Z,True,,RAMPUR(DISTRICT MAGISTRATE RAMPUR_IDA)
140430,"Construction of CC road from Aogram Masjid tola toAnai sk house at GATISTHA GP ,Executing Agency E O Mongal kote Panchayet Samity.",Normal/Others,Asit Kumar Mal ,BOLPUR,West Bengal,Lok Sabha,356195.0,2025-06-30T00:00:00.000Z,True,,PURBA BARDHAMAN(DISTRICT MAGISTRATE PURBA BARDHAMAN_IDA)
200224,BT road,Normal/Others,Shri R. Dharmar (2022-28),Sitting Rajya Sabha,Tamil Nadu,Rajya Sabha,2000000.0,2025-07-01T00:00:00.000Z,True,,SIVAGANGA(DISTRICT COLLECTOR SIVAGANGA_IDA)
138109,CC interlocking eat kharanja Nirman karya RatanSingh ke Ghar se Mangal ke Ghar ki or Avam vibhinn galiyan BhiriGanj work agency GP khemra,Normal/Others,SANJNA JATAV,BHARATPUR,Rajasthan,Lok Sabha,399709.0,2025-07-02T00:00:00.000Z,True,,BHARATPUR(DISTRICT COLLECTOR BHARATPUR_IDA)
155990,"INSTALLATION OF 2 NOS. OF SOLAR STREET LIGHTS (WITH 6 MTR. G.I. POLE & 1 NO. 20 WATT LED BULB) IN THE FOLLOWING LOCATIONS UNDER PRATAPNAGAR GP UNDER SONARPUR DAKSHIN AC: 
1)	MAKRAMPUR NATUN PALLY (VILL: MAKRAMPUR)
2)	NAVASAN SARDARPARA THAKUR TALA (VILL: NABASAN)",Normal/Others,SAYANI GHOSH,JADAVPUR,West Bengal,Lok Sabha,68986.0,2025-07-02T00:00:00.000Z,True,,South 24 Parganas(DISTRICT MAGISTRATE SOUTH TWENTY FOUR PARGANAS_IDA)
175447,Installation of MML at Yusuf Mukku wad 15  in Kizhuvilam Grama Panchayath,Normal/Others,Adv Adoor Prakash ,ATTINGAL,Kerala,Lok Sabha,250064.0,2025-07-02T00:00:00.000Z,True,,THIRUVANANTHAPURAM(DISTRICT COLLECTOR THIRUVANANTHAPURAM_IDA)
175445,Installation of MML near Vennichira Muslim Jama Ath Mosque  in Kilimanoor Grama Panchayath,Normal/Others,Adv Adoor Prakash ,ATTINGAL,Kerala,Lok Sabha,242517.0,2025-07-02T00:00:00.000Z,True,,THIRUVANANTHAPURAM(DISTRICT COLLECTOR THIRUVANANTHAPURAM_IDA)
75815,"Construction of C.C. Road at Deobhubanpur Rangapada from Akhada Danda to Mohato House in Deobhubanpur, Balisankara Block, Sundargarh District",Normal/Others,Dr. Sasmit Patra (2022-28),Sitting Rajya Sabha,Odisha,Rajya Sabha,300000.0,2025-07-02T00:00:00.000Z,True,,Sundaragada(DISTRICT COLLECTOR SUNDARGARH_IDA)
187864,Erection of High mast Light near Sunkari Raghupati House No. 4-31 in  Gollakunta (V) of  Akkannapeta (M),Normal/Others,Sanjay Kumar Bandi,KARIMNAGAR,Telangana,Lok Sabha,100000.0,2025-07-02T00:00:00.000Z,False,,SIDDIPET(District Collector Siddipet_IDA)
184573,Laying of CC Road from ZPHS to Krida Pranganam at Salbathapur (V) of Dharur (M),Normal/Others,KONDA VISHWESHWAR REDDY,CHELVELLA,Telangana,Lok Sabha,124702.0,2025-07-03T00:00:00.000Z,True,,VIKARABAD(DISTRICT COLLECTOR VIKARABAD_2)
191993,"P.C.CRoadconstructionworkwith drainage fromShCheekuSharmas house to Late Vinod Kumar Jhas house inRohininagarJakariyapur UnderPatnaSahibAssembly,District Patna",Normal/Others,Shri Shambhu Sharan Patel (2022-28),Sitting Rajya Sabha,Bihar,Rajya Sabha,1245100.0,2025-07-03T00:00:00.000Z,True,,PATNA(DISTRICT PLANNING OFFICER PATNA_IDA)
168898,"CC Road from Grama Sachivalayam to  Anganwadi School in NGO Colony, Bodumalluvaripalli (G.P)",Normal/Others,Midhun Reddy,RAJAMPET,Andhra Pradesh,Lok Sabha,499754.0,2025-07-04T00:00:00.000Z,True,,Annamayya(DISTRICT COLLECTOR ANNAMAYYA_IDA)
99993,"GRAM PANCHAYAT HARIPUR KALAN MEIN WARD NO - 13 MEIN SHIV RUDRA DHAM SE BHISHM PRATAP SINGH KE MAKAN TAK CC TILES ROAD NIRMAN
IA(KARYADAI SANSTATHA) - NAGAR PALIKA PARISHAD HERBURTPUR",Normal/Others,Shri Naresh Bansal (2020-26),Sitting Rajya Sabha,Uttarakhand,Rajya Sabha,499553.0,2025-07-04T00:00:00.000Z,True,,DEHRADUN(DISTRICT MAGISTRATE DEHRADUN_IDA)
162834,Sundara Gam Na Pravesh Dhwar Pachi Gam toran Mata Vaherai Nu Mandir Ane Chowk Vistarma C.C. Road nu Kam,Normal/Others,Mitesh Rameshbhai Bakabhai Patel,ANAND,Gujarat,Lok Sabha,499000.0,2025-07-04T00:00:00.000Z,False,,ANAND(District Collector ANAND_IDA)
162813,Baharpura Vistarma Jognimata Na Mandir Pasena Vistarma Shed Nu Kam,Normal/Others,Mitesh Rameshbhai Bakabhai Patel,ANAND,Gujarat,Lok Sabha,29900.0,2025-07-05T00:00:00.000Z,False,,ANAND(District Collector ANAND_IDA)
196280,Construction of New bore well with Motor  Pipe in Puduvellantheru area of Thirumalaipatti Panchayat in Puduchathiram Panchayat Union,Normal/Others,V S Matheswaran,NAMAKKAL,Tamil Nadu,Lok Sabha,459750.0,2025-07-05T00:00:00.000Z,True,,NAMAKKAL(DISTRICT COLLECTOR NAMAKKAL_IDA)
138591,Providing Highmass light at ward no.25 near Solipalayam Bus stop - Tiruppur corporation,Normal/Others,K Subbarayan,TIRUPPUR,Tamil Nadu,Lok Sabha,535393.0,2025-07-05T00:00:00.000Z,True,,TIRUPPUR(DISTRICT COLLECTOR TIRUPPUR_IDA)
192773,Construction of Flood Control Embankments at Safung Khola at Safun Village,Normal/Others,Shri Dorjee Tshering Lepcha (2024-30),Sitting Rajya Sabha,Sikkim,Rajya Sabha,999256.0,2025-07-05T00:00:00.000Z,False,,Pakyong(DISTRICT COLLECTOR PAKYONG_IDA)
141181,Installation of fixed garden gym equipment,Normal/Others,SARABJEET SINGH KHALSA,FARIDKOT,Punjab,Lok Sabha,300000.0,2025-07-07T00:00:00.000Z,True,,MOGA(Deputy Commissioner Moga)
141172,Installation of fixed garden gym equipment,Normal/Others,SARABJEET SINGH KHALSA,FARIDKOT,Punjab,Lok Sabha,300000.0,2025-07-07T00:00:00.000Z,True,,MOGA(Deputy Commissioner Moga)
141168,Installation of fixed garden gym equipment,Normal/Others,SARABJEET SINGH KHALSA,FARIDKOT,Punjab,Lok Sabha,300000.0,2025-07-07T00:00:00.000Z,True,,MOGA(Deputy Commissioner Moga)
143323,"Construction of Retaining wall near Sub Centre, Upper Sakawrdai",Normal/Others,RICHARD VANLALHMANGAIHA,MIZORAM,Mizoram,Lok Sabha,250000.0,2025-07-07T00:00:00.000Z,False,,AIZAWL(DEPUTY COMMISSIONER AIZAWL_IDA)
106442,"100 TABLE & CHAIR/BENCH AT GOVERNMENT INTER COLLEGE ,DHOBALWALA
IA(KARYADAI SANSTATHA ) - NAGAR PALIKA PARISHAD HERBURTPUR",Normal/Others,Shri Naresh Bansal (2020-26),Sitting Rajya Sabha,Uttarakhand,Rajya Sabha,720000.0,2025-07-07T00:00:00.000Z,True,,DEHRADUN(DISTRICT MAGISTRATE DEHRADUN_IDA)
145351,"Construction of Ummerkoya - Muhammed haji road /pathway 2nd reach, ward No. 03, Kalikavu Panchayat",Normal/Others,Shri Abdul Wahab (2021-27),Sitting Rajya Sabha,Kerala,Rajya Sabha,472899.0,2025-07-07T00:00:00.000Z,True,,MALAPPURAM(DISTRICT COLLECTOR MALAPPURAM_IDA)
151617,High Mask Light,Normal/Others,VIJAYLAKSHMI DEVI,SIWAN,Bihar,Lok Sabha,958500.0,2025-07-07T00:00:00.000Z,True,,SIWAN(DISTRICT PLANNING OFFICER SIWAN_IDA)
43931,CONSTRUCTION OF PCC ROAD FROM WAKEEL PASWAN HOUSE TO BRAJESH SHARMA HOUSE IN NAUGARHI NORTH PANCHAYAT,Normal/Others,Shri Khiru Mahto (2022-28),Sitting Rajya Sabha,Bihar,Rajya Sabha,347950.0,2025-07-08T00:00:00.000Z,True,,MUNGER(DISTRICT PLANNING OFFICER MUNGER_IDA)
162928,Construction of CD near to the the temple exist in Prakash bahaddurqbandi land comes in the way of kidadal of koppal assembly constituency,Normal/Others,K. RAJASHEKAR BASAVARAJ HITNAL,KOPPAL,Karnataka,Lok Sabha,497319.0,2025-07-08T00:00:00.000Z,True,,KOPPAL(DEPUTY COMMISSIONER KOPPAL_IDA)
158964,Installation of a Hybrid Solar High-Mast Light,Normal/Others,Smt. Ranjeet Ranjan (2022-28),Sitting Rajya Sabha,Chhattisgarh,Rajya Sabha,496500.0,2025-07-08T00:00:00.000Z,True,,JANJGIR-CHAMPA(DISTRICT COLLECTOR JANJGIR CHAMPA_IDA)
169873,Construction of Shed for Public uses at Bagur village under supervision of Subsit GP,Normal/Others,Smt Sajda Ahmed,ULUBERIA,West Bengal,Lok Sabha,449480.0,2025-07-08T00:00:00.000Z,True,,HOWRAH(DISTRICT MAGISTRATE HOWRAH_IDA)
158944,Installation of a Hybrid Solar High-Mast Light,Normal/Others,Smt. Ranjeet Ranjan (2022-28),Sitting Rajya Sabha,Chhattisgarh,Rajya Sabha,496500.0,2025-07-08T00:00:00.000Z,True,,JANJGIR-CHAMPA(DISTRICT COLLECTOR JANJGIR CHAMPA_IDA)
157174,muler game balvantbhai jayamalbhai na ghar thi panchayat sudhi pevar block nu kam,Normal/Others,Mansukhbhai Dhanjibhai Vasava,BHARUCH,Gujarat,Lok Sabha,299970.0,2025-07-08T00:00:00.000Z,False,,BHARUCH(DISTRICT COLLECTOR BROACH_IDA)
151622,High Mask Light,Normal/Others,VIJAYLAKSHMI DEVI,SIWAN,Bihar,Lok Sabha,958500.0,2025-07-08T00:00:00.000Z,True,,SIWAN(DISTRICT PLANNING OFFICER SIWAN_IDA)
158881,"Construction of lane and drain from the shop of Harbans Raina to Rahul Singh , At Shiva Nagar, Ward no. 19, Kathua.",Normal/Others,Jitendra Singh,UDHAMPUR,Jammu And Kashmir,Lok Sabha,114000.0,2025-07-08T00:00:00.000Z,True,,KATHUA(DISTRICT DEVELOPMENT COMMISSIONER KATHUA_IDA)
177958,Purchase of Mobile water tanker at Village Sharih Wala Saida ( Capasity 3000 Ltrs.),Normal/Others,SHER SINGH GHUBAYA,FIROZPUR,Punjab,Lok Sabha,240910.0,2025-07-09T00:00:00.000Z,False,,FEROZEPUR(DEPUTY COMMISSIONER FIROZEPUR_IDA)
148627,"Drilling of Borewell at SC- Colony in Shathapuram(v) of
Palakurthy(M) Jangaon Dist",Normal/Others,Shri Damodar Rao Divakonda (2022-28),Sitting Rajya Sabha,Telangana,Rajya Sabha,83958.0,2025-07-09T00:00:00.000Z,False,,JANGOAN(DISTRICT COLLECTOR JANGAON_IDA)
148620,"Drilling of Borewell at cheruvukatta in Visnoor
(v) of  Palakurthy((M) Jangaon Dist",Normal/Others,Shri Damodar Rao Divakonda (2022-28),Sitting Rajya Sabha,Telangana,Rajya Sabha,83958.0,2025-07-09T00:00:00.000Z,False,,JANGOAN(DISTRICT COLLECTOR JANGAON_IDA)
159394,"Development Work in Bangalore Urban District, Bangalore South Taluk, Kempagondanahalli Village Main Road to Majeed House Road",Normal/Others,Shri G.C. Chandrashekhar (2024-30),Sitting Rajya Sabha,Karnataka,Rajya Sabha,499109.0,2025-07-09T00:00:00.000Z,False,,BENGALURU URBAN(DEPUTY COMMISSIONER BANGALORE URBAN_IDA)
148679,"Drilling of Borwell and fixing of 1.0 HP pumpset at gutta  in Palakurtgy, Mandal: Palakurthy Jangaon Dist",Normal/Others,Shri Damodar Rao Divakonda (2022-28),Sitting Rajya Sabha,Telangana,Rajya Sabha,149644.0,2025-07-09T00:00:00.000Z,False,,JANGOAN(DISTRICT COLLECTOR JANGAON_IDA)
138279,Construction of CC Road from Deshbandhu Club to H/O Subhas Mallick at Chakparan.(167 mtr),Normal/Others,Shri Abhishek Banerjee,DIAMOND HARBOUR,West Bengal,Lok Sabha,389748.0,2025-07-09T00:00:00.000Z,False,,South 24 Parganas(DISTRICT MAGISTRATE SOUTH TWENTY FOUR PARGANAS_IDA)
155610,"Installation of cctv cameras in ward no. 30 (Sec-41, Buterla & Badheri), Chandigarh.",Normal/Others,MANISH TEWARI,CHANDIGARH,Chandigarh,Lok Sabha,495201.0,2025-07-10T00:00:00.000Z,True,,CHANDIGARH(DEPUTY COMMISSIONER ZILLA PARISHAD CHANDIGARH_IDA)
148618,"Supply and Fixing of 1.0HP pump set at Gouda communityhall in Dhardhepally(v) of
Palakurthy(M) Jangaon Dist",Normal/Others,Shri Damodar Rao Divakonda (2022-28),Sitting Rajya Sabha,Telangana,Rajya Sabha,64725.0,2025-07-10T00:00:00.000Z,False,,JANGOAN(DISTRICT COLLECTOR JANGAON_IDA)
156645,ghoda game adiwasi faliya ma block peving nu kam,Normal/Others,Mansukhbhai Dhanjibhai Vasava,BHARUCH,Gujarat,Lok Sabha,299000.0,2025-07-11T00:00:00.000Z,True,,BHARUCH(DISTRICT COLLECTOR BROACH_IDA)
181049,melusan game gam chokma pavar block work,Normal/Others,Bharatsinhji Shankarji Dabhi,PATAN,Gujarat,Lok Sabha,300000.0,2025-07-11T00:00:00.000Z,True,,PATAN(DISTRICT COLLECTOR PATAN_IDA)
50996,construction of PCC road from bridge in ward no.2 of karhariya East panchayat to the house of Babua jee,Normal/Others,Shri Khiru Mahto (2022-28),Sitting Rajya Sabha,Bihar,Rajya Sabha,395710.0,2025-07-12T00:00:00.000Z,True,,MUNGER(DISTRICT PLANNING OFFICER MUNGER_IDA)
197265,"Installation of 13 Nos Street Light from Bansra GP office to Ghutiary Sharif Balika Vidyalaya under Bansra GP.per Light  (Heights- 7.0 MTR, wattage-70 WT  1 NO. bulb",Normal/Others,Pratima Mondal ,JOYNAGAR,West Bengal,Lok Sabha,349847.0,2025-07-14T00:00:00.000Z,True,,South 24 Parganas(DISTRICT MAGISTRATE SOUTH TWENTY FOUR PARGANAS_IDA)
186905,"5500-Liter, Tyre 900x16 Water Tanker",Normal/Others,Shri Anil Firojiya,UJJAIN,Madhya Pradesh,Lok Sabha,159212.0,2025-07-15T00:00:00.000Z,True,,RATLAM(District Collector Ratlam_IDA)
154658,GRAM PANCHAYAT BARKHERA ME 5000 LTR PANEE KE TANKER KI KHAREED,Normal/Others,RAHUL SINGH LODHI,DAMOH,Madhya Pradesh,Lok Sabha,198723.0,2025-07-15T00:00:00.000Z,True,,SAGAR(DISTRICT COLLECTOR SAGAR_IDA)
160190,CREMATORIUMS OF PAVER  block WORK in Velavadar village the of Kshatriya community,Normal/Others,CHANDUBHAI CHHAGANBHAI SHIHORA,SURENDRANAGAR,Gujarat,Lok Sabha,494981.0,2025-07-15T00:00:00.000Z,False,,SURENDRANAGAR(DISTRICT COLLECTOR SURENDRANAGAR_IDA)
43925,CONSTRUCTION OF PCC ROAD FROM DELESWAR YADAV GODOWN TO TULU YADAV HOUSE IN SHANKARPUR PANCHAYAT,Normal/Others,Shri Khiru Mahto (2022-28),Sitting Rajya Sabha,Bihar,Rajya Sabha,397199.0,2025-07-15T00:00:00.000Z,True,,MUNGER(DISTRICT PLANNING OFFICER MUNGER_IDA)
201168,"Science Lab Equipments to Government High School, Thensiruvalur, Vanur",Normal/Others,D Ravikumar ,VILUPPURAM,Tamil Nadu,Lok Sabha,600000.0,2025-07-16T00:00:00.000Z,False,,Viluppuram(DISTRICT COLLECTOR VILLUPURAM_IDA)
196449,Construction of PCC road from the plot of Ram Babu Singh to the boundary wall of Isranandan Singh in ward no.14 Rampur,Normal/Others,Shri Khiru Mahto (2022-28),Sitting Rajya Sabha,Bihar,Rajya Sabha,1479600.0,2025-07-16T00:00:00.000Z,True,,PATNA(DISTRICT PLANNING OFFICER PATNA_IDA)
107762,"For Shri Guru Ravidass Dharamshala Building Maintenance, repair and renovation. (SC)",Normal/Others,Shri Sant Balbir Singh (2022-28),Sitting Rajya Sabha,Punjab,Rajya Sabha,300000.0,2025-07-17T00:00:00.000Z,False,,Shahid Bhagat Singh Nagar(Deputy Commissioner Shahid Bhagat Singh Nagar_ida)
151050,Installation of a semi-high mast light with six LEDs at a public place in consultation with Shri Ram Rais in village Mahalai of Farrukhabad Assembly constituency of my parliamentary constituency Farrukhabad. mobile number 9793586868. (Executing Agency UPSIC Muradabad),Normal/Others,Mukesh Rajput,FARRUKHABAD,Uttar Pradesh,Lok Sabha,222921.0,2025-07-17T00:00:00.000Z,True,,FARRUKHABAD(DISTRICT MAGISTRAE FARRUKHABAD_IDA)
151214,"Installation of a semi high mast light with six LEDs at a public place in consultation with Shri Biltu Thakur in village Bahorikpur of Bhojpur assembly of my parliamentary constituency Farrukhabad. mobile number 8081100486
(Executing Agency UPSIC Muradabad)",Normal/Others,Mukesh Rajput,FARRUKHABAD,Uttar Pradesh,Lok Sabha,222921.0,2025-07-17T00:00:00.000Z,True,,FARRUKHABAD(DISTRICT MAGISTRAE FARRUKHABAD_IDA)
151221,"Installation of a six LED semi high mast light at a public place in village Jyota of Bhojpur assembly of my parliamentary constituency Farrukhabad in consultation with Shri Aman Rathore. mobile number 9580197005
(Executing Agency UPSIC Muradabad)",Normal/Others,Mukesh Rajput,FARRUKHABAD,Uttar Pradesh,Lok Sabha,222921.0,2025-07-17T00:00:00.000Z,True,,FARRUKHABAD(DISTRICT MAGISTRAE FARRUKHABAD_IDA)
151303,"Installation of a semi-high mast light with six LEDs at a public place in consultation with Shri Sushil Rajput near village Damdera of Kayamganj assembly of my parliamentary constituency Farrukhabad. mobile number 9452261414.
(Executing Agency UPSIC Muradabad)",Normal/Others,Mukesh Rajput,FARRUKHABAD,Uttar Pradesh,Lok Sabha,222921.0,2025-07-17T00:00:00.000Z,True,,FARRUKHABAD(DISTRICT MAGISTRAE FARRUKHABAD_IDA)
151328,Installation of a semi-high mast light with six LEDs at a public place in consultation with Shri Anil Rajput in village Sultanganj Khareta of Kayamganj assembly of my parliamentary constituency Farrukhabad. mobile number 9125057739. (Executing Agency UPSIC Muradabad),Normal/Others,Mukesh Rajput,FARRUKHABAD,Uttar Pradesh,Lok Sabha,222921.0,2025-07-17T00:00:00.000Z,True,,FARRUKHABAD(DISTRICT MAGISTRAE FARRUKHABAD_IDA)
167516,"Construction of CC Road from Tikkavarapu Srinivasulu Reddy house to Ippagunta Ravi Kumar reddy house in Parlapalli GP, Vidavalur Mandal",Normal/Others,PRABHAKAR REDDY VEMIREDDY,NELLORE,Andhra Pradesh,Lok Sabha,500000.0,2025-07-18T00:00:00.000Z,True,,Sri Potti Sriramulu Nellore(DISTRICT COLLECTOR NELLORE_IDA)
173633,Work of Bore recharging structure in Navanagar faliya at Balvada village,Normal/Others,C R Patil,NAVSARI,Gujarat,Lok Sabha,193977.0,2025-07-18T00:00:00.000Z,True,,NAVSARI(DISTRICT COLLECTOR NAVSARI_IDA)
164316,Construction of buildings for community cultural activities AT Village Raipur,Normal/Others,MALVINDER SINGH KANG,ANANDPUR SAHIB,Punjab,Lok Sabha,250000.0,2025-07-18T00:00:00.000Z,True,,RUPNAGAR(DEPUTY COMMISSIONER ROOPNAGAR_IDA)
161253,"Construction of rooms and halls in school and colleges, Government Higher Primary School, I. Gollahalli, Kanakapura Taluk, Ramanagara District, Karnataka State.",Normal/Others,DR C N MANJUNATH,BANGALORE RURAL,Karnataka,Lok Sabha,200000.0,2025-07-19T00:00:00.000Z,True,,Bengaluru South(DEPUTY COMMISSIONER RAMANAGARA_IDA)
147147,"Construction of PCC Road near Ajay Kumar's house's at Saket Nagar, on JAP 2 road under Chatra Panchayat, Angara block, Ranchi.",Normal/Others,Sanjay Seth ,RANCHI,Jharkhand,Lok Sabha,330100.0,2025-07-20T00:00:00.000Z,False,,RANCHI(DEPUTY COMMISSIONER RANCHI_IDA)
187555,Interlocking work in Gram Sabha Arjunpur from Amresh Patels door to Hanuman jis temple. Length 100 m.,Normal/Others,Shri Narendra Modi,VARANASI,Uttar Pradesh,Lok Sabha,390647.0,2025-07-21T00:00:00.000Z,True,,VARANASI(DISTRICT MAGISTRAE VARANASI_IDA)
186897,"5500-Liter, Tyre 900x16 Water Tanker",Normal/Others,Shri Anil Firojiya,UJJAIN,Madhya Pradesh,Lok Sabha,160761.0,2025-07-22T00:00:00.000Z,True,,UJJAIN(DISTRICT COLLECTOR UJJAIN_IDA)
150413,Open GYM,Normal/Others,Dr. Kavita Patidar (2022-28),Sitting Rajya Sabha,Madhya Pradesh,Rajya Sabha,794048.0,2025-07-22T00:00:00.000Z,True,,UJJAIN(DISTRICT COLLECTOR UJJAIN_IDA)
198613,12-63 shree avadhesh singh ke chhovanee ke paas,Normal/Others,MANOJ KUMAR,SASARAM,Bihar,Lok Sabha,223289.0,2025-07-22T00:00:00.000Z,False,,KAIMUR (BHABUA)(DISTRICT PLANNING OFFICER KAIMUR BHABUA_IDA)
164173,"Construction of Community Hall in SHIRUR Village, Property No.642-1 (Hemaraddi Mallamma Vikas Samsthe (R), Shirur)",Trust and Society,Parvatagouda Chandanagouda Gaddigoudar,BAGALKOT,Karnataka,Lok Sabha,497506.0,2025-07-22T00:00:00.000Z,False,,BAGALKOTE(DEPUTY COMMISSIONER BAGALKOT_IDA)
192260,Installing a big hand pump (India Mark III) at a public place,Normal/Others,Dr. Bhim Singh (2024-30),Sitting Rajya Sabha,Bihar,Rajya Sabha,81782.0,2025-07-22T00:00:00.000Z,True,,PATNA(DISTRICT PLANNING OFFICER PATNA_IDA)
149759,"Installation of sollar system LED light (Four Wings with nine meter hight ) at Ratna village, infront of Rabiram Adhikary house at Dhamua North G.P.",Normal/Others,Pratima Mondal ,JOYNAGAR,West Bengal,Lok Sabha,169884.0,2025-07-22T00:00:00.000Z,True,,South 24 Parganas(DISTRICT MAGISTRATE SOUTH TWENTY FOUR PARGANAS_IDA)
142544,Oddanchatram Municipality - Ward No: 4 - old Gandhi Market Complex @ Three High Mast light,Normal/Others,SACHITHANANTHAM R,DINDIGUL,Tamil Nadu,Lok Sabha,3000000.0,2025-07-22T00:00:00.000Z,False,,DINDIGUL(DISTRICT COLLECTOR DINDIGUL_IDA)
150414,Open Gym,Normal/Others,Dr. Kavita Patidar (2022-28),Sitting Rajya Sabha,Madhya Pradesh,Rajya Sabha,794048.0,2025-07-22T00:00:00.000Z,True,,UJJAIN(DISTRICT COLLECTOR UJJAIN_IDA)
146484,L.No. 184 Dt 07.10.2024 Gram Panchayat Masangaon ke  GramMasangaon me,Normal/Others,Durga Das Uikey ,BETUL,Madhya Pradesh,Lok Sabha,259942.0,2025-07-23T00:00:00.000Z,True,,HARDA(District Collector Harda_IDA)
80677,VALMIL DHARAMSHALA,Normal/Others,Shri Harbhajan Singh (2022-28),Sitting Rajya Sabha,Punjab,Rajya Sabha,1000000.0,2025-07-23T00:00:00.000Z,True,,JALANDHAR(DEPUTY COMMISSIONER JALANDHAR_IDA)
155124,Construction of street from h/o Arun Panch to h/o Mohan Lal,Normal/Others,NAVEEN JINDAL,KURUKSHETRA,Haryana,Lok Sabha,295378.0,2025-07-23T00:00:00.000Z,True,,KURUKSHETRA(DEPUTY COMMISSIONER KURUKSHETRA_IDA)
156987,Construction of PCC Road in Babhanpura in ward no.15 from the house of Ajay jee towards the house of Gopal Singh jee,Normal/Others,Shri Khiru Mahto (2022-28),Sitting Rajya Sabha,Bihar,Rajya Sabha,1493131.0,2025-07-23T00:00:00.000Z,True,,PATNA(DISTRICT PLANNING OFFICER PATNA_IDA)
208568,Installation of high mast light at sports ground Bhuwalpur. (Sl no. 5),Normal/Others,Ajay Kumar Mandal,BHAGALPUR,Bihar,Lok Sabha,918100.0,2025-07-24T00:00:00.000Z,True,,BHAGALPUR(DISTRICT PLANNING OFFICER BHAGALPUR_IDA)
208575,Installation of high mast light in Panchayat murhan jameen at sports field of village badi jameen.,Normal/Others,Ajay Kumar Mandal,BHAGALPUR,Bihar,Lok Sabha,918100.0,2025-07-24T00:00:00.000Z,True,,BHAGALPUR(DISTRICT PLANNING OFFICER BHAGALPUR_IDA)
208576,Installation of high mast light in Panchayat mathurapur near mathurapur bazar anaaj patti.,Normal/Others,Ajay Kumar Mandal,BHAGALPUR,Bihar,Lok Sabha,918100.0,2025-07-24T00:00:00.000Z,True,,BHAGALPUR(DISTRICT PLANNING OFFICER BHAGALPUR_IDA)
153372,Badi Khangah Dargah Ke Pass High mast Light,Normal/Others,JITENDRA KUMAR DOHARE,ETAWAH,Uttar Pradesh,Lok Sabha,269328.0,2025-07-24T00:00:00.000Z,False,,ETAWAH(DISTRICT MAGISTRATE ETAWAH_IDA)
149236,etawah mein near vijay nagar chauraha mandi hight must light,Normal/Others,JITENDRA KUMAR DOHARE,ETAWAH,Uttar Pradesh,Lok Sabha,269328.0,2025-07-24T00:00:00.000Z,False,,ETAWAH(DISTRICT MAGISTRATE ETAWAH_IDA)
162517,making of Pathway (Paving Block) for Reliya Gadhula,Normal/Others,NIMUBEN JAYANTIBHAI BAMBHANIYA,BHAVNAGAR,Gujarat,Lok Sabha,300000.0,2025-07-24T00:00:00.000Z,True,,BHAVNAGAR(DISTRICT COLLECTOR BHAVNAGAR_IDA)
146274,"S.N0-24, Parshuram Mandir ke Pass, High Mast LED Light (9.5 mtrs MS Pole with 6 LED Light 150 W)",Normal/Others,Shri B.L. Verma (2020-26),Sitting Rajya Sabha,Uttar Pradesh,Rajya Sabha,169600.0,2025-07-24T00:00:00.000Z,True,,BUDAUN(DISTRICT MAGISTRATE BUDAUN_IDA)
146186,"S.N0-1, Near Gaddi Tola Masjid, High Mast LED Light (9.5 mtrs MS Pole with 6 LED Light 150 W)",Normal/Others,Shri B.L. Verma (2020-26),Sitting Rajya Sabha,Uttar Pradesh,Rajya Sabha,169600.0,2025-07-24T00:00:00.000Z,True,,BUDAUN(DISTRICT MAGISTRATE BUDAUN_IDA)
144836,"S.N0-21, DATAGUNJ TIRAHAHA High Mast LED Light (9.5 mtrs MS Pole with 6 LED Light 150 W)",Normal/Others,Shri B.L. Verma (2020-26),Sitting Rajya Sabha,Uttar Pradesh,Rajya Sabha,169600.0,2025-07-24T00:00:00.000Z,True,,BUDAUN(DISTRICT MAGISTRATE BUDAUN_IDA)
144822,"S.N0-27, Chamunda Chowk Jalandhari Sarai, High Mast LED Light (9.5 mtrs MS Pole with 6 LED Light 150 W)",Normal/Others,Shri B.L. Verma (2020-26),Sitting Rajya Sabha,Uttar Pradesh,Rajya Sabha,169600.0,2025-07-24T00:00:00.000Z,True,,BUDAUN(DISTRICT MAGISTRATE BUDAUN_IDA)
144401,"S.N0-3, High Mast LED Light (9.5 mtrs MS Pole with 6 LED Light 150 W)",Normal/Others,Shri B.L. Verma (2020-26),Sitting Rajya Sabha,Uttar Pradesh,Rajya Sabha,169600.0,2025-07-24T00:00:00.000Z,True,,BUDAUN(DISTRICT MAGISTRATE BUDAUN_IDA)
189193,CONSTRUCTION OF PCC ROAD AND UNDERGROUND DRAIN,Normal/Others,Dr. Bhim Singh (2024-30),Sitting Rajya Sabha,Bihar,Rajya Sabha,1118000.0,2025-07-24T00:00:00.000Z,True,,PATNA(DISTRICT PLANNING OFFICER PATNA_IDA)
146276,"S.N0-26, Khatu Shyam Mandir ke Pass, High Mast LED Light (9.5 mtrs MS Pole with 6 LED Light 150 W)",Normal/Others,Shri B.L. Verma (2020-26),Sitting Rajya Sabha,Uttar Pradesh,Rajya Sabha,169600.0,2025-07-24T00:00:00.000Z,True,,BUDAUN(DISTRICT MAGISTRATE BUDAUN_IDA)
146192,"S.N0-9,Indira Colony, High Mast LED Light (9.5 mtrs MS Pole with 6 LED Light 150 W)",Normal/Others,Shri B.L. Verma (2020-26),Sitting Rajya Sabha,Uttar Pradesh,Rajya Sabha,169600.0,2025-07-24T00:00:00.000Z,True,,BUDAUN(DISTRICT MAGISTRATE BUDAUN_IDA)
197850,Construction of Threshing floor at madukalvaai area in Thachambady panchayat,Normal/Others,THARANIVENTHAN M S,ARANI,Tamil Nadu,Lok Sabha,499750.0,2025-07-25T00:00:00.000Z,True,,TIRUVANNAMALAI(DISTRICT COLLECTOR TIRUVANNAMALAI_IDA)
149068,"Setting up of Smart class in Government High School,Lakkinampatti,Kundrandar Koyil,Kulathur Tk",Normal/Others,Smt S Jothimani,KARUR,Tamil Nadu,Lok Sabha,200000.0,2025-07-25T00:00:00.000Z,True,,PUDUKKOTTAI(DISTRICT COLLECTOR PUDUKKOTTAI_IDA)
161756,Supply of Sports Equipements to Government Higher Secondary School Morapakkam,Normal/Others,Ganesan Selvam,KANCHEEPURAM,Tamil Nadu,Lok Sabha,250000.0,2025-07-26T00:00:00.000Z,True,,CHENGALPATTU(District Collector Chengalpattu_IDA)
161762,Supply of Sports Equipments To Government Higher Secondary School Padalam,Normal/Others,Ganesan Selvam,KANCHEEPURAM,Tamil Nadu,Lok Sabha,250000.0,2025-07-26T00:00:00.000Z,True,,CHENGALPATTU(District Collector Chengalpattu_IDA)
199098,Concreting of Manaluvila Kaadutharisu byline,Normal/Others,Dr Shashi Tharoor,THIRUVANANTHAPURAM,Kerala,Lok Sabha,352879.0,2025-07-26T00:00:00.000Z,False,,THIRUVANANTHAPURAM(DISTRICT COLLECTOR THIRUVANANTHAPURAM_IDA)
151482,Block road work near Bhagubhai Jiyani Dhar in Garmali Jiyani village,Normal/Others,BHARATBHAI MANUBHAI SUTARIYA,AMRELI,Gujarat,Lok Sabha,287700.0,2025-07-28T00:00:00.000Z,True,,AMRELI(DISTRICT COLLECTOR AMRELI_IDA)
151897,Work on block road in plot area of Jarkhia village,Normal/Others,BHARATBHAI MANUBHAI SUTARIYA,AMRELI,Gujarat,Lok Sabha,500000.0,2025-07-28T00:00:00.000Z,True,,AMRELI(DISTRICT COLLECTOR AMRELI_IDA)
156728,"Cricket Pitch, Cricket Turf 45x10 feet, Cricket Astro Turf, Cricket net all around with roof, Cricket set, Foot Ball post, Volley ball post, Basket Ball post with Board, Kho Kho Post with first quality wood, Single cross strainer fixed, Skywalk fixed, Spinning wheel fixed with required accessories for complete usage of the developed ground.",Normal/Others,D Ravikumar ,VILUPPURAM,Tamil Nadu,Lok Sabha,810000.0,2025-07-29T00:00:00.000Z,False,,Viluppuram(DISTRICT COLLECTOR VILLUPURAM_IDA)
140385,Lighting of public spaces in Sirumalai @palaiyur high mast light,Normal/Others,SACHITHANANTHAM R,DINDIGUL,Tamil Nadu,Lok Sabha,499500.0,2025-07-29T00:00:00.000Z,False,,DINDIGUL(DISTRICT COLLECTOR DINDIGUL_IDA)
167582,"Construction of road to the Burial Ground of Scheduled Caste of  Indlawadipura at survey No. 21, Indlawadi Grama Panchayath, Anekal Taluk, Bangalore Urban District, Karnataka State.",Normal/Others,DR C N MANJUNATH,BANGALORE RURAL,Karnataka,Lok Sabha,497348.0,2025-07-29T00:00:00.000Z,False,,BENGALURU URBAN(DEPUTY COMMISSIONER BANGALORE URBAN_IDA)
192960,"Development of playground of Maharshi shyam sundar das college, Chakki from north to west side",Normal/Others,SUDHAKAR SINGH,BUXAR,Bihar,Lok Sabha,1495413.0,2025-07-29T00:00:00.000Z,False,,BUXAR(DISTRICT PLANNING OFFICER BUXAR_IDA)
156732,"Cricket Pitch, Cricket Turf 45x10 feet, Cricket Astro Turf, Cricket net all around with roof, Cricket set, Foot Ball post, Volley ball post, Basket Ball post with Board, Kho Kho Post with first quality wood, Single cross strainer fixed, Skywalk fixed, Spinning wheel fixed with required accessories for complete usage of the developed ground.",Normal/Others,D Ravikumar ,VILUPPURAM,Tamil Nadu,Lok Sabha,810000.0,2025-07-29T00:00:00.000Z,False,,Viluppuram(DISTRICT COLLECTOR VILLUPURAM_IDA)
162207,Drilling of Borewell and Fixing of 1.0 HP pumpset at Hanuman Statue in Enugal Thanda Village,Normal/Others,BALRAM NAIK PORIKA,MAHABUBABAD,Telangana,Lok Sabha,136391.0,2025-07-30T00:00:00.000Z,True,,WARANGAL(District Collector Warangal_IDA)
162208,Drilling of Borewell and Fixing of 1.0 HP pumpset at Korra Shoban (H) in Parshunayak Thanda Village,Normal/Others,BALRAM NAIK PORIKA,MAHABUBABAD,Telangana,Lok Sabha,137071.0,2025-07-30T00:00:00.000Z,True,,WARANGAL(District Collector Warangal_IDA)
216160,High Mast Lights with pole at Rajanagar,Normal/Others,DR.MALLU RAVI,NAGARKURNOOL,Telangana,Lok Sabha,199849.0,2025-07-30T00:00:00.000Z,True,,WANAPARTHY(DISTRICT COLLECTOR WANAPARTHY_IDA)
172002,lotta game narmda vasahatma pipenada n kamgiri,Normal/Others,DR. HEMANG JOSHI,VADODARA,Gujarat,Lok Sabha,500000.0,2025-07-30T00:00:00.000Z,True,,VADODARA(DISTRICT COLLECTOR VADODARA_IDA)
161566,Drilling of Bore well village end at Murali Nagar at Kondapur Village,Normal/Others,BALRAM NAIK PORIKA,MAHABUBABAD,Telangana,Lok Sabha,43377.0,2025-07-31T00:00:00.000Z,True,,WARANGAL(District Collector Warangal_IDA)
166325,To construct a shed at the cremation ground at Jaliya (Anko) Gram Panchayat,Normal/Others,NIMUBEN JAYANTIBHAI BAMBHANIYA,BHAVNAGAR,Gujarat,Lok Sabha,200000.0,2025-07-31T00:00:00.000Z,True,,BHAVNAGAR(DISTRICT COLLECTOR BHAVNAGAR_IDA)
196685,"Providing of Installation in High Mass Light 12 Mt, 150W, LED Light 6 No. at Brammadesam ADC Panchayat in Vempakkam Block",Normal/Others,THARANIVENTHAN M S,ARANI,Tamil Nadu,Lok Sabha,750000.0,2025-07-31T00:00:00.000Z,True,,TIRUVANNAMALAI(DISTRICT COLLECTOR TIRUVANNAMALAI_IDA)
140765,"Construction of new PDS building at Kannukudi South in Kannukudi West Panchayat,orathanadu",Normal/Others,MURASOLI S,THANJAVUR,Tamil Nadu,Lok Sabha,1349747.0,2025-07-31T00:00:00.000Z,True,,THANJAVUR(DISTRICT COLLECTOR THANJAVUR_IDA)
161787,Drilling of Bore well and Fixing of 1.0 HP Pumpset Near Kondapaka Poshalu(H) in Rangapuram(V),Normal/Others,BALRAM NAIK PORIKA,MAHABUBABAD,Telangana,Lok Sabha,74513.0,2025-07-31T00:00:00.000Z,True,,WARANGAL(District Collector Warangal_IDA)
136221,"Installetion of Street Light at North Side of Tardah Bazar , G.P-Tardah",Normal/Others,Pratima Mondal ,JOYNAGAR,West Bengal,Lok Sabha,347389.0,2025-08-01T00:00:00.000Z,False,,South 24 Parganas(DISTRICT MAGISTRATE SOUTH TWENTY FOUR PARGANAS_IDA)
143559,"Supply & Installation of Water ATM with RO Facility for chilled/normal drinking water at Government Training College , Ward no – 9 Chawbazar, Hooghly-Chinsurah, Municipality, Hooghly",Normal/Others,RACHNA BANERJEE,HOOGHLY,West Bengal,Lok Sabha,299803.0,2025-08-01T00:00:00.000Z,True,,HOOGHLY(DISTRICT MAGISTRATE HOOGHLY_IDA)
167662,"Providing Bore well and Bathing Tub at Ward 6 Thirthankulamkarai, Nattarasankottai Town Panchayat",Normal/Others,Shri Karti P Chidambaram ,SIVAGANGA,Tamil Nadu,Lok Sabha,400000.0,2025-08-01T00:00:00.000Z,True,,SIVAGANGA(DISTRICT COLLECTOR SIVAGANGA_IDA)
222702,"parakkada- vattakaitha road, chempakaseeri ward -3,pazhayakunnumel gp",Normal/Others,Shri A. A. Rahim (2022-28),Sitting Rajya Sabha,Kerala,Rajya Sabha,1335850.0,2025-08-01T00:00:00.000Z,True,,THIRUVANANTHAPURAM(DISTRICT COLLECTOR THIRUVANANTHAPURAM_IDA)
208346,Installation of a Mini Mast Light at Sangamam Junction in the Eluvakulangara Vayanasala road in the 6th ward of Chingoli GP,Normal/Others,K. C VENUGOPAL,ALAPPUZHA,Kerala,Lok Sabha,213771.0,2025-08-01T00:00:00.000Z,False,,ALAPPUZHA(DISTRICT COLLECTOR ALAPPUZHA_IDA)
186668,Bhavnagar Ta. Kankrej  Scheduled Caste crematorium flood protection wall work (S.C) (2024-25),Normal/Others,Shri Babubhai Jesangbhai Desai (2023-29),Sitting Rajya Sabha,Gujarat,Rajya Sabha,399935.0,2025-08-02T00:00:00.000Z,True,,BANAS KANTHA(DISTRICT COLLECTOR BANAS KANTHA_IDA)
207139,Installation of 30W (94Nos) LED Street Lights in Kashavarigudem,Normal/Others,CHAMALA KIRAN KUMAR REDDY,BHONGIR,Telangana,Lok Sabha,335400.0,2025-08-02T00:00:00.000Z,True,,NALGONDA(DISTRICT COLLECTOR NALGONDA)
207153,Installation of 30W (42Nos) LED Street Lights in Singaram(V),Normal/Others,CHAMALA KIRAN KUMAR REDDY,BHONGIR,Telangana,Lok Sabha,149859.0,2025-08-02T00:00:00.000Z,True,,NALGONDA(DISTRICT COLLECTOR NALGONDA)
207144,Installation of 30W (28Nos) LED Street Lights in Rayagudem(V),Normal/Others,CHAMALA KIRAN KUMAR REDDY,BHONGIR,Telangana,Lok Sabha,99906.0,2025-08-02T00:00:00.000Z,True,,NALGONDA(DISTRICT COLLECTOR NALGONDA)
201110,"Smart Class Room Equipment for Government High School kaipanikuppam, Marakkanam",Normal/Others,D Ravikumar ,VILUPPURAM,Tamil Nadu,Lok Sabha,200000.0,2025-08-04T00:00:00.000Z,False,,Viluppuram(DISTRICT COLLECTOR VILLUPURAM_IDA)
136227,"Installetion of Street Light Shankasahr Melar Math to Belerpar, G.P- Shanksahar",Normal/Others,Pratima Mondal ,JOYNAGAR,West Bengal,Lok Sabha,349801.0,2025-08-04T00:00:00.000Z,False,,South 24 Parganas(DISTRICT MAGISTRATE SOUTH TWENTY FOUR PARGANAS_IDA)
159535,"Supply and installation of smart boards, visual display units, and projectors",Normal/Others,Smt. Ranjeet Ranjan (2022-28),Sitting Rajya Sabha,Chhattisgarh,Rajya Sabha,999999.0,2025-08-04T00:00:00.000Z,True,,Kabeerdham(DISTRICT COLLECTOR KABIRDHAM)
159538,"Supply and installation of smart boards, visual display units, and projectors",Normal/Others,Smt. Ranjeet Ranjan (2022-28),Sitting Rajya Sabha,Chhattisgarh,Rajya Sabha,999998.0,2025-08-04T00:00:00.000Z,True,,Kabeerdham(DISTRICT COLLECTOR KABIRDHAM)
177928,Providing of High mast lights in Pembarthy Village,Normal/Others,CHAMALA KIRAN KUMAR REDDY,BHONGIR,Telangana,Lok Sabha,99787.0,2025-08-04T00:00:00.000Z,False,,JANGOAN(DISTRICT COLLECTOR JANGAON_IDA)
151880,Block paving work at crematorium in Pipallag village,Normal/Others,BHARATBHAI MANUBHAI SUTARIYA,AMRELI,Gujarat,Lok Sabha,300000.0,2025-08-05T00:00:00.000Z,True,,AMRELI(DISTRICT COLLECTOR AMRELI_IDA)
188478,odhava game chaudhary vasma pavar block work,Normal/Others,Bharatsinhji Shankarji Dabhi,PATAN,Gujarat,Lok Sabha,300000.0,2025-08-05T00:00:00.000Z,True,,PATAN(DISTRICT COLLECTOR PATAN_IDA)
153281,"water tank 5500 liter 
900*20 tyre",Normal/Others,SAVITRI THAKUR,DHAR,Madhya Pradesh,Lok Sabha,166026.0,2025-08-05T00:00:00.000Z,True,,DHAR(DISTRICT COLLECTOR DHAR_IDA)
140747,"Construction of New PDS Building at Public Land, Kalaignar Nagar, Vilar Panchayat",Normal/Others,MURASOLI S,THANJAVUR,Tamil Nadu,Lok Sabha,1309024.0,2025-08-05T00:00:00.000Z,True,,THANJAVUR(DISTRICT COLLECTOR THANJAVUR_IDA)
153273,"water tank 5500 liter 
900*20 tyre",Normal/Others,SAVITRI THAKUR,DHAR,Madhya Pradesh,Lok Sabha,166026.0,2025-08-05T00:00:00.000Z,True,,DHAR(DISTRICT COLLECTOR DHAR_IDA)
152114,GI cotted water tank 5500 liter 900*20 tyres,Normal/Others,SAVITRI THAKUR,DHAR,Madhya Pradesh,Lok Sabha,166026.0,2025-08-05T00:00:00.000Z,True,,DHAR(DISTRICT COLLECTOR DHAR_IDA)
158850,High Mask Light,Normal/Others,VIJAYLAKSHMI DEVI,SIWAN,Bihar,Lok Sabha,958500.0,2025-08-06T00:00:00.000Z,True,,SIWAN(DISTRICT PLANNING OFFICER SIWAN_IDA)
164295,Providing CC Pavement in ADC New Colony in Kalasthambadi panchayat,Normal/Others,CN Annadurai,TIRUVANNAMALAI,Tamil Nadu,Lok Sabha,199424.0,2025-08-06T00:00:00.000Z,False,,TIRUVANNAMALAI(DISTRICT COLLECTOR TIRUVANNAMALAI_IDA)
197079,10 work of water harvesting in Kachhol village,Normal/Others,C R Patil,NAVSARI,Gujarat,Lok Sabha,52000.0,2025-08-06T00:00:00.000Z,True,,NAVSARI(DISTRICT COLLECTOR NAVSARI_IDA)
197302,Providing CC Pavement in Kanthapalayam Panchayat,Normal/Others,CN Annadurai,TIRUVANNAMALAI,Tamil Nadu,Lok Sabha,299790.0,2025-08-06T00:00:00.000Z,True,,TIRUVANNAMALAI(DISTRICT COLLECTOR TIRUVANNAMALAI_IDA)
213752,Construction of CC Road from PWD road to Pradeep Parida House via BR Panda House in WNO 06 of Udala NAC Mayurbhaj Executing Agency Udala NAC,Normal/Others,Smt. Sulata Deo (2022-28),Sitting Rajya Sabha,Odisha,Rajya Sabha,1000000.0,2025-08-07T00:00:00.000Z,True,,MAYURBHANJ(DISTRICT COLLECTOR MAYURBHANJ_IDA)
172689,HIGH MAST LIGHT WITH SIX LED RECOMMENDED IN MY CONSTITUENCY RAMPUR BY IA UPSIC MORADABAD(VILLAGE AZIM NAGAR MAI MOHAMMAD AHMAD PRADHAN KE GHAR KE PAS QABRISTAN MAI HIGH MAST LIGHT),Normal/Others,MOHIBBULLAH,RAMPUR,Uttar Pradesh,Lok Sabha,172830.0,2025-08-07T00:00:00.000Z,True,,RAMPUR(DISTRICT MAGISTRATE RAMPUR_IDA)
184516,Laying of CC Road from C.Chandralingam (H) to B.Anjilaiah (H) at Kulkacherla (V) and (M),Normal/Others,KONDA VISHWESHWAR REDDY,CHELVELLA,Telangana,Lok Sabha,125000.0,2025-08-07T00:00:00.000Z,False,,VIKARABAD(DISTRICT COLLECTOR VIKARABAD_2)
186625,2 CCTV Camera under the area of town police station,Normal/Others,DEVESH CHANDRA THAKUR,SITAMARHI,Bihar,Lok Sabha,250000.0,2025-08-07T00:00:00.000Z,True,,SITAMARHI(DISTRICT PLANNING OFFICER SITAMARHI_IDA)
80689,construction of stadium,Normal/Others,Shri Harbhajan Singh (2022-28),Sitting Rajya Sabha,Punjab,Rajya Sabha,1000000.0,2025-08-07T00:00:00.000Z,False,,HOSHIARPUR(DEPUTY COMMISSIONER HOSHIARPUR_IDA)
197403,10 work of water harvesting in Vanzana village,Normal/Others,C R Patil,NAVSARI,Gujarat,Lok Sabha,50000.0,2025-08-08T00:00:00.000Z,True,,NAVSARI(DISTRICT COLLECTOR NAVSARI_IDA)
148995,setup a solar  high mask  street light at mahrajgunj more,Normal/Others,ABHAY KUMAR SINHA,AURANGABAD,Bihar,Lok Sabha,299000.0,2025-08-08T00:00:00.000Z,True,,AURANGABAD(DISTRICT PLANNING OFFICER AURANGABAD_IDA)
157112,Construction of footpath (earth work),Normal/Others,SALENG A SANGMA,TURA,Meghalaya,Lok Sabha,200000.0,2025-08-08T00:00:00.000Z,False,,NORTH GARO HILLS(DEPUTY COMMISSIONER NORTH GARO HILLS RESUBELPARA_IDA)
186656,6 CCTV Camera near Punaura Police Station,Normal/Others,DEVESH CHANDRA THAKUR,SITAMARHI,Bihar,Lok Sabha,750000.0,2025-08-09T00:00:00.000Z,True,,SITAMARHI(DISTRICT PLANNING OFFICER SITAMARHI_IDA)
167710,Ellapuram Block Kannikaipper Panchayat Krishnapuram Kandigai Panchayat Block Primary School Kitchen Building construction.,Normal/Others,Sasikanth Senthil,TIRUVALLUR,Tamil Nadu,Lok Sabha,699161.0,2025-08-11T00:00:00.000Z,False,,THIRUVALLUR(DISTRICT COLLECTOR TIRUVALLUR_IDA)
166318,making of pathway (paving block) in Thadach village,Normal/Others,NIMUBEN JAYANTIBHAI BAMBHANIYA,BHAVNAGAR,Gujarat,Lok Sabha,300000.0,2025-08-11T00:00:00.000Z,True,,BHAVNAGAR(DISTRICT COLLECTOR BHAVNAGAR_IDA)
160166,Paver block work in Kharad village  From the house of Arvind Singh Lalubha towards the house of Balwantbhai Rathore,Normal/Others,CHANDUBHAI CHHAGANBHAI SHIHORA,SURENDRANAGAR,Gujarat,Lok Sabha,396561.0,2025-08-11T00:00:00.000Z,True,,Ahmedabad(DISTRICT COLLECTOR AHMADABAD_IDA)
146827,construction work of Development of playground,Normal/Others,Shri Harsh Mahajan (2024-30),Sitting Rajya Sabha,Himachal Pradesh,Rajya Sabha,200000.0,2025-08-11T00:00:00.000Z,True,,CHAMBA(DEPUTY COMMISSIONER CHAMBA_IDA)
193406,Construction of 2 Additional Room at Tulsi Manas Pratishtan,Trust and Society,ALOK SHARMA,BHOPAL,Madhya Pradesh,Lok Sabha,1100000.0,2025-08-12T00:00:00.000Z,True,,BHOPAL(DISTRICT COLLECTOR BHOPAL_IDA)
201864,2 work of water harvesting in Rahej village,Normal/Others,C R Patil,NAVSARI,Gujarat,Lok Sabha,50000.0,2025-08-12T00:00:00.000Z,True,,NAVSARI(DISTRICT COLLECTOR NAVSARI_IDA)
164810,To Make a Smart Class  of  Vav Faliya Primary School Manage by District Panchayat Education Committee Navsari at Desad Village,Normal/Others,C R Patil,NAVSARI,Gujarat,Lok Sabha,248960.0,2025-08-12T00:00:00.000Z,True,,NAVSARI(DISTRICT COLLECTOR NAVSARI_IDA)
158968,Phulidumar Prakhand antargat Panchayat Kenduar mey graam domo ke kali sthaan ke paas SS Yatri Shed ka nirman.,Normal/Others,Giridhari Yadav,BANKA,Bihar,Lok Sabha,1334000.0,2025-08-12T00:00:00.000Z,True,,BANKA(DISTRICT PLANNING OFFICER BANKA_IDA)
175177,"Construction Of Paver Block Work at Behind Verai Mataji Mandir Area, Juwansinh Dodiya House towards Balvantsinh Dodiya House Area",Normal/Others,Devusinh Jesingbhai Chauhan,KHEDA,Gujarat,Lok Sabha,197198.0,2025-08-12T00:00:00.000Z,True,,KHEDA(DISTRICT COLLECTOR KHEDA_IDA)
197025,Provisind  Green Roof in minjur town panchayat railway gate ward no 10,Normal/Others,Sasikanth Senthil,TIRUVALLUR,Tamil Nadu,Lok Sabha,550000.0,2025-08-13T00:00:00.000Z,False,,THIRUVALLUR(DISTRICT COLLECTOR TIRUVALLUR_IDA)
173160,Gram Arniya Maujpur Block Khurja me Siyaram ke Ghar se Bhawan Singh ke Ghar ki or interlockin g v nali nirman  length 85 Mtr,Normal/Others,Mahesh Sharma,GAUTAM BUDDHA NAGAR,Uttar Pradesh,Lok Sabha,832740.0,2025-08-13T00:00:00.000Z,True,,BULANDSHAHR(DISTRICT MAGISTRATE BULANDSHAHR_IDA)
197026,Improvement of Road from Gudukbari to Digi Main Road in Kaptapalli G.P.,Repair and Renovation,SUKANTA KUMAR PANIGRAHI,KANDHAMAL,Odisha,Lok Sabha,200000.0,2025-08-13T00:00:00.000Z,True,,Nayagada(DISTRICT COLLECTOR  NAYAGARH_IDA)
94248,Providing Stainless Steel Cans (6 No's) to Umapura Milk Producers Cooperative Society,Normal/Others,Dr. Dharmasthala Veerendra Heggade (2022-28),Nominated Rajya Sabha,Karnataka,Rajya Sabha,21600.0,2025-08-14T00:00:00.000Z,True,,BIDAR(DEPUTY COMMISSIONER BIDAR_IDA)
156195,"1- RAMESH SAROJ S/O MOTI SAROJ, 2- RAMJIT YADAV S/O HEERA YADAV, 3- MAHTAB S/O KAREMUDDIN K GHAR K PASS 3 NAG SOLAR LIGHT",Normal/Others,PRIYA SAROJ,MACHHLISHAHR,Uttar Pradesh,Lok Sabha,62832.0,2025-08-14T00:00:00.000Z,True,,VARANASI(DISTRICT MAGISTRAE VARANASI_IDA)
94242,Providing Stainless Steel Cans (6 No's) to Ekalora Milk Producers Cooperative Society,Normal/Others,Dr. Dharmasthala Veerendra Heggade (2022-28),Nominated Rajya Sabha,Karnataka,Rajya Sabha,21600.0,2025-08-14T00:00:00.000Z,True,,BIDAR(DEPUTY COMMISSIONER BIDAR_IDA)
167707,Installation of high mast light at the intersection of GNT road railway station road in Gummidipoondi,Normal/Others,Sasikanth Senthil,TIRUVALLUR,Tamil Nadu,Lok Sabha,435000.0,2025-08-14T00:00:00.000Z,False,,THIRUVALLUR(DISTRICT COLLECTOR TIRUVALLUR_IDA)
94170,Providing Stainless Steel Cans (8 No's) to Kambalewadi Milk Producers Cooperative Society,Normal/Others,Dr. Dharmasthala Veerendra Heggade (2022-28),Nominated Rajya Sabha,Karnataka,Rajya Sabha,28800.0,2025-08-14T00:00:00.000Z,True,,BIDAR(DEPUTY COMMISSIONER BIDAR_IDA)
163203,"Provisioning of Multi Garden Gym Machines, Tube well vala Park, Main Dugri Road, Opp. Petrol Pump, Ward no-44, Distt. Ludhiana",Normal/Others,AMRINDER SINGH RAJA WARRING,LUDHIANA,Punjab,Lok Sabha,399178.0,2025-08-14T00:00:00.000Z,False,,LUDHIANA(DEPUTY COMMISSIONER LUDHIANA_IDA)
156201,HARINATH YADAV S/O GANGARAM YADAV K GHAR K PASS 1 NAG SOLAR LIGHT,Normal/Others,PRIYA SAROJ,MACHHLISHAHR,Uttar Pradesh,Lok Sabha,20944.0,2025-08-14T00:00:00.000Z,True,,VARANASI(DISTRICT MAGISTRAE VARANASI_IDA)
197102,20  work of water harvesting in Nadod village,Normal/Others,C R Patil,NAVSARI,Gujarat,Lok Sabha,100000.0,2025-08-14T00:00:00.000Z,True,,NAVSARI(DISTRICT COLLECTOR NAVSARI_IDA)
94014,Providing Stainless Steel Cans (8 No's) to Sompura Milk Producers Cooperative Society,Normal/Others,Dr. Dharmasthala Veerendra Heggade (2022-28),Nominated Rajya Sabha,Karnataka,Rajya Sabha,28800.0,2025-08-14T00:00:00.000Z,True,,BIDAR(DEPUTY COMMISSIONER BIDAR_IDA)
93949,Providing Stainless Steel Cans (10 No's) to Balatha K Milk Producers Cooperative Society,Normal/Others,Dr. Dharmasthala Veerendra Heggade (2022-28),Nominated Rajya Sabha,Karnataka,Rajya Sabha,36000.0,2025-08-14T00:00:00.000Z,True,,BIDAR(DEPUTY COMMISSIONER BIDAR_IDA)
165485,Construction of Pullie. Jat Mohallah. Palavtiya Mudli. wardno.4,Normal/Others,RAJEEV BHARDWAJ,KANGRA,Himachal Pradesh,Lok Sabha,200000.0,2025-08-14T00:00:00.000Z,True,,KANGRA(DEPUTY COMMISSIONER KANGRA_IDA)
163179,"Provisioning of Multi Garden Gym Machines, 125 gaj vala Park, Phase-2, Ward no-44, Distt. Ludhiana",Normal/Others,AMRINDER SINGH RAJA WARRING,LUDHIANA,Punjab,Lok Sabha,399178.0,2025-08-14T00:00:00.000Z,False,,LUDHIANA(DEPUTY COMMISSIONER LUDHIANA_IDA)
94256,Providing Stainless Steel Cans (8 No's) to Paratapura Milk Producers Cooperative Society,Normal/Others,Dr. Dharmasthala Veerendra Heggade (2022-28),Nominated Rajya Sabha,Karnataka,Rajya Sabha,28800.0,2025-08-14T00:00:00.000Z,True,,BIDAR(DEPUTY COMMISSIONER BIDAR_IDA)
138925,Installation of R.C.C Bench at different area of Ranchi City,Normal/Others,Smt. Mahua Maji (2022-28),Sitting Rajya Sabha,Jharkhand,Rajya Sabha,1000000.0,2025-08-15T00:00:00.000Z,False,,RANCHI(DEPUTY COMMISSIONER RANCHI_IDA)
138910,Shed construction work near LEBB high school in ward no.21.,Normal/Others,Smt. Mahua Maji (2022-28),Sitting Rajya Sabha,Jharkhand,Rajya Sabha,600000.0,2025-08-15T00:00:00.000Z,False,,RANCHI(DEPUTY COMMISSIONER RANCHI_IDA)
1784,Construction of laboratory room at Premchand High School Mesra,Normal/Others,Shri Aditya Prasad (2022-28),Sitting Rajya Sabha,Jharkhand,Rajya Sabha,1450000.0,2025-08-17T00:00:00.000Z,False,,RANCHI(DEPUTY COMMISSIONER RANCHI_IDA)
157879,Purchase of Steel mobile water tanker,Normal/Others,SARABJEET SINGH KHALSA,FARIDKOT,Punjab,Lok Sabha,200000.0,2025-08-18T00:00:00.000Z,True,,MOGA(Deputy Commissioner Moga)
159653,"Construction of protection wall from the Sindra  side to Subar Mandir , Ward no. 6, Pyt. Sindra , Village- Sindra, Bhella, Doda",Normal/Others,Jitendra Singh,UDHAMPUR,Jammu And Kashmir,Lok Sabha,126000.0,2025-08-18T00:00:00.000Z,True,,DODA(Deputy Commissioner Doda_IDA)
163345,"saansad sthaaneey kshetr vikaas yojana ke tahat gopaalaganj jile ke gopalganj prakhand antargat jaadopur dukhaharan mein aaradablyoodee sadak, jo chauraahe ke paas se pashchim kee or jaatee hai, par peeseesee nirmaan ke lie mere saansad nidhi se aath laakh rupaye kee anushansa kee gayee hai. heera sinh kee chimanee.",Normal/Others,Alok Kumar Suman,GOPALGANJ,Bihar,Lok Sabha,1101083.0,2025-08-18T00:00:00.000Z,True,,GOPALGANJ(DISTRICT PLANNING OFFICER GOPALGANJ_IDA)
180899,kholvada game bahucharnagar alipur sosietyna aagal main roadni bajuma paver blok nu kam,Normal/Others,Bharatsinhji Shankarji Dabhi,PATAN,Gujarat,Lok Sabha,250000.0,2025-08-18T00:00:00.000Z,True,,PATAN(DISTRICT COLLECTOR PATAN_IDA)
156348,"1- ABDUL ZABBAR S/O ABDUL SAKUR, 2- NANDLAL PATEL S/O DALLAN PATEL, 3 -JITENDRA PATEL S/O MANIKA  K GHAR K PASS 3 NAG SOLAR LIGHT",Normal/Others,PRIYA SAROJ,MACHHLISHAHR,Uttar Pradesh,Lok Sabha,62832.0,2025-08-18T00:00:00.000Z,True,,VARANASI(DISTRICT MAGISTRAE VARANASI_IDA)
156251,BHAGAT SINGH PATEL S/O RAJNATH SINGH K GHAR K PASS 1 NAG SOLAR LIGHT,Normal/Others,PRIYA SAROJ,MACHHLISHAHR,Uttar Pradesh,Lok Sabha,20944.0,2025-08-18T00:00:00.000Z,True,,VARANASI(DISTRICT MAGISTRAE VARANASI_IDA)
94298,Providing Stainless Steel Cans (6 No's) to Byalahalli Milk Producers Cooperative Society,Normal/Others,Dr. Dharmasthala Veerendra Heggade (2022-28),Nominated Rajya Sabha,Karnataka,Rajya Sabha,21600.0,2025-08-19T00:00:00.000Z,True,,BIDAR(DEPUTY COMMISSIONER BIDAR_IDA)
93011,Providing Data Processing Milk Collection Unit (1 Nos) to Kauta B Milk Producers Cooperative Society,Normal/Others,Dr. Dharmasthala Veerendra Heggade (2022-28),Nominated Rajya Sabha,Karnataka,Rajya Sabha,107771.0,2025-08-19T00:00:00.000Z,True,,BIDAR(DEPUTY COMMISSIONER BIDAR_IDA)
179205,Tube well mining with Motor pump installation including recharge pit for public use in ChitraKut Nagar near Lodha Samaj  Bhawan  Ward 74 Vidhansabha Rau District Indore,Normal/Others,Shankar Lalwani,INDORE,Madhya Pradesh,Lok Sabha,442431.0,2025-08-19T00:00:00.000Z,True,,INDORE(DISTRICT COLLECTOR INDORE_IDA)
156306,"VINAY YADAV S/O RAMRATHI YADAV, 2-BHONU KAHAR S/O GOPI KAHAR K GHAR K PASS 2 NAG SOLAR LIGHT",Normal/Others,PRIYA SAROJ,MACHHLISHAHR,Uttar Pradesh,Lok Sabha,41888.0,2025-08-19T00:00:00.000Z,True,,VARANASI(DISTRICT MAGISTRAE VARANASI_IDA)
139027,"Construction of Community hall in Padmashali wada in Urban Colony, Korutla",Normal/Others,Arvind Dharmapuri,NIZAMABAD,Telangana,Lok Sabha,349816.0,2025-08-19T00:00:00.000Z,False,,Jagitial(DISTRICT COLLECTOR JAGTIAL_IDA)
93082,Providing Data Processing Milk Collection Unit (1 Nos) to Mudabi Milk Producers Cooperative Society,Normal/Others,Dr. Dharmasthala Veerendra Heggade (2022-28),Nominated Rajya Sabha,Karnataka,Rajya Sabha,107771.0,2025-08-19T00:00:00.000Z,True,,BIDAR(DEPUTY COMMISSIONER BIDAR_IDA)
94289,Providing Stainless Steel Cans (8 No's) to Godhi Hipparaga Milk Producers Cooperative Society,Normal/Others,Dr. Dharmasthala Veerendra Heggade (2022-28),Nominated Rajya Sabha,Karnataka,Rajya Sabha,28800.0,2025-08-19T00:00:00.000Z,True,,BIDAR(DEPUTY COMMISSIONER BIDAR_IDA)
94936,Providing Stainless Steel Cans (6 No's) to Karakana Halli Milk Producers Cooperative Society,Normal/Others,Dr. Dharmasthala Veerendra Heggade (2022-28),Nominated Rajya Sabha,Karnataka,Rajya Sabha,21600.0,2025-08-19T00:00:00.000Z,True,,BIDAR(DEPUTY COMMISSIONER BIDAR_IDA)
122714,B/w Anganwadi Building at Maddunur (V),Normal/Others,Shri Damodar Rao Divakonda (2022-28),Sitting Rajya Sabha,Telangana,Rajya Sabha,497965.0,2025-08-19T00:00:00.000Z,False,,Jagitial(DISTRICT COLLECTOR JAGTIAL_IDA)
139064,"Providing LED Hi Mast light near Subhash Chandrabose Statue, Errapur",Normal/Others,Arvind Dharmapuri,NIZAMABAD,Telangana,Lok Sabha,150000.0,2025-08-19T00:00:00.000Z,False,,Jagitial(DISTRICT COLLECTOR JAGTIAL_IDA)
134087,"1.
	Mahindra-Bolero Maxx Pik up – 1.3 VX Load carrier without closed container for transportation of medicines by the Government Hospitals in Puducherry
2.	Fabrication work for fixing closed container in the vehicle to carry medicines safely.",Normal/Others,Shri S. Selvaganabathy (2021-27),Sitting Rajya Sabha,Puducherry,Rajya Sabha,2666400.0,2025-08-19T00:00:00.000Z,True,,Puducherry(PROJECT DIRECTOR RDA PUDUCHERRY_IDA)
146423,Construction of CC road near Peddamma temple,Normal/Others,Arvind Dharmapuri,NIZAMABAD,Telangana,Lok Sabha,450000.0,2025-08-19T00:00:00.000Z,False,,Jagitial(DISTRICT COLLECTOR JAGTIAL_IDA)
146573,Construction of Community hall in Pattana Arya Vyshya Sangham at Ward 31 in Korutla town,Normal/Others,Arvind Dharmapuri,NIZAMABAD,Telangana,Lok Sabha,356880.0,2025-08-19T00:00:00.000Z,False,,Jagitial(DISTRICT COLLECTOR JAGTIAL_IDA)
146574,Construction of community hall in Munnurukapu wada,Normal/Others,Arvind Dharmapuri,NIZAMABAD,Telangana,Lok Sabha,400000.0,2025-08-19T00:00:00.000Z,False,,Jagitial(DISTRICT COLLECTOR JAGTIAL_IDA)
93065,Providing Data Processing Milk Collection Unit (1 Nos) to Ladawanti Milk Producers Cooperative Society,Normal/Others,Dr. Dharmasthala Veerendra Heggade (2022-28),Nominated Rajya Sabha,Karnataka,Rajya Sabha,107771.0,2025-08-19T00:00:00.000Z,True,,BIDAR(DEPUTY COMMISSIONER BIDAR_IDA)
94932,Providing Stainless Steel Cans (6 No's) to Bashirapura Milk Producers Cooperative Society,Normal/Others,Dr. Dharmasthala Veerendra Heggade (2022-28),Nominated Rajya Sabha,Karnataka,Rajya Sabha,21600.0,2025-08-19T00:00:00.000Z,True,,BIDAR(DEPUTY COMMISSIONER BIDAR_IDA)
153960,Construction of Community hall in Gudetikapu wada,Normal/Others,Arvind Dharmapuri,NIZAMABAD,Telangana,Lok Sabha,347154.0,2025-08-19T00:00:00.000Z,False,,Jagitial(DISTRICT COLLECTOR JAGTIAL_IDA)
94866,Providing Stainless Steel Cans (6 No's) to Sirakattanalli Milk Producers Cooperative Society,Normal/Others,Dr. Dharmasthala Veerendra Heggade (2022-28),Nominated Rajya Sabha,Karnataka,Rajya Sabha,21600.0,2025-08-19T00:00:00.000Z,True,,BIDAR(DEPUTY COMMISSIONER BIDAR_IDA)
146749,"Construction of Community hall Munnurukapu wada,",Normal/Others,Arvind Dharmapuri,NIZAMABAD,Telangana,Lok Sabha,268218.0,2025-08-19T00:00:00.000Z,False,,Jagitial(DISTRICT COLLECTOR JAGTIAL_IDA)
151793,Construction of Community hall at Madhapur(),Normal/Others,Arvind Dharmapuri,NIZAMABAD,Telangana,Lok Sabha,398012.0,2025-08-19T00:00:00.000Z,False,,Jagitial(DISTRICT COLLECTOR JAGTIAL_IDA)
93113,Providing Data Processing Milk Collection Unit (1 Nos) to Maisalaga Milk Producers Cooperative Society,Normal/Others,Dr. Dharmasthala Veerendra Heggade (2022-28),Nominated Rajya Sabha,Karnataka,Rajya Sabha,107771.0,2025-08-19T00:00:00.000Z,True,,BIDAR(DEPUTY COMMISSIONER BIDAR_IDA)
93205,Providing Data Processing Milk Collection Unit (1 Nos) to Chittawadi Milk Producers Cooperative Society,Normal/Others,Dr. Dharmasthala Veerendra Heggade (2022-28),Nominated Rajya Sabha,Karnataka,Rajya Sabha,107771.0,2025-08-19T00:00:00.000Z,True,,BIDAR(DEPUTY COMMISSIONER BIDAR_IDA)
197393,15 work of water harvesting in Vankal village,Normal/Others,C R Patil,NAVSARI,Gujarat,Lok Sabha,75000.0,2025-08-20T00:00:00.000Z,True,,NAVSARI(DISTRICT COLLECTOR NAVSARI_IDA)
179075,Tube well mining with Motor pump installation including recharge pit for public use infront of Suryavanshi Kuril Samaj Dharmshala  ward 60 in VS Indore-03 District Indore,Normal/Others,Shankar Lalwani,INDORE,Madhya Pradesh,Lok Sabha,426188.0,2025-08-20T00:00:00.000Z,True,,INDORE(DISTRICT COLLECTOR INDORE_IDA)
157814,PROVIDING OF STREET LIGHTS IN NUTHANAKAL VILLAGE,Normal/Others,CHAMALA KIRAN KUMAR REDDY,BHONGIR,Telangana,Lok Sabha,149853.0,2025-08-20T00:00:00.000Z,False,,SURYAPET(DISTRICT COLLECTOR SURYAPET)
184949,Work of Samaj Ghar,Normal/Others,JASHUBHAI BHILUBHAI RATHVA,CHHOTA UDAIPUR,Gujarat,Lok Sabha,490997.0,2025-08-20T00:00:00.000Z,True,,CHHOTAUDEPUR(DISTRICT COLLECTOR CHHOTA UDEPUR_IDA)
157166,sutrel godaun faliya ma and nasruddin maleka na ghar thi vargra pakhajan mukhy marg ne josta c c road nu kam,Normal/Others,Mansukhbhai Dhanjibhai Vasava,BHARUCH,Gujarat,Lok Sabha,398919.0,2025-08-20T00:00:00.000Z,True,,BHARUCH(DISTRICT COLLECTOR BROACH_IDA)
159875,GRAM TERA AKBARPUR BLOCK RAJEPUR ME BHAGWAN SINGH KE PARAMARSH SE SEMI HIGH MAST L.E.D LIGHT INPLEMENT AGENCY PROVINCIAL CO-OPERATIVE CONSTRUCTION AND DEVELOPMENT (P.C.C.D) LTD FARRUKHABAD,Normal/Others,Dr. K. Laxman (2022-28),Sitting Rajya Sabha,Uttar Pradesh,Rajya Sabha,197454.0,2025-08-21T00:00:00.000Z,True,,FARRUKHABAD(DISTRICT MAGISTRAE FARRUKHABAD_IDA)
159926,GRAM GOSARPUR BLOCK MOHAMDABAD ME NAGLA PAL ME AMAR PAL KE PARAMARSH SE SEMI HIGH MAST L.E.D LIGHT INPLEMENT AGENCY PROVINCIAL CO-OPERATIVE CONSTRUCTION AND DEVELOPMENT (P.C.C.D) LTD FARRUKHABAD,Normal/Others,Dr. K. Laxman (2022-28),Sitting Rajya Sabha,Uttar Pradesh,Rajya Sabha,197454.0,2025-08-21T00:00:00.000Z,True,,FARRUKHABAD(DISTRICT MAGISTRAE FARRUKHABAD_IDA)
142666,RCC Bench,Normal/Others,Smt Harsimrat Kaur Badal,BHATINDA,Punjab,Lok Sabha,99998.0,2025-08-21T00:00:00.000Z,True,,MANSA(DEPUTY COMMISSIONER MANSA_IDA)
179099,Tube well mining with Motor pump installation including recharge pit for public use in Pawanpuri Colony Ramu Jaiswal Street ward 64  VS Indore-03 District Indore,Normal/Others,Shankar Lalwani,INDORE,Madhya Pradesh,Lok Sabha,436546.0,2025-08-21T00:00:00.000Z,True,,INDORE(DISTRICT COLLECTOR INDORE_IDA)
141001,MS Pole with LED semi High Mast Light,Normal/Others,NARAYAN DAS AHIRWAR,JALAUN,Uttar Pradesh,Lok Sabha,238871.64,2025-08-21T00:00:00.000Z,True,,KANPUR DEHAT(DISTRICT MAGISTRATE KANPUR DEHAT_IDA)
140999,MS Pole with LED semi High Mast Light,Normal/Others,NARAYAN DAS AHIRWAR,JALAUN,Uttar Pradesh,Lok Sabha,238871.64,2025-08-21T00:00:00.000Z,True,1.0,KANPUR DEHAT(DISTRICT MAGISTRATE KANPUR DEHAT_IDA)
183986,"Constuction of CC road From Challa Jamalaiah home to Chirala Bhadraiah home, Chinthagudem village, Paneballi Mandal",Normal/Others,RAMASAHAYAM RAGHURAM REDDY,KHAMMAM,Telangana,Lok Sabha,399926.0,2025-08-21T00:00:00.000Z,True,,KHAMMAM(DISTRICT COLLECTOR KHAMMAM_IDA)
159886,GRAM BASAYKPUR BLOCK RAJEPUR ME DEVI DAYAL KE PARAMARSH SE SEMI HIGH MAST L.E.D LIGHT INPLEMENT AGENCY PROVINCIAL CO-OPERATIVE CONSTRUCTION AND DEVELOPMENT (P.C.C.D) LTD FARRUKHABAD,Normal/Others,Dr. K. Laxman (2022-28),Sitting Rajya Sabha,Uttar Pradesh,Rajya Sabha,197454.0,2025-08-21T00:00:00.000Z,True,,FARRUKHABAD(DISTRICT MAGISTRAE FARRUKHABAD_IDA)
140774,"Construction of New PDS Building at Co-operative Society Complex in Paravakottai ,mannargudi,thiruvarurPanchayat, pattukkotai",Normal/Others,MURASOLI S,THANJAVUR,Tamil Nadu,Lok Sabha,1348370.0,2025-08-22T00:00:00.000Z,True,,THIRUVARUR(DISTRICT COLLECTOR THIRUVARUR_IDA)
159036,RAMKAMAL PRAJAPATI S/O NANDLAL PRAJAPATI K GHAR K PASS 1 NAG SOLAR LIGHT,Normal/Others,PRIYA SAROJ,MACHHLISHAHR,Uttar Pradesh,Lok Sabha,20944.0,2025-08-22T00:00:00.000Z,True,,VARANASI(DISTRICT MAGISTRAE VARANASI_IDA)
188481,vayad game bhuyanipura vistarma water pipe line work,Normal/Others,Bharatsinhji Shankarji Dabhi,PATAN,Gujarat,Lok Sabha,300000.0,2025-08-22T00:00:00.000Z,True,,PATAN(DISTRICT COLLECTOR PATAN_IDA)
164196,10 street lights,Normal/Others,Gyaneshwar Patil,KHANDWA,Madhya Pradesh,Lok Sabha,451560.0,2025-08-22T00:00:00.000Z,True,,Khandwa (East Nimar)(DISTRICT COLLECTOR EAST NIMAR_IDA)
163174,"Tube well mining with Motor pump installation including recharge pit for public use, in ward-41  Keshav nagar Vidhansabha-Indore-05",Normal/Others,Shankar Lalwani,INDORE,Madhya Pradesh,Lok Sabha,407129.0,2025-08-22T00:00:00.000Z,True,,INDORE(DISTRICT COLLECTOR INDORE_IDA)
218508,providing high mast lights at Ambedkar Chowrasta,Normal/Others,DR.MALLU RAVI,NAGARKURNOOL,Telangana,Lok Sabha,208885.0,2025-08-22T00:00:00.000Z,True,,NAGARKURNOOL(DISTRICT COLLECTOR NAGARKURNOOL_IDA)
190208,Installation of RO System at Govt. Sen. Sec. School Gatti Rajo Ke,Normal/Others,SHER SINGH GHUBAYA,FIROZPUR,Punjab,Lok Sabha,232979.0,2025-08-22T00:00:00.000Z,False,,FEROZEPUR(DEPUTY COMMISSIONER FIROZEPUR_IDA)
154013,"Vikas khand Patti, Village - Sarsatpur (Sarai Paschim) me Ramjanam ke ghar road se Haripal ke ghar tak Interlocking road.",Normal/Others,DR. S P SINGH,PRATAPGARH,Uttar Pradesh,Lok Sabha,386500.0,2025-08-22T00:00:00.000Z,False,,PRATAPGARH(DISTRICT MAGISTRAE PRATAPGARH_IDA)
189672,Janpad Nainital ke antargat Gram Panchayat Goriya Devi Vikas Khand Kota bag ke rajaswa gram jamni Ke gwalde Gaon ki aur vidyut pol Lagane Hetu,Normal/Others,Ajay Bhatt,NAINITAL UDHAM SINGH NAG.,Uttarakhand,Lok Sabha,376600.0,2025-08-22T00:00:00.000Z,False,,NAINITAL(DISTRICT MAGISTRATE NAINITAL_IDA)
154097,Vikas Khand Gaura ke gram panchayat Nirbhay Patti Vipin Bind ke ghar se sadak tak Interlocking road.,Normal/Others,DR. S P SINGH,PRATAPGARH,Uttar Pradesh,Lok Sabha,394348.0,2025-08-22T00:00:00.000Z,False,,PRATAPGARH(DISTRICT MAGISTRAE PRATAPGARH_IDA)
218498,Providing High Mast lights at Bus Stop of Nagdevupalle,Normal/Others,DR.MALLU RAVI,NAGARKURNOOL,Telangana,Lok Sabha,208833.0,2025-08-22T00:00:00.000Z,True,,NAGARKURNOOL(DISTRICT COLLECTOR NAGARKURNOOL_IDA)
159333,"Const. of IPB Street from Parambir Chikara to Dinesh Sangwan Friends Colony, Garhi Maja",Normal/Others,DEEPENDER SINGH HOODA,ROHTAK,Haryana,Lok Sabha,193888.0,2025-08-22T00:00:00.000Z,True,,ROHTAK(DEPUTY COMMISSIONER ROHTAK_IDA)
159629,"1- JITENDRA YADAV S/O SABHAJEET YADAV, 2- AKBAL HASHMI S/O IDRISH YADAV K GHAR K PASS 2 NAG SOLAR LIGHT",Normal/Others,PRIYA SAROJ,MACHHLISHAHR,Uttar Pradesh,Lok Sabha,41888.0,2025-08-23T00:00:00.000Z,True,,VARANASI(DISTRICT MAGISTRAE VARANASI_IDA)
159634,SUSHIL KUMAR YADAV S/O LALCHAND YADAV K GHAR K PASS 1 NAG SOLAR LIGHT,Normal/Others,PRIYA SAROJ,MACHHLISHAHR,Uttar Pradesh,Lok Sabha,20944.0,2025-08-23T00:00:00.000Z,True,,VARANASI(DISTRICT MAGISTRAE VARANASI_IDA)
149163,Purchase of Books for Udaya Arts Sports Club and Library (Reg No- KSR/CA/306/2022 & 7755) Pilantholi in Kayyur Cheemeni Grama panchayath.,Normal/Others,Shri Rajmohan Unnithan ,KASARAGOD,Kerala,Lok Sabha,500000.0,2025-08-23T00:00:00.000Z,False,,KASARAGOD(DISTRICT COLLECTOR KASARAGOD_IDA)
191146,"Construction of Community Hall at Bothalapalem(V), Dameracherla(M), Nalgonda District",Normal/Others,Shri Ravi Chandra Vaddiraju (2024-30),Sitting Rajya Sabha,Telangana,Rajya Sabha,499000.0,2025-08-23T00:00:00.000Z,True,,NALGONDA(DISTRICT COLLECTOR NALGONDA)
159614,"1- ANIL YADAV S/O RAMAWADH, 2- ARVIND RAJBHAR S/O GOPI RAJBHAR K GHAR K PASS 2 NAG SOLAR LIGHT",Normal/Others,PRIYA SAROJ,MACHHLISHAHR,Uttar Pradesh,Lok Sabha,41888.0,2025-08-23T00:00:00.000Z,True,,VARANASI(DISTRICT MAGISTRAE VARANASI_IDA)
159700,CHHEDI PATEL S/O ACHHAIBAR PATEL K GHAR K PASS 1 NAG SOLAR LIGHT,Normal/Others,PRIYA SAROJ,MACHHLISHAHR,Uttar Pradesh,Lok Sabha,20944.0,2025-08-25T00:00:00.000Z,True,,VARANASI(DISTRICT MAGISTRAE VARANASI_IDA)
159681,"1- ASHOK KUMAR YADAV S/O JAYRAM, 2- SURENDRA YADAV S/O RAMSURAT YADAV  K GHAR K PASS 2 NAG SOLAR LIGHT",Normal/Others,PRIYA SAROJ,MACHHLISHAHR,Uttar Pradesh,Lok Sabha,41888.0,2025-08-25T00:00:00.000Z,True,,VARANASI(DISTRICT MAGISTRAE VARANASI_IDA)
155495,INSTALLATION OF 1 NO. OF SOLAR STREET LIGHT (WITH 6 MTR. G.I. POLE & 1 NO. 20 WATT LED BULB) NEAR BARULI KURER MATH,Normal/Others,SAYANI GHOSH,JADAVPUR,West Bengal,Lok Sabha,34265.0,2025-08-25T00:00:00.000Z,True,,South 24 Parganas(DISTRICT MAGISTRATE SOUTH TWENTY FOUR PARGANAS_IDA)
155494,INSTALLATION OF 1 NO. OF SOLAR STREET LIGHT (WITH 6 MTR. G.I. POLE & 1 NO. 20 WATT LED BULB) NEAR GANGADHARPUR SAMIRAN HALDER HOUSE JELLY FACTORY,Normal/Others,SAYANI GHOSH,JADAVPUR,West Bengal,Lok Sabha,34265.0,2025-08-25T00:00:00.000Z,True,,South 24 Parganas(DISTRICT MAGISTRATE SOUTH TWENTY FOUR PARGANAS_IDA)
159683,"1- MAHBUB ALI S/O SUKURULLA, 2- MITHAI LAL MAURY S/O SITARAM  K GHAR K PASS 2 NAG SOLAR LIGHT",Normal/Others,PRIYA SAROJ,MACHHLISHAHR,Uttar Pradesh,Lok Sabha,41888.0,2025-08-25T00:00:00.000Z,True,,VARANASI(DISTRICT MAGISTRAE VARANASI_IDA)
159718,PRAMOD PAL S/O SURAJ PAL K GHAR K PASS 1 NAG SOLAR LIGHT,Normal/Others,PRIYA SAROJ,MACHHLISHAHR,Uttar Pradesh,Lok Sabha,20944.0,2025-08-25T00:00:00.000Z,True,,VARANASI(DISTRICT MAGISTRAE VARANASI_IDA)
181125,"Construction of CC Road fromYakub Khan house to Canal par at Papuri Village under Charkalgram GP, Executing Agency will be E.O. Nanoor Panchayet SAMITY.",Normal/Others,Asit Kumar Mal ,BOLPUR,West Bengal,Lok Sabha,1998592.0,2025-08-25T00:00:00.000Z,True,,BIRBHUM(DISTRICT MAGISTRATE BIRBHUM_IDA)
182997,Installation of Solar Light at Creamation Ground.,Normal/Others,SAMBIT PATRA,PURI,Odisha,Lok Sabha,40000.0,2025-08-25T00:00:00.000Z,True,,PURI(DISTRICT COLLECTOR PURI_IDA)
182988,Installation of Solar Light at Creamation Ground.,Normal/Others,SAMBIT PATRA,PURI,Odisha,Lok Sabha,40000.0,2025-08-25T00:00:00.000Z,True,,PURI(DISTRICT COLLECTOR PURI_IDA)
179085,Tube well mining with Motor pump installation including recharge pit for public use in Sadar Bazar ward 58 in VS Indore-03 District Indore,Normal/Others,Shankar Lalwani,INDORE,Madhya Pradesh,Lok Sabha,413679.0,2025-08-25T00:00:00.000Z,True,,INDORE(DISTRICT COLLECTOR INDORE_IDA)
144149,"Installation of Minimast light (8Mtr,Octogonal  pole LED Flood Light 150 Wx5 no.s) at Ezhalloor Temple Junction, Kumaramangalam Panchayath, Thodupuzha Block .",Normal/Others,Adv Dean Kuriakose,IDUKKI,Kerala,Lok Sabha,207949.0,2025-08-26T00:00:00.000Z,True,,IDUKKI(DISTRICT COLLECTOR IDUKKI_IDA)
201457,Providing High mast light at Munnurmangalam panchayat,Normal/Others,CN Annadurai,TIRUVANNAMALAI,Tamil Nadu,Lok Sabha,435000.0,2025-08-26T00:00:00.000Z,True,,TIRUVANNAMALAI(DISTRICT COLLECTOR TIRUVANNAMALAI_IDA)
212737,"Installation of CCTV Camera Systems for security purposes across major junctions in Bapujinagar ward, Vijayanagar Assembly Constituency, Bengaluru South",Normal/Others,Shri LS Tejasvi Surya ,BANGALORE SOUTH,Karnataka,Lok Sabha,499949.0,2025-08-26T00:00:00.000Z,True,,BENGALURU URBAN(DEPUTY COMMISSIONER BANGALORE URBAN_IDA)
155461,INSTALLATION OF 1 NO. OF SOLAR STREET LIGHT (WITH 6 MTR. G.I. POLE & 1 NO. 20 WATT LED BULB) NEAR KAMINI DEVI FP SCHOOL,Normal/Others,SAYANI GHOSH,JADAVPUR,West Bengal,Lok Sabha,34259.0,2025-08-26T00:00:00.000Z,True,,South 24 Parganas(DISTRICT MAGISTRATE SOUTH TWENTY FOUR PARGANAS_IDA)
197362,20 work of water harvesting in Dhakwada village,Normal/Others,C R Patil,NAVSARI,Gujarat,Lok Sabha,100000.0,2025-08-26T00:00:00.000Z,True,,NAVSARI(DISTRICT COLLECTOR NAVSARI_IDA)
215765,Sonbarsa Prakhand antargat Sarauni-Madhepura panchayat ke Buari Laxminath Kuti ke bagal mey High Mast Light ka Adhisthapan.,Normal/Others,Dinesh Chandra Yadav,MADHEPURA,Bihar,Lok Sabha,697000.0,2025-08-26T00:00:00.000Z,False,,SAHARSA(DISTRICT PLANNING OFFICER SAHARSA_IDA)
216148,Drilling of new borewell for water supply scheme near ST Colony.,Normal/Others,DR BYREDDY SHABARI,NANDYAL,Andhra Pradesh,Lok Sabha,199948.0,2025-08-28T00:00:00.000Z,True,,Nandyal(DISTRICT COLLECTOR NANDYAL_IDA)
182968,Installation of Solar Light at Creamation Ground.,Normal/Others,SAMBIT PATRA,PURI,Odisha,Lok Sabha,40000.0,2025-08-28T00:00:00.000Z,True,,PURI(DISTRICT COLLECTOR PURI_IDA)
192290,Installing a big hand pump (India Mark III) at a public place,Normal/Others,Dr. Bhim Singh (2024-30),Sitting Rajya Sabha,Bihar,Rajya Sabha,81757.0,2025-08-28T00:00:00.000Z,True,,PATNA(DISTRICT PLANNING OFFICER PATNA_IDA)
159791,SHANKAR JI MANDIR  K PASS 1 NAG SOLAR LIGHT,Normal/Others,PRIYA SAROJ,MACHHLISHAHR,Uttar Pradesh,Lok Sabha,20944.0,2025-08-28T00:00:00.000Z,True,,VARANASI(DISTRICT MAGISTRAE VARANASI_IDA)
192604,Construction of PCC road and drainage,Normal/Others,Dr. Bhim Singh (2024-30),Sitting Rajya Sabha,Bihar,Rajya Sabha,875100.0,2025-08-28T00:00:00.000Z,True,,PATNA(DISTRICT PLANNING OFFICER PATNA_IDA)
196375,Providing Electrical Poles and Line in Koragam GP Limits of Burja mandal,Normal/Others,Kinjarapu Ram Mohan Naidu,SRIKAKULAM,Andhra Pradesh,Lok Sabha,564954.0,2025-08-28T00:00:00.000Z,False,,SRIKAKULAM(District Collector Srikakulam_IDA)
141127,Cc tv camera,Normal/Others,Kakoli Ghosh Dastidar ,BARASAT,West Bengal,Lok Sabha,112000.0,2025-08-28T00:00:00.000Z,True,,North 24 Parganas(DISTRICT MAGISTRATE NORTH TWENTY FOUR PARGANAS_IDA)
183000,"Installation of Solar Light at Creamation Ground,Abhayamukhi Village,Abhayamukhi GP",Normal/Others,SAMBIT PATRA,PURI,Odisha,Lok Sabha,40000.0,2025-08-29T00:00:00.000Z,True,,PURI(DISTRICT COLLECTOR PURI_IDA)
185382,Construction of side drain at main road halsi bhat puji mohalla rainawari,Normal/Others,AGA SYED RUHULLAH MEHDI,SRINAGAR,Jammu And Kashmir,Lok Sabha,141700.0,2025-08-29T00:00:00.000Z,True,,SRINAGAR(DEPUTY COMMISSIONER SRINAGAR_IDA)
195555,Purchase of Books for Branch library Nesco Joint Kalpakkam,Normal/Others,Ganesan Selvam,KANCHEEPURAM,Tamil Nadu,Lok Sabha,50000.0,2025-08-29T00:00:00.000Z,True,,CHENGALPATTU(District Collector Chengalpattu_IDA)
200079,"PCC ROAD- PURBI CHAMPARAN, DHAKA, VILL- BARHARWA LAKHANSEN WARD NO-01 MAIN ROAD SE PANCHYAT SARKAR BHAWAN TAK AUR JIPAS SAH KE GHAR SE SAPHI DEVI KE GHAR KI TARAF JANE WALI ROAD - PCC 2 ROAD",Normal/Others,Dr. Dharmshila Gupta (2024-30),Sitting Rajya Sabha,Bihar,Rajya Sabha,1491535.0,2025-08-29T00:00:00.000Z,False,,PURBI CHAMPARAN(DISTRICT PLANNING OFFICER MOTHIHARI EAST CHAMPARAN_IDA)
152043,"hers

	

Providing CCTV camera system for security of public areas",Normal/Others,Kakoli Ghosh Dastidar ,BARASAT,West Bengal,Lok Sabha,112000.0,2025-08-29T00:00:00.000Z,True,,North 24 Parganas(DISTRICT MAGISTRATE NORTH TWENTY FOUR PARGANAS_IDA)
179693,Gram Madti ka majra khairi me badi maszid se zahid ke makan ke or cc road evm nali nirman karye. 150 meter,Normal/Others,IMRAN MASOOD,SAHARANPUR,Uttar Pradesh,Lok Sabha,1467174.0,2025-08-31T00:00:00.000Z,True,,SAHARANPUR(DISTRICT MAGISTRAE SAHARANPUR_IDA)
180747,Construction of RCC BLOCK in old Patelvas Area for public place chowk in Ranela village,Normal/Others,HARIBHAI PATEL,MAHESANA,Gujarat,Lok Sabha,250000.0,2025-09-01T00:00:00.000Z,False,,MAHESANA(DISTRICT COLLECTOR MAHESANA_IDA)
178664,Please allocate 1 smartboard to Primary School No. 156 located in Ward No. 09.,Normal/Others,MUKESHKUMAR CHANDRAKAANT DALAL,SURAT,Gujarat,Lok Sabha,273090.0,2025-09-01T00:00:00.000Z,True,,SURAT(DISTRICT COLLECTOR SURAT_IDA)
145978,"Construction of Artistic Gazebo
N-Pocket, Ward No. 217, Dilshad Colony, Shahdara (Shahdara North Zone)",Normal/Others,Harsh Malhotra,EAST DELHI,Delhi,Lok Sabha,761500.0,2025-09-01T00:00:00.000Z,True,,EAST(COMMISSIONER EAST)
164580,High-mast lighting Lighting of public spaces at Doddaballapur (T) Hulikunte GP  Hulikunte Grama,Normal/Others,DR.K.SUDHAKAR,CHIKBALLAPUR,Karnataka,Lok Sabha,249600.0,2025-09-01T00:00:00.000Z,False,,BENGALURU RURAL(DEPUTY COMMISSIONER BANGALORE RURAL SBM URBAN)
192640,High-Must Lighting of public spaces at Doddaballapur (D) Hadonahalli GP Bachha Halli Grama SC Colony,Normal/Others,DR.K.SUDHAKAR,CHIKBALLAPUR,Karnataka,Lok Sabha,249608.0,2025-09-01T00:00:00.000Z,False,,BENGALURU RURAL(DEPUTY COMMISSIONER BANGALORE RURAL SBM URBAN)
202497,Supply of Lab Equipment at Melanikuzhi Government High. Secondary School in Melanikuzhi Panchayat.,Normal/Others,Thirumaa Valavan Thol,CHIDAMBARAM,Tamil Nadu,Lok Sabha,625000.0,2025-09-02T00:00:00.000Z,True,,Ariyalur(District Collector Ariyalur_IDA)
202473,Supply of Lab Equipment at Meensuriti Government Boys High. Secondary School in Gundaveli Panchayat.,Normal/Others,Thirumaa Valavan Thol,CHIDAMBARAM,Tamil Nadu,Lok Sabha,625000.0,2025-09-02T00:00:00.000Z,True,,Ariyalur(District Collector Ariyalur_IDA)
186174,"Providing New Bore Point  back side of DLNR School, Kattubadipalem of 2nd Ward  in  Buchireddipalem Nagara Panchayat",Normal/Others,PRABHAKAR REDDY VEMIREDDY,NELLORE,Andhra Pradesh,Lok Sabha,180317.0,2025-09-02T00:00:00.000Z,True,,Sri Potti Sriramulu Nellore(DISTRICT COLLECTOR NELLORE_IDA)
159089,"Construction of Roof in the Cremation Ground of Scheduled MajorityVillage Habibpur Niwada, Block Bhagwanpur",Normal/Others,Dr. Kalpana Saini (2022-28),Sitting Rajya Sabha,Uttarakhand,Rajya Sabha,985505.0,2025-09-02T00:00:00.000Z,True,,HARIDWAR(DISTRICT MAGISTRATE HARIDWAR_IDA)
209442,Drilling of Bore well and pump set in Sy.No.286 in Panthulthanda Village of Akkannapeta Mandal,Normal/Others,Sanjay Kumar Bandi,KARIMNAGAR,Telangana,Lok Sabha,196592.0,2025-09-02T00:00:00.000Z,False,,SIDDIPET(District Collector Siddipet_IDA)
190326,"2.Pokhariya High School. Block Adapur Ward no-2 Pokhariya, District. Purvi Champaran. 1 Set",Normal/Others,Shri Shambhu Sharan Patel (2022-28),Sitting Rajya Sabha,Bihar,Rajya Sabha,700000.0,2025-09-02T00:00:00.000Z,False,,PURBI CHAMPARAN(DISTRICT PLANNING OFFICER MOTHIHARI EAST CHAMPARAN_IDA)
202486,Supply of Lab Equipment at Karaikurichi Government High. Secondary School in Karaikurichi Panchayat.,Normal/Others,Thirumaa Valavan Thol,CHIDAMBARAM,Tamil Nadu,Lok Sabha,625000.0,2025-09-03T00:00:00.000Z,True,,Ariyalur(District Collector Ariyalur_IDA)
172390,"Construction of community hall in Gouda wada, Kammarpally (V) (M)",Normal/Others,Arvind Dharmapuri,NIZAMABAD,Telangana,Lok Sabha,398110.0,2025-09-03T00:00:00.000Z,False,,NIZAMABAD(DISTRICT COLLECTOR NIZAMABAD_IDA)
161025,GRAM PANCHAYAT ITAUA KEDARNATH ME SHAMSHAN BHUMI PAR 1 SHAVDAH SHED KA NIRMAN,Normal/Others,CHHATRA PAL SINGH GANGWAR,BAREILLY,Uttar Pradesh,Lok Sabha,348009.0,2025-09-03T00:00:00.000Z,False,,BAREILLY(DISTRICT MAGISTRAE BAREILLY_IDA)
187309,Purchase of mobile water tanker 3000 ltr capacity,Normal/Others,SHER SINGH GHUBAYA,FIROZPUR,Punjab,Lok Sabha,240862.0,2025-09-03T00:00:00.000Z,False,,FAZILKA(DEPUTY COMMISSIONER FAZILKA_IDA)
204053,"4.Higher Secondary School, Sohans, Block Bisfi Dist Madhubani",Normal/Others,Shri Shambhu Sharan Patel (2022-28),Sitting Rajya Sabha,Bihar,Rajya Sabha,618000.0,2025-09-03T00:00:00.000Z,False,,MADHUBANI(DISTRICT PLANNING OFFICER MADHUBANI_IDA)
189740,Purchase and providing one Ambulance to GP for Sick and injured animals for use of Gaushala,Normal/Others,Shri  Dharambir Singh,BHIWANI MAHENDRAGARH,Haryana,Lok Sabha,1000000.0,2025-09-03T00:00:00.000Z,False,,BHIWANI(DC Cum Nodal Officer MPLADS Bhiwani)
149417,LED SEMI HIGH MAST LIGHT,Normal/Others,Shri Baburam Nishad (2022-28),Sitting Rajya Sabha,Uttar Pradesh,Rajya Sabha,169907.0,2025-09-04T00:00:00.000Z,True,,HAMIRPUR(DISTRICT MAGISTRATE HAMIRPUR_2)
155970,"INSTALLATION OF 5 NOS. OF SOLAR STREET LIGHTS (WITH 6 MTR. G.I. POLE & 1 NO. 20 WATT LED BULB) IN THE FOLLOWING LOCATIONS UNDER KALIKAPUR II GP UNDER SONARPUR DAKSHIN AC: 
1)	SUCHITRA BISWAS’ HOUSE (VILL: HASANPUR, BISWAS PARA)
2)	SARDARPARA NEAR GOUR SARDAR’S HOUSE (VILL: HASANPUR, SARDAR PARA)
3)	NARAN MONDAL’S HOUSE (VILL: HASANPUR)
4)	SAHEBPUR PRAMANICK PARA RADHA KRISHNA MANDIR (VILL: SAHEBPUR, PRAMANIK PARA)
5)	SANAT NASKAR’S HOUSE (VILL: SAHEBPUR, NASKAR PARA)",Normal/Others,SAYANI GHOSH,JADAVPUR,West Bengal,Lok Sabha,171635.0,2025-09-04T00:00:00.000Z,True,,South 24 Parganas(DISTRICT MAGISTRATE SOUTH TWENTY FOUR PARGANAS_IDA)
145512,Gram-Bhathahi Buzurg me Surendra Shukla ke ghar se Bhola Hazam ke ghar tak 178 mtr. CC Road ka nirmaan,Normal/Others,SHASHANK MANI,DEORIA,Uttar Pradesh,Lok Sabha,1486564.0,2025-09-04T00:00:00.000Z,True,,Kushinagar(DISTRICT MAGISTRATE KUSHINAGAR PADRAUNA_IDA)
137311,"Gram Sabha - Noniya Patti, Vikas Khand - Fazil Nagar me Junior high School se mandir tak CC road ka nirmaan. lagbhag - 117 meter",Normal/Others,SHASHANK MANI,DEORIA,Uttar Pradesh,Lok Sabha,972556.0,2025-09-04T00:00:00.000Z,True,,Kushinagar(DISTRICT MAGISTRATE KUSHINAGAR PADRAUNA_IDA)
181380,District Mandi Through Dy Director Elementary Education Mandi District Mandi Himachal Pradesh,Normal/Others,Dr. Sikander Kumar (2022-28),Sitting Rajya Sabha,Himachal Pradesh,Rajya Sabha,1996880.0,2025-09-04T00:00:00.000Z,False,,MANDI(DEPUTY COMMISSIONER MANDI_IDA)
184271,gram panchayat ghanghol pandit wari mein sanik colony shri thapa ke ghar se shri bhor ke ghar tak cc road nirman karya.IA KARYADAI SANSTATHA -NAGAR PALIKA PARISHAD HERBURTPUR,Normal/Others,Shri Naresh Bansal (2020-26),Sitting Rajya Sabha,Uttarakhand,Rajya Sabha,471827.0,2025-09-06T00:00:00.000Z,True,,DEHRADUN(DISTRICT MAGISTRATE DEHRADUN_IDA)
189437,Construction of a culvert on the river on the way from village Dharia to Deoli-Pabuji,Normal/Others,Shri Madan Rathore (2024-30),Sitting Rajya Sabha,Rajasthan,Rajya Sabha,1041139.0,2025-09-06T00:00:00.000Z,False,,PALI(DISTRICT COLLECTOR PALI_IDA)
172649,Construction of cultural Hall.,Trust and Society,Shri Narayanasa K. Bhandage (2024-30),Sitting Rajya Sabha,Karnataka,Rajya Sabha,300000.0,2025-09-06T00:00:00.000Z,True,,BAGALKOTE(DEPUTY COMMISSIONER BAGALKOT_IDA)
207682,Providing a SMART CLASS INTERACTIVE PANEL in Municipal Nagar Panchayat Union Middle School (1 Nos) (2025-26),Normal/Others,K E PRAKASH,ERODE,Tamil Nadu,Lok Sabha,200000.0,2025-09-06T00:00:00.000Z,True,,ERODE(DISTRICT_COLLECTORE_ERODE_IDA)
208229,Banma Itahari Prakhand antargat Panchayat Ghourdaur mey Mahadev Sthaan Bhagwanpur ke bagal mey High Mast Light ka Adhisthapan.,Normal/Others,Dinesh Chandra Yadav,MADHEPURA,Bihar,Lok Sabha,697000.0,2025-09-08T00:00:00.000Z,False,,SAHARSA(DISTRICT PLANNING OFFICER SAHARSA_IDA)
212565,Sankhari primary school smart class room,Normal/Others,Bharatsinhji Shankarji Dabhi,PATAN,Gujarat,Lok Sabha,498875.0,2025-09-08T00:00:00.000Z,True,,PATAN(DISTRICT COLLECTOR PATAN_IDA)
171332,"Construction of Community Hall near sree laxmi Narsimha Swamy Temple, Mupkal (V)",Normal/Others,Arvind Dharmapuri,NIZAMABAD,Telangana,Lok Sabha,450000.0,2025-09-08T00:00:00.000Z,False,,NIZAMABAD(DISTRICT COLLECTOR NIZAMABAD_IDA)
163490,CONSTRUCTION OF BOUNDARYWALL AT BISI BAHAL UP SCHOOL.,Normal/Others,MALVIKA DEVI,KALAHANDI,Odisha,Lok Sabha,200000.0,2025-09-08T00:00:00.000Z,False,,NUAPADA(DISTRICT COLLECTOR  NUAPADA_IDA)
136693,"Kanarsi Dankaur me harikishan ke makaan se lekar mahri ke makaan ki ore interlocking & naali nirman, 75 meter",Normal/Others,Mahesh Sharma,GAUTAM BUDDHA NAGAR,Uttar Pradesh,Lok Sabha,997341.0,2025-09-09T00:00:00.000Z,True,,GAUTAM BUDDHA NAGAR(DISTRICT MAGISTRATE GAUTAMBUDHNAGAR)
136655,"Sai enclave colony Chipiyana Buzurg Ke Gali number 8, B- block main Nirmal dairy Se Rinku Sharma Ke ghar ki aur interlocking va Naali nirman Karya, 70 meter",Normal/Others,Mahesh Sharma,GAUTAM BUDDHA NAGAR,Uttar Pradesh,Lok Sabha,995219.0,2025-09-09T00:00:00.000Z,True,,GAUTAM BUDDHA NAGAR(DISTRICT MAGISTRATE GAUTAMBUDHNAGAR)
195312,SUPPLY AND INSTALLATION OF 26 NOS 7 MTR LONG SWAGGED STEEL TUBULAR POLE WITH 100 WATT LED STREET LIGHT AT KACHUA BAZAR IN MOUZA KACHUA IN CHALTABERIA GP UNDER BHANGAR II PS UNDER BHANGAR AC,Normal/Others,SAYANI GHOSH,JADAVPUR,West Bengal,Lok Sabha,858347.0,2025-09-09T00:00:00.000Z,False,,South 24 Parganas(DISTRICT MAGISTRATE SOUTH TWENTY FOUR PARGANAS_IDA)
205220,Provision of science laboratory equipment to Kangeyam Government Higher Secondary School,Normal/Others,K E PRAKASH,ERODE,Tamil Nadu,Lok Sabha,624861.0,2025-09-10T00:00:00.000Z,False,,TIRUPPUR(DISTRICT COLLECTOR TIRUPPUR_IDA)
162255,Kakwada Ta.Amirgadh : For the purchase of artificial limbs for the disabled (24-25),Normal/Others,Shri Babubhai Jesangbhai Desai (2023-29),Sitting Rajya Sabha,Gujarat,Rajya Sabha,350000.0,2025-09-10T00:00:00.000Z,True,,BANAS KANTHA(DISTRICT COLLECTOR BANAS KANTHA_IDA)
195503,Drilling of borewells and handpump at BC colony dharmaram,Normal/Others,VAMSI KRISHNA GADDAM,PEDDAPALLE,Telangana,Lok Sabha,124163.0,2025-09-10T00:00:00.000Z,True,,PEDDAPALLI(District Collector Peddapally_IDA)
189191,gram panchayat taiyab khan nagla gram kinawa sarwajanik sthan par Pushpendra Yadav 9411848999,Normal/Others,DEVESH SHAKYA,ETAH,Uttar Pradesh,Lok Sabha,240387.0,2025-09-10T00:00:00.000Z,False,,Kasganj(DISTRICT MAGISTRATE KASGANJ KANSHIRAMNAGAR_IDA)
189354,gram panchayat pithanpur nhujapura mein sarwajanik sthan par sooraj shakya 9258606460,Normal/Others,DEVESH SHAKYA,ETAH,Uttar Pradesh,Lok Sabha,240387.0,2025-09-10T00:00:00.000Z,False,,Kasganj(DISTRICT MAGISTRATE KASGANJ KANSHIRAMNAGAR_IDA)
190527,Nagla dukariya panchayat kantaur mein sarwajanik sthan par rajendra singh lodhi 9389865141,Normal/Others,DEVESH SHAKYA,ETAH,Uttar Pradesh,Lok Sabha,240387.0,2025-09-10T00:00:00.000Z,False,,Kasganj(DISTRICT MAGISTRATE KASGANJ KANSHIRAMNAGAR_IDA)
194206,gram panchayat Nababganj Nagariya Sarai gram mein Mahesh Diwakar 9627961213,Normal/Others,DEVESH SHAKYA,ETAH,Uttar Pradesh,Lok Sabha,240387.0,2025-09-10T00:00:00.000Z,False,,Kasganj(DISTRICT MAGISTRATE KASGANJ KANSHIRAMNAGAR_IDA)
203761,"Manager,principal Construction of rooms in Moh Sher Ali Madina Mahavidyalaya, Kathulva Deoria",Normal/Others,RAMASHANKAR RAJBHAR,SALEMPUR,Uttar Pradesh,Lok Sabha,1500000.0,2025-09-10T00:00:00.000Z,False,,DEORIA(DISTRICT MAGISTRATE DEORIA)
189237,gram Jogamai mein nagla dali raghunath ke ghar ke pass 962714847,Normal/Others,DEVESH SHAKYA,ETAH,Uttar Pradesh,Lok Sabha,240621.0,2025-09-10T00:00:00.000Z,False,,ETAH(DISTRICT MAGISTRATE ETAH_IDA)
185527,"INSTALLATION OF SOLAR STREET LIGHT IN MANAPUR G.P. AT  BODARA WARD NO 7, TWO NOS. 28000, EACH",Normal/Others,Shri Bhartruhari Mahtab,CUTTACK,Odisha,Lok Sabha,56000.0,2025-09-11T00:00:00.000Z,True,,Kataka(DISTRICT COLLECTOR CUTTACK_IDA)
188385,Construction of Mori on Dodi B. to Datli road. Tal. Sinnar Dist. Nashik,Normal/Others,RAJABHAU,NASHIK,Maharashtra,Lok Sabha,988000.0,2025-09-11T00:00:00.000Z,True,,NASHIK(DISTRICT COLLECTOR NASHIK_IDA)
197931,gram banbani me GI water tankers 5500 leter 900 16,Normal/Others,Shri Anil Firojiya,UJJAIN,Madhya Pradesh,Lok Sabha,159212.0,2025-09-11T00:00:00.000Z,True,,UJJAIN(DISTRICT COLLECTOR UJJAIN_IDA)
197926,gram kharsodkhurd me GI water tankers 5500 leter 900 16,Normal/Others,Shri Anil Firojiya,UJJAIN,Madhya Pradesh,Lok Sabha,159212.0,2025-09-11T00:00:00.000Z,True,,UJJAIN(DISTRICT COLLECTOR UJJAIN_IDA)
206333,"Computer Education project at  Govt. U.P. School, Tumajore, GP Kendudihi",Normal/Others,Shri Jual Oram,SUNDARGARH,Odisha,Lok Sabha,480000.0,2025-09-12T00:00:00.000Z,True,,Sundaragada(DISTRICT COLLECTOR SUNDARGARH_IDA)
169240,GRAM PANCHAYAT PANDHARWANI ME VIDYUTIKARAN KARYA,Normal/Others,BHARTI PARDHI,BALAGHAT,Madhya Pradesh,Lok Sabha,1000000.0,2025-09-12T00:00:00.000Z,True,,SEONI(District Collector Seoni_IDA)
197892,gram raghopiplya me GI water tankers 5500 leter 900 16,Normal/Others,Shri Anil Firojiya,UJJAIN,Madhya Pradesh,Lok Sabha,159212.0,2025-09-12T00:00:00.000Z,True,,UJJAIN(DISTRICT COLLECTOR UJJAIN_IDA)
202525,Construction of CC road from house of Hamid Mallick to house of Arabindu Pandey at Nandarampur. (Length- 75 mtr),Normal/Others,Shri Abhishek Banerjee,DIAMOND HARBOUR,West Bengal,Lok Sabha,195881.0,2025-09-12T00:00:00.000Z,False,,South 24 Parganas(DISTRICT MAGISTRATE SOUTH TWENTY FOUR PARGANAS_IDA)
193312,Supply of Books in SMDC RKHS FATEHPUR,Normal/Others,NALIN SOREN,DUMKA,Jharkhand,Lok Sabha,249745.0,2025-09-12T00:00:00.000Z,True,,JAMTARA(Deputy Commissioner Jamtara_IDA)
197894,gram kokalkhedi gp jamalpura me GI water tankers 5500 leter 900 16,Normal/Others,Shri Anil Firojiya,UJJAIN,Madhya Pradesh,Lok Sabha,159212.0,2025-09-12T00:00:00.000Z,True,,UJJAIN(DISTRICT COLLECTOR UJJAIN_IDA)
193316,Supply of Books in SMDC RGRG HS KARMATANR,Normal/Others,NALIN SOREN,DUMKA,Jharkhand,Lok Sabha,249745.0,2025-09-12T00:00:00.000Z,True,,JAMTARA(Deputy Commissioner Jamtara_IDA)
202126,Procurement and supply of Bench and Desk to Govt Higher Sec School at Asakalathur (30 set),Normal/Others,MALAIYARASAN D,KALLAKURICHI,Tamil Nadu,Lok Sabha,626580.0,2025-09-12T00:00:00.000Z,False,,KALLAKURICHI(District Collector Kallakurichi_IDA)
147545,High must light,Normal/Others,Kakoli Ghosh Dastidar ,BARASAT,West Bengal,Lok Sabha,436842.0,2025-09-12T00:00:00.000Z,True,,North 24 Parganas(DISTRICT MAGISTRATE NORTH TWENTY FOUR PARGANAS_IDA)
193084,Supply of Books in SMDC RK PLUS 2 HS NARAYANPUR,Normal/Others,NALIN SOREN,DUMKA,Jharkhand,Lok Sabha,249745.0,2025-09-12T00:00:00.000Z,True,,JAMTARA(Deputy Commissioner Jamtara_IDA)
152290,VIKAS KHAND MEERGANJ KI GRAM PANCHAYAT ME 11 STREET LIGHTS,Normal/Others,CHHATRA PAL SINGH GANGWAR,BAREILLY,Uttar Pradesh,Lok Sabha,854043.0,2025-09-13T00:00:00.000Z,False,,BAREILLY(DISTRICT MAGISTRAE BAREILLY_IDA)
152275,NAWABGANJ - BHADPURA BLOCK KE 39 GRAM ME STREET LIGHTS,Normal/Others,CHHATRA PAL SINGH GANGWAR,BAREILLY,Uttar Pradesh,Lok Sabha,854043.0,2025-09-13T00:00:00.000Z,False,,BAREILLY(DISTRICT MAGISTRAE BAREILLY_IDA)
180835,Renovation and decoration or Beautification of boundary wall of Bansundaria S K  High School (HS) GP Multi,Repair and Renovation,Pratima Mondal ,JOYNAGAR,West Bengal,Lok Sabha,239671.0,2025-09-15T00:00:00.000Z,True,,South 24 Parganas(DISTRICT MAGISTRATE SOUTH TWENTY FOUR PARGANAS_IDA)
182808,Installation of Solar Light at Cremation Ground of Bira Batagaon Village.,Normal/Others,SAMBIT PATRA,PURI,Odisha,Lok Sabha,40000.0,2025-09-15T00:00:00.000Z,True,,PURI(DISTRICT COLLECTOR PURI_IDA)
156624,"Sarswati Shishu Mandir Attal Chakrata me do Kaksha Kaksh Nirma,  Ka. Sanstha- Vidhyalay Prabandh Samiti",Normal/Others,Shri Mahendra Bhatt (2024-30),Sitting Rajya Sabha,Uttarakhand,Rajya Sabha,800000.0,2025-09-15T00:00:00.000Z,False,,DEHRADUN(DISTRICT MAGISTRATE DEHRADUN_IDA)
203276,"Providing Bituminous macadam road at 1st cross street West side in 2nd street Vallalar Nagar,   Kovilpappakudi Village, MaduraiDistrict.",Normal/Others,Shri R. Girirajan (2022-28),Sitting Rajya Sabha,Tamil Nadu,Rajya Sabha,993447.0,2025-09-16T00:00:00.000Z,False,,MADURAI(DISTRICT COLLECTOR MADURAI_IDA)
203309,"Providing Bituminous macadam road at Extension main road   in Backiyalakshmi Nagar,  Kovilpappakudi Village, Madurai District.",Normal/Others,Shri R. Girirajan (2022-28),Sitting Rajya Sabha,Tamil Nadu,Rajya Sabha,995982.0,2025-09-16T00:00:00.000Z,False,,MADURAI(DISTRICT COLLECTOR MADURAI_IDA)
203274,"Providing Bituminous macadam road at2nd cross street in Ulagamadha Kovil Road  Annai Teresa Nagar,  Kovilpappakudi Village, Madurai District.",Normal/Others,Shri R. Girirajan (2022-28),Sitting Rajya Sabha,Tamil Nadu,Rajya Sabha,497704.0,2025-09-16T00:00:00.000Z,False,,MADURAI(DISTRICT COLLECTOR MADURAI_IDA)
200221,"Junagadh District,Junagadh Taluka,Bhalgam Village,Paver block work on the road leading to PM room and Bharwad Bawa place in Bhalgam village",Normal/Others,Rajeshbhai Naranbhai Chudasama,JUNAGADH,Gujarat,Lok Sabha,300000.0,2025-09-17T00:00:00.000Z,True,,JUNAGADH(DISTRICT COLLECTOR JUNAGADH_IDA)
147659,Construction of common work shed in village Choli at Near Radha Bihari Gaushala,Normal/Others,Gajendra Singh Patel,KHARGONE,Madhya Pradesh,Lok Sabha,1000000.0,2025-09-17T00:00:00.000Z,False,,Khargone (West Nimar)(DISTRICT COLLECTOR KHARGONE_IDA)
162265,Culture Bhavan Plinth work at Shiggaon TQ Panigatti Village near Shri Gramdevi Temple Pry No 115 & 116,Normal/Others,Pralhad Venkatesh Joshi,DHARWAD,Karnataka,Lok Sabha,495745.0,2025-09-17T00:00:00.000Z,False,,HAVERI(DEPUTY COMMISSIONER HAVERI_IDA)
175234,Construction Of Paver Block Work at behind Sharad Shah High School,Normal/Others,Devusinh Jesingbhai Chauhan,KHEDA,Gujarat,Lok Sabha,300000.0,2025-09-18T00:00:00.000Z,False,,KHEDA(DISTRICT COLLECTOR KHEDA_IDA)
182877,Installation of Solar Light at Cremation Ground.,Normal/Others,SAMBIT PATRA,PURI,Odisha,Lok Sabha,40000.0,2025-09-18T00:00:00.000Z,True,,PURI(DISTRICT COLLECTOR PURI_IDA)
182874,Installation of Solar Light at Cremation Ground.,Normal/Others,SAMBIT PATRA,PURI,Odisha,Lok Sabha,40000.0,2025-09-18T00:00:00.000Z,True,,PURI(DISTRICT COLLECTOR PURI_IDA)
230899,Water tanker fogging machines and gensets  for flood affected Village to 100 in District Amritsar,Normal/Others,GURMEET SINGH MEET HAYER,SANGRUR,Punjab,Lok Sabha,214500.0,2025-09-18T00:00:00.000Z,False,,AMRITSAR(DEPUTY COMMISSIONER AMRITSAR_IDA)
203273,"Providing Bituminous macadam road at 1st street west side in vallalar Nagar,  Kovilpappakudi Village, Madurai District.",Normal/Others,Shri R. Girirajan (2022-28),Sitting Rajya Sabha,Tamil Nadu,Rajya Sabha,996429.0,2025-09-18T00:00:00.000Z,False,,MADURAI(DISTRICT COLLECTOR MADURAI_IDA)
230896,Water tanker fogging machines and gensets  for flood affected Village to 100 in District Amritsar,Normal/Others,GURMEET SINGH MEET HAYER,SANGRUR,Punjab,Lok Sabha,214500.0,2025-09-18T00:00:00.000Z,False,,AMRITSAR(DEPUTY COMMISSIONER AMRITSAR_IDA)
201012,Drilling of a borewell and pump set at Narasapuram of Parigi mandal,Normal/Others,B K PARTHASARATHI,HINDUPUR,Andhra Pradesh,Lok Sabha,488368.0,2025-09-18T00:00:00.000Z,True,,Sri Sathya Sai(DISTRICT COLLECTOR SRI SATHYA SAI_IDA)
190167,(MPLADS 2024-25) Providing in tesk and bench Ramanathan Chettiar Municipal High School In Karaikudi Corporation,Normal/Others,Shri Karti P Chidambaram ,SIVAGANGA,Tamil Nadu,Lok Sabha,800000.0,2025-09-18T00:00:00.000Z,True,,SIVAGANGA(DISTRICT COLLECTOR SIVAGANGA_IDA)
201014,Drilling of a borewell and pump set at Chinnapalli of Parigi mandal,Normal/Others,B K PARTHASARATHI,HINDUPUR,Andhra Pradesh,Lok Sabha,487690.0,2025-09-18T00:00:00.000Z,True,,Sri Sathya Sai(DISTRICT COLLECTOR SRI SATHYA SAI_IDA)
164059,"Kalamma Community hall, Kalkunike Circle, Hunsur Town.(Vishwakarma Community hall)",Normal/Others,YADUVEER KRISHNADATTA CHAMARAJA WADIYAR,MYSORE,Karnataka,Lok Sabha,500000.0,2025-09-19T00:00:00.000Z,True,,MYSURU(DEPUTY COMMISSIONER MYSORE_IDA)
164279,Drainage work from Hemmige village main road till Chaluvegowda house,Normal/Others,YADUVEER KRISHNADATTA CHAMARAJA WADIYAR,MYSORE,Karnataka,Lok Sabha,500000.0,2025-09-19T00:00:00.000Z,True,,MYSURU(DEPUTY COMMISSIONER MYSORE_IDA)
180958,hirapur thi iti colloge taraf c c road work,Normal/Others,Bharatsinhji Shankarji Dabhi,PATAN,Gujarat,Lok Sabha,500000.0,2025-09-20T00:00:00.000Z,True,,BANAS KANTHA(DISTRICT COLLECTOR BANAS KANTHA_IDA)
202612,"Providing Bituminous macadam road at 2nd Cross Street in Sriram Nagar,Kovilpappakudi Village, Madurai District.",Normal/Others,Shri S. Kalyanasundaram (2022-28),Sitting Rajya Sabha,Tamil Nadu,Rajya Sabha,763320.0,2025-09-20T00:00:00.000Z,False,,MADURAI(DISTRICT COLLECTOR MADURAI_IDA)
176133,"High Mast Light near Sri Kanniamman Koil at Vengandhur panchayat, viluppuram taluk.",Normal/Others,D Ravikumar ,VILUPPURAM,Tamil Nadu,Lok Sabha,249700.0,2025-09-20T00:00:00.000Z,True,,Viluppuram(DISTRICT COLLECTOR VILLUPURAM_IDA)
10747,Please see the attached list.,Normal/Others,Smt. Darshana Singh (2022-28),Sitting Rajya Sabha,Uttar Pradesh,Rajya Sabha,5001682.0,2025-09-20T00:00:00.000Z,True,,CHANDAULI(DISTRICT MAGISTRATE CHANDAULI_IDA)
181757,PEWER BLOCK WORK IN AGARWA TABE DUG NI MUVADI NATUBHAI RAVJIIBHAI RATHOD FALIYA,Normal/Others,RAJPALSINH MAHENDRASINH JADAV,PANCHMAHAL,Gujarat,Lok Sabha,249119.0,2025-09-22T00:00:00.000Z,False,,KHEDA(DISTRICT COLLECTOR KHEDA_IDA)
194778,"Purchase of Smart Boards for Government Higher Secondary School, Chinna Senkal, Senkal Panchayat",Normal/Others,Smt S Jothimani,KARUR,Tamil Nadu,Lok Sabha,199040.0,2025-09-23T00:00:00.000Z,True,,KARUR(DISTRICT COLLECTOR KARUR_IDA)
153711,8. 150 meter interlocking work from Nandauri Nandu Kashyap's house to village Lautan's house.,Normal/Others,Kirti Vardhan Singh,GONDA,Uttar Pradesh,Lok Sabha,820440.0,2025-09-23T00:00:00.000Z,True,,BALRAMPUR(DISTRICT MAGISTRATE BALRAMPUR_IDA)
185275,"CONSTRUCTION OF COMMUNITY CENTER , WARD NO.50, NUAPADA, NEAR KUNJA BIHARI THAKURA",Normal/Others,Shri Bhartruhari Mahtab,CUTTACK,Odisha,Lok Sabha,300000.0,2025-09-23T00:00:00.000Z,True,,Kataka(DISTRICT COLLECTOR CUTTACK_IDA)
178577,"INSTALLATION OF 4 NOS OF 9 MTR OCTAGONAL MINI MAST STREET LIGHT, EACH HAVING 5 NOS OF 110 W LED FLOOD LIGHT FITTING (MODEL BVP192 LED 110 CW) IN THE FOLLOWING LOCATIONS IN WARD NO 02 OF SONARPUR RAJPUR MUNICIPALITY UNDER SONARPUR UTTAR AC",Normal/Others,SAYANI GHOSH,JADAVPUR,West Bengal,Lok Sabha,429139.0,2025-09-23T00:00:00.000Z,True,,South 24 Parganas(DISTRICT MAGISTRATE SOUTH TWENTY FOUR PARGANAS_IDA)
201900,10 work of water harvesting in Barolia village,Normal/Others,C R Patil,NAVSARI,Gujarat,Lok Sabha,250000.0,2025-09-23T00:00:00.000Z,True,,NAVSARI(DISTRICT COLLECTOR NAVSARI_IDA)
160016,Formation of  gravel Roads in Regadi lands Devendrudu lands to Visweswar reddy lands and other lands  in Mucchumarri(v) Pagidyala(M),Normal/Others,DR BYREDDY SHABARI,NANDYAL,Andhra Pradesh,Lok Sabha,468997.0,2025-09-23T00:00:00.000Z,True,,Nandyal(DISTRICT COLLECTOR NANDYAL_IDA)
201040,Construction of CC road with piling from house of Jakir Molla to house of Salam Molla via Patalpunja Sanerghat. (Length- 157 Mtr) under Patra GP,Normal/Others,Shri Abhishek Banerjee,DIAMOND HARBOUR,West Bengal,Lok Sabha,300483.0,2025-09-23T00:00:00.000Z,True,,South 24 Parganas(DISTRICT MAGISTRATE SOUTH TWENTY FOUR PARGANAS_IDA)
182596,BLOCK NEBUA NAURANGIYA KE GP BABHNAULI PURAB TOLA ME RAM PRAVESH PATEL KE GHAR KE SAMANE SE BHABHUTI YADAV KE GHAR JANE WALE MARG PAR 100M CC ROAD KA NIRMAN KARY,Normal/Others,Shri Ratanjit Pratap Narain Singh (2024-30),Sitting Rajya Sabha,Uttar Pradesh,Rajya Sabha,897605.0,2025-09-24T00:00:00.000Z,True,,Kushinagar(DISTRICT MAGISTRATE KUSHINAGAR PADRAUNA_IDA)
160044,CONSTRUCTION OF JALASATRA (STAND ALONE) AT SASAPOTA UNDER MAROKHANA GRAM PANCHAYAT WITHIN KHANAKUL-II DEV.BLOCK,Normal/Others,BAG MITALI,ARAMBAG,West Bengal,Lok Sabha,914346.0,2025-09-24T00:00:00.000Z,True,,HOOGHLY(DISTRICT MAGISTRATE HOOGHLY_IDA)
214394,"Construction of returning wall from Aniruddha Mohanty house to Sarbana Ghati PWD road, Village-Sarbana Ghati hill block 172, GP-Nudadhia Block-Kaptipada, Executive Agency-ITDA Kaptipada Udala",Normal/Others,Smt. Sulata Deo (2022-28),Sitting Rajya Sabha,Odisha,Rajya Sabha,500000.0,2025-09-24T00:00:00.000Z,True,,MAYURBHANJ(DISTRICT COLLECTOR MAYURBHANJ_IDA)
201699,"Purchase of Smart Boards for the Government High School, E.Sukkampatti, Kadavur Union.",Normal/Others,Smt S Jothimani,KARUR,Tamil Nadu,Lok Sabha,199040.0,2025-09-24T00:00:00.000Z,True,,KARUR(DISTRICT COLLECTOR KARUR_IDA)
160884,"Block-Khordha, Construction of CC Road from Bijay Routray house to Anda UP School of Village Anda",Normal/Others,Smt Aparajita Sarangi,BHUBANESWAR,Odisha,Lok Sabha,200000.0,2025-09-24T00:00:00.000Z,True,,KHORDHA(DISTRICT COLLECTOR KHORDHA_IDA)
202513,"Construction of W.B.M. road from Sapaat Isra Baas to Alwar Border, towards Village Semlakalan, Gram Panchayat Semlakala, Panchayat Samiti Nagar, District Deeg",Normal/Others,Smt. Sonia Gandhi (2024-30),Sitting Rajya Sabha,Rajasthan,Rajya Sabha,1499436.0,2025-09-24T00:00:00.000Z,True,,Deeg(DISTRICT COLLECTOR Deeg_IDA)
192719,Tree Plantation for the communities of Thekabong at Deorali Compartment 03 Parkha RF,Normal/Others,Shri Dorjee Tshering Lepcha (2024-30),Sitting Rajya Sabha,Sikkim,Rajya Sabha,2699857.0,2025-09-24T00:00:00.000Z,False,,Pakyong(DISTRICT COLLECTOR PAKYONG_IDA)
133304,Construction of Community Hall at Shibargatti Village Near Hanamanth Temple Pry No 96,Normal/Others,Pralhad Venkatesh Joshi,DHARWAD,Karnataka,Lok Sabha,396154.0,2025-09-25T00:00:00.000Z,True,,DHARWAD(DEPUTY COMMISSIONER DHARWAR_IDA)
205639,Construction of Concrete Road from Samir Bhuniya house to Sukumar Maji house at Urel Chandpur G.P.,Normal/Others,Pratima Mondal ,JOYNAGAR,West Bengal,Lok Sabha,199611.0,2025-09-25T00:00:00.000Z,True,,South 24 Parganas(DISTRICT MAGISTRATE SOUTH TWENTY FOUR PARGANAS_IDA)
203173,Construction of PCC road from Jatudih Chowk to Bablu Rajak  house,Normal/Others,DULU MAHATO,DHANBAD,Jharkhand,Lok Sabha,400000.0,2025-09-26T00:00:00.000Z,True,,DHANBAD(DEPUTY COMMISSIONER DHANBAD_IDA)
192295,Installing a big hand pump (India Mark III) at a public place,Normal/Others,Dr. Bhim Singh (2024-30),Sitting Rajya Sabha,Bihar,Rajya Sabha,81782.0,2025-09-26T00:00:00.000Z,True,,PATNA(DISTRICT PLANNING OFFICER PATNA_IDA)
195654,Construction of CC Road at Thudkupada Road,Normal/Others,Dr. Sasmit Patra (2022-28),Sitting Rajya Sabha,Odisha,Rajya Sabha,500000.0,2025-09-26T00:00:00.000Z,True,,Sundaragada(DISTRICT COLLECTOR SUNDARGARH_IDA)
156185,"Construction of Community Hall in BN JALIHAL Village, Property No.440/A",Normal/Others,Parvatagouda Chandanagouda Gaddigoudar,BAGALKOT,Karnataka,Lok Sabha,497704.0,2025-09-26T00:00:00.000Z,True,,BAGALKOTE(DEPUTY COMMISSIONER BAGALKOT_IDA)
191369,"Puchase of Books for PUPS, Kumizhi",Normal/Others,Ganesan Selvam,KANCHEEPURAM,Tamil Nadu,Lok Sabha,10000.0,2025-09-27T00:00:00.000Z,True,,CHENGALPATTU(District Collector Chengalpattu_IDA)
191367,"Puchase of Books for PUPS, Kannivakkam",Normal/Others,Ganesan Selvam,KANCHEEPURAM,Tamil Nadu,Lok Sabha,10000.0,2025-09-27T00:00:00.000Z,True,,CHENGALPATTU(District Collector Chengalpattu_IDA)
191351,Puchase of Books for PUPS MANNIVAKKAM,Normal/Others,Ganesan Selvam,KANCHEEPURAM,Tamil Nadu,Lok Sabha,10000.0,2025-09-27T00:00:00.000Z,True,,CHENGALPATTU(District Collector Chengalpattu_IDA)
191345,Puchase of Books for PUPS Otteri Extentsion,Normal/Others,Ganesan Selvam,KANCHEEPURAM,Tamil Nadu,Lok Sabha,10000.0,2025-09-27T00:00:00.000Z,True,,CHENGALPATTU(District Collector Chengalpattu_IDA)
191337,Puchase of Books for PUMS Chettipunyam,Normal/Others,Ganesan Selvam,KANCHEEPURAM,Tamil Nadu,Lok Sabha,10000.0,2025-09-27T00:00:00.000Z,True,,CHENGALPATTU(District Collector Chengalpattu_IDA)
158923,Laying of Internal CC Road from EBC Church to H.No 15-2-29 1/1 in Division No. 11 in GWMC limits in Hanumakonda District.,Normal/Others,KADIYAM KAVYA,WARANGEL,Telangana,Lok Sabha,487872.0,2025-09-27T00:00:00.000Z,True,,HANUMAKONDA(DISTRICT COLLECTOR HANUMAKONDA_IDA)
158922,Laying of Internal CC Road from H.No 15-2-441-441/1 to EBC Church in Division No. 11 in GWMC limits in Hanumakonda District.,Normal/Others,KADIYAM KAVYA,WARANGEL,Telangana,Lok Sabha,487872.0,2025-09-27T00:00:00.000Z,True,,HANUMAKONDA(DISTRICT COLLECTOR HANUMAKONDA_IDA)
158920,Laying of Internal CC Road from H.No:24-1-400/A/93/B to Electrical PoleNoHB2/13 in Indiramma Colony in Division No.49 in GWMC limits in Hanumakonda District.,Normal/Others,KADIYAM KAVYA,WARANGEL,Telangana,Lok Sabha,499490.0,2025-09-27T00:00:00.000Z,True,,HANUMAKONDA(DISTRICT COLLECTOR HANUMAKONDA_IDA)
120912,CC/Interlocking work from front of Rajindra's house to N.M center on main road Bauri of Gram Sabha Bhaluhi.,Normal/Others,Shri Neeraj Shekhar (2020-26),Sitting Rajya Sabha,Uttar Pradesh,Rajya Sabha,943918.0,2025-09-29T00:00:00.000Z,False,,BALLIA(DISTRICT MAGISTRAE BALLIA_IDA)
191539,Installation of Hybrid High-Mast Street Light,Normal/Others,Smt. Ranjeet Ranjan (2022-28),Sitting Rajya Sabha,Chhattisgarh,Rajya Sabha,399902.0,2025-09-29T00:00:00.000Z,True,,RAJNANDGAON(DISTRICT COLLECTOR RAJNANDGAON_IDA)
199065,VIKASH KHAND MAHRAJGANJ NANHKAU GUPTA VIDHYALAY GADERIHA MAHRAJGANJ JAUNPUR ME MULTY OPEN FITNESS ZYM KA ADHISTHAPAN KA KARYA,Normal/Others,Smt. Seema Dwivedi (2020-26),Sitting Rajya Sabha,Uttar Pradesh,Rajya Sabha,653980.0,2025-09-29T00:00:00.000Z,True,,JAUNPUR(DISTRICT MAGISTRATE JAUNPUR_IDA)
184565,Laying of CC Road from Hanuman Temple to Rajesh (H) at Tharigopula (V) of Dharur (M),Normal/Others,KONDA VISHWESHWAR REDDY,CHELVELLA,Telangana,Lok Sabha,124400.0,2025-09-29T00:00:00.000Z,False,,VIKARABAD(DISTRICT COLLECTOR VIKARABAD_2)
151778,Gram Sabha Dhan Tulsi Uparwar Rajesh Singh ki dukan ke pas chaurahe par,Normal/Others,VINOD KUMAR BIND,BHADOHI,Uttar Pradesh,Lok Sabha,118971.0,2025-09-29T00:00:00.000Z,False,,BHADOHI(DISTRICT MAGISTRATE BHADOHI_IDA)
151751,Gram Sabha Aanapur me purani railway crossing ke pas,Normal/Others,VINOD KUMAR BIND,BHADOHI,Uttar Pradesh,Lok Sabha,118971.0,2025-09-29T00:00:00.000Z,False,,BHADOHI(DISTRICT MAGISTRATE BHADOHI_IDA)
178652,"Provisioning of Multi Garden Gym Machines and Playground Swings at Rajan Dhani Kothi no.117, Sector-39A, Opp. Moti Nagar Police Station Back Side Govt. Collage, Ward no.19, Distt. Ludhiana",Normal/Others,AMRINDER SINGH RAJA WARRING,LUDHIANA,Punjab,Lok Sabha,299236.0,2025-09-29T00:00:00.000Z,False,,LUDHIANA(DEPUTY COMMISSIONER LUDHIANA_IDA)
150111,"udupi district, karakala taluk, nitte garama panchayath, nitte village, supala former producer road development work",Normal/Others,KOTA SRINIVAS POOJARY,UDUPI CHIKMAGALUR,Karnataka,Lok Sabha,500000.0,2025-09-30T00:00:00.000Z,True,,UDUPI(DEPUTY COMMISSIONER UDUPI_IDA)
202650,Providing a Cement Concrete pavement at Mariamman Kovil Street in Panaiyur Village and Panchayat in Sanakarankovil Panchayat Union,Normal/Others,DR RANI SRI KUMAR,TENKASI,Tamil Nadu,Lok Sabha,999697.0,2025-09-30T00:00:00.000Z,True,,TENKASI(DISTRICT COLLECTOR TENKASI_IDA)
174953,Paver block work in Sadra village Thakor Vas From primary school to Dalsukhbhai house,Normal/Others,CHANDUBHAI CHHAGANBHAI SHIHORA,SURENDRANAGAR,Gujarat,Lok Sabha,299218.0,2025-10-01T00:00:00.000Z,True,,Ahmedabad(DISTRICT COLLECTOR AHMADABAD_IDA)
180724,MML at Melekuttimoodu Junction in Nellanadu Grama Panchayath,Normal/Others,Adv Adoor Prakash ,ATTINGAL,Kerala,Lok Sabha,242517.0,2025-10-03T00:00:00.000Z,True,,THIRUVANANTHAPURAM(DISTRICT COLLECTOR THIRUVANANTHAPURAM_IDA)
162875,supply of newq electric connection in Dhani of hoshiyar kuldeep of village Balsamand,Normal/Others,JAI PARKASH,HISAR,Haryana,Lok Sabha,45383.0,2025-10-03T00:00:00.000Z,False,,HISAR(DEPUTY COMMISSIONER HISSAR_IDA)
202018,navnirmit muljibhai haribhai sarvajanik pustakaly nu kam,Normal/Others,SHOBHANABEN MAHENDRASINH BARAIYA,SABARKANTHA,Gujarat,Lok Sabha,498975.0,2025-10-03T00:00:00.000Z,True,,ARVALLI(DISTRICT COLLECTOR ARVALLI_IDA)
182175,"Please refer to my letter D.O. No.-11, dated 24 January 2025 (letter enclosed) in which it was recommended to construct a triangular Golambar with an entrance for the convenience of the citizens. An amount of up to Rs 5 lakh is recommended for constructing an Ashoka Pillar with a platform in the middle of this triangular Golambar.",Normal/Others,Alok Kumar Suman,GOPALGANJ,Bihar,Lok Sabha,490310.0,2025-10-03T00:00:00.000Z,True,,GOPALGANJ(DISTRICT PLANNING OFFICER GOPALGANJ_IDA)
187963,mankadi panchayat na petapara shiholi game ambe,Normal/Others,SHOBHANABEN MAHENDRASINH BARAIYA,SABARKANTHA,Gujarat,Lok Sabha,350000.0,2025-10-04T00:00:00.000Z,True,,SABAR KANTHA(DISTRICT COLLECTOR SABARKANTHA_IDA)
167148,Construction of Building for Cultural activities,Normal/Others,Shri Anil Firojiya,UJJAIN,Madhya Pradesh,Lok Sabha,700000.0,2025-10-05T00:00:00.000Z,True,,UJJAIN(DISTRICT COLLECTOR UJJAIN_IDA)
147460,"Construction of OHT (30000 Lr.)area of ?? Avalnaikanpatti, Vanrampatti  in Namakkal Block",Normal/Others,V S Matheswaran,NAMAKKAL,Tamil Nadu,Lok Sabha,1150000.0,2025-10-06T00:00:00.000Z,True,,NAMAKKAL(DISTRICT COLLECTOR NAMAKKAL_IDA)
168581,Construction of 30000 litter Over Head Tank at Keelagaram in Achalpuram Panchayat,Normal/Others,SUDHA R,MAYILADUTHURAI,Tamil Nadu,Lok Sabha,1674505.0,2025-10-06T00:00:00.000Z,True,,Mayiladuthurai(District Collector Mayiladuthurai_IDA)
192409,"Installation of gym according to letter at Durgawati college, Bichhiya",Normal/Others,SUDHAKAR SINGH,BUXAR,Bihar,Lok Sabha,1499860.0,2025-10-06T00:00:00.000Z,True,,KAIMUR (BHABUA)(DISTRICT PLANNING OFFICER KAIMUR BHABUA_IDA)
153822,KARIGARON KE LIYE WORK SHED NIRMAN,Normal/Others,ROOP KUMARI CHOUDHARY,MAHASAMUND,Chhattisgarh,Lok Sabha,1000000.0,2025-10-06T00:00:00.000Z,False,,MAHASAMUND(DISTRICT COLLECTOR MAHASAMUND_IDA)
189837,construction of surface drain with trash from ice cream factory to iqbal matting shop near masjid abu tarab qamarwari,Normal/Others,AGA SYED RUHULLAH MEHDI,SRINAGAR,Jammu And Kashmir,Lok Sabha,223883.0,2025-10-07T00:00:00.000Z,True,,SRINAGAR(DEPUTY COMMISSIONER SRINAGAR_IDA)
174969,"Installation of High Mast Light at Panampilavu town, Urangattiri Grama Panchayath",Normal/Others,Smt. Jebi Mather Hisham (2022-28),Sitting Rajya Sabha,Kerala,Rajya Sabha,375413.0,2025-10-07T00:00:00.000Z,True,,MALAPPURAM(DISTRICT COLLECTOR MALAPPURAM_IDA)
210954,Laying of Underground Drainage at Lattupalli Srinivas Reddy to  Kumbam Laxmaiah House,Normal/Others,KUNDURU RAGHUVEER,NALGONDA,Telangana,Lok Sabha,500000.0,2025-10-07T00:00:00.000Z,True,,NALGONDA(DISTRICT COLLECTOR NALGONDA)
201360,BLOCK BHADPUR KE NAKATPUR ME DEVSTHAN-ABHAYPUR MULLAPUR ME DEVSTHAN-ADHKATA RABBANI BEGAM ME DEVSTHAN-BHEEKAMPUR ME DEVSTHAN-VISHESARPUR ME DEV STHAN PAR 5 HIGHMAST LIGHT,Normal/Others,CHHATRA PAL SINGH GANGWAR,BAREILLY,Uttar Pradesh,Lok Sabha,863375.0,2025-10-07T00:00:00.000Z,False,,BAREILLY(DISTRICT MAGISTRAE BAREILLY_IDA)
201381,MIRGANJ KE GRAM JAM ME KALEDEV MAHARAJ PAR-MOHD GANJ ME BALMIKI MANDIR-THANPUR ME MANDIR-GOOLA ME SHIV MANDIR-BALLIA ME BRHAMDEV PAR 5 HIGHMAST LIGHT,Normal/Others,CHHATRA PAL SINGH GANGWAR,BAREILLY,Uttar Pradesh,Lok Sabha,860304.0,2025-10-07T00:00:00.000Z,False,,BAREILLY(DISTRICT MAGISTRAE BAREILLY_IDA)
195493,Construction of Nerkalanjiayam in Kadanganeri Panchayat in Alanagulam Panchayat Union in Tenkasi District.,Normal/Others,ROBERT BRUCE C,TIRUNELVELI,Tamil Nadu,Lok Sabha,1148264.0,2025-10-07T00:00:00.000Z,True,,TENKASI(DISTRICT COLLECTOR TENKASI_IDA)
186062,"To carry out drainage works in Shelar Complex, Kothrud area.",Normal/Others,MURLIDHAR MOHOL,PUNE,Maharashtra,Lok Sabha,999860.0,2025-10-07T00:00:00.000Z,True,,PUNE(DISTRICT COLLECTOR PUNE_IDA)
184323,PEWER BLOCK WORK IN RAMA NA MUVADA DUDH MANDLI FALIYA,Normal/Others,RAJPALSINH MAHENDRASINH JADAV,PANCHMAHAL,Gujarat,Lok Sabha,150000.0,2025-10-08T00:00:00.000Z,True,,Mahisagar(COLLECTOR MAHISAGAR_IDA)
152868,Installation a Solar light at dakshin chandpur primary school . dag no-469,Normal/Others,Abu Taher Khan,MURSHIDABAD,West Bengal,Lok Sabha,140538.0,2025-10-08T00:00:00.000Z,True,,MURSHIDABAD(DISTRICT MAGISTRATE MURSHIDABAD_IDA)
180417,Providing BT road from Prattipati satyanaarayan field to Yetigattu in Rajakapeta at vaddiparru V of Atreyapuram M,Normal/Others,Shri V. Vijayendra Prasad (2022-28),Nominated Rajya Sabha,Andhra Pradesh,Rajya Sabha,499263.0,2025-10-09T00:00:00.000Z,True,,Dr. B.R. Ambedkar Konaseema(DISTRICT COLLECTOR Dr B R AMBEDKAR KONASEEMA_IDA)
180414,Providing BT Road from Ane satyanarayana field to Prattipati Sattiyya field at vaddiparru V of Atreyapuram M,Normal/Others,Shri V. Vijayendra Prasad (2022-28),Nominated Rajya Sabha,Andhra Pradesh,Rajya Sabha,499263.0,2025-10-09T00:00:00.000Z,True,,Dr. B.R. Ambedkar Konaseema(DISTRICT COLLECTOR Dr B R AMBEDKAR KONASEEMA_IDA)
180728,MML at Near Deepa Nagar Junction in Nellanadu Grama Panchayath,Normal/Others,Adv Adoor Prakash ,ATTINGAL,Kerala,Lok Sabha,242517.0,2025-10-09T00:00:00.000Z,True,,THIRUVANANTHAPURAM(DISTRICT COLLECTOR THIRUVANANTHAPURAM_IDA)
170398,Caonstruction of Cement road at rendadi,Normal/Others,S. Jagathrakshakan,ARAKKONAM,Tamil Nadu,Lok Sabha,499000.0,2025-10-09T00:00:00.000Z,True,,"Ranipet(District Collector, Ranipet_2)"
203800,Laying of CC Road Golla Jenige Balaraju (H) to Devuni Savaraiah (H) in Palem (V),Normal/Others,ARUNA. D. K,MAHABUBNAGAR,Telangana,Lok Sabha,476253.0,2025-10-09T00:00:00.000Z,False,,WANAPARTHY(DISTRICT COLLECTOR WANAPARTHY_IDA)
205391,For Open Gym in Park and Benches,Normal/Others,Shri Gurjeet Singh Aujla,AMRITSAR,Punjab,Lok Sabha,340768.0,2025-10-09T00:00:00.000Z,False,,AMRITSAR(DEPUTY COMMISSIONER AMRITSAR_IDA)
196355,GI Water Tanker 5500 ltr in village Sojna Block Mehroni,Normal/Others,Anurag Sharma ,JHANSI,Uttar Pradesh,Lok Sabha,248749.0,2025-10-09T00:00:00.000Z,True,,LALITPUR(DISTRICT MAGISTRATE LALITPUR_IDA)
178281,"gram panchayat benipura, tahsil vijaypur mai 1 g.i. water tanker",Normal/Others,SHIVMANGAL SINGH TOMAR,MORENA,Madhya Pradesh,Lok Sabha,166026.0,2025-10-09T00:00:00.000Z,True,,SHEOPUR(District Collector Sheopur_IDA)
214034,"Paver block work from Keshurbhai Chitubhai Rathod house to Ramubhai Ramanbhai Rathod house in Kharwasa faliya, Dhamdod village, Taluka Bardoli, District Surat",Normal/Others,Prabhubhai Nagarbhai Vasava,BARDOLI,Gujarat,Lok Sabha,300000.0,2025-10-09T00:00:00.000Z,True,,SURAT(DISTRICT COLLECTOR SURAT_IDA)
145610,DEVELOPMENT OF LIGHTING SYSTEM AT S.P.MUKHERJEE ROAD AND ADJACENT AREAS IN WARD 84.,Normal/Others,Mala Roy ,KOLKATA DAKSHIN,West Bengal,Lok Sabha,983015.0,2025-10-10T00:00:00.000Z,True,,KOLKATA(COMMISSIONER KOLKATA MUNICIPAL CORPORATION_IDA)
161196,Mini Mast Light at Kuthuparambu  Vadukathara in  Parali Grama Panchayath.,Normal/Others,Vellalath Kochukrishnan Nair Sreekandan,PALAKKAD,Kerala,Lok Sabha,190577.0,2025-10-10T00:00:00.000Z,True,,PALAKKAD(DISTRICT COLLECTOR PALAKKAD_IDA)
171316,CC Road and Naali Work,Normal/Others,Dr. Sudhanshu Trivedi (2024-30),Sitting Rajya Sabha,Uttar Pradesh,Rajya Sabha,1429611.0,2025-10-11T00:00:00.000Z,False,,LUCKNOW(DISTRICT MAGISTRAE LUCKNOW_IDA)
216385,"Purchase of desks and benches for classes 3 to 5 at Corporation Middle School, Thirunagar Colony (2024-25)",Normal/Others,K E PRAKASH,ERODE,Tamil Nadu,Lok Sabha,118000.0,2025-10-11T00:00:00.000Z,True,,ERODE(DISTRICT_COLLECTORE_ERODE_IDA)
196297,Fixing A Solar High Mast Lamp In Dongarwadi At Chabsar  Grampanchayt Tal Maval Dist Pune,Normal/Others,Shrirang Appa Barne,MAVAL,Maharashtra,Lok Sabha,300000.0,2025-10-11T00:00:00.000Z,False,,PUNE(DISTRICT COLLECTOR PUNE_IDA)
212529,Providing Highmass light to Nearby Perumalkoil  at Vaiyankudi Panchayat,Normal/Others,Shri S. Kalyanasundaram (2022-28),Sitting Rajya Sabha,Tamil Nadu,Rajya Sabha,448987.0,2025-10-13T00:00:00.000Z,True,,CUDDALORE(DISTRICT COLLECTOR CUDDALORE_IDA)
150132,BAGHAU ME BUS STAND KE PAS,Normal/Others,DR. RAJESH MISHRA,SIDHI,Madhya Pradesh,Lok Sabha,259942.0,2025-10-13T00:00:00.000Z,False,,SIDHI(DISTRICT COLLECTOR SIDHI_IDA)
138739,haighway road thi bhabhor bhavsingbhai virsingbhai na ghar sudhi c.c.road nu kam 200 mtr,Normal/Others,Jaswantsinh Sumanbhai Bhabhor,DAHOD,Gujarat,Lok Sabha,244100.0,2025-10-13T00:00:00.000Z,True,,Dahod(DISTRICT COLLECTOR DOHAD_IDA)
184979,Work of R.C.C. Road,Normal/Others,JASHUBHAI BHILUBHAI RATHVA,CHHOTA UDAIPUR,Gujarat,Lok Sabha,400000.0,2025-10-13T00:00:00.000Z,True,,VADODARA(DISTRICT COLLECTOR VADODARA_IDA)
151173,05.003 - Construction of water tanks- Manappalli - 60000Lit OHT -,Normal/Others,V S Matheswaran,NAMAKKAL,Tamil Nadu,Lok Sabha,1541000.0,2025-10-13T00:00:00.000Z,True,,NAMAKKAL(DISTRICT COLLECTOR NAMAKKAL_IDA)
150148,KARWAHI BUS STAND KE PAS,Normal/Others,DR. RAJESH MISHRA,SIDHI,Madhya Pradesh,Lok Sabha,259942.0,2025-10-13T00:00:00.000Z,False,,SIDHI(DISTRICT COLLECTOR SIDHI_IDA)
179341,common work sheds(tin shed nirman) penadrwahi,Normal/Others,BHOJRAJ NAG,KANKER,Chhattisgarh,Lok Sabha,500000.0,2025-10-13T00:00:00.000Z,True,,BALOD(Collector Balod_IDA)
158435,khiskoli circle kale pase vahivati wardNo.12 Jagannath mandir pase RCC road banavva ni kamgiri,Normal/Others,DR. HEMANG JOSHI,VADODARA,Gujarat,Lok Sabha,3300341.0,2025-10-13T00:00:00.000Z,True,,VADODARA(DISTRICT COLLECTOR VADODARA_IDA)
161206,High Mast Light at Mannur Centre in Mannur Grama Panchayath.,Normal/Others,Vellalath Kochukrishnan Nair Sreekandan,PALAKKAD,Kerala,Lok Sabha,475597.0,2025-10-13T00:00:00.000Z,True,,PALAKKAD(DISTRICT COLLECTOR PALAKKAD_IDA)
150130,AMARWAH ME BUS STAND KE PAS,Normal/Others,DR. RAJESH MISHRA,SIDHI,Madhya Pradesh,Lok Sabha,259942.0,2025-10-13T00:00:00.000Z,False,,SIDHI(DISTRICT COLLECTOR SIDHI_IDA)
165788,Construction of footbridge at Dulla Nalla 1st,Normal/Others,RAJEEV BHARDWAJ,KANGRA,Himachal Pradesh,Lok Sabha,100000.0,2025-10-13T00:00:00.000Z,True,,CHAMBA(DEPUTY COMMISSIONER CHAMBA_IDA)
241495,Erection of Hi Mast light at Bi pass west side in Narthangudi Panchayat,Normal/Others,SELVARAJ V,NAGAPATTINAM,Tamil Nadu,Lok Sabha,480000.0,2025-10-14T00:00:00.000Z,True,,THIRUVARUR(DISTRICT COLLECTOR THIRUVARUR_IDA)
174083,Add. Amounts Community Centre Loharon GP Dangari Executive Agency BDO Solan,Normal/Others,Suresh Kumar Kashyap,SHIMLA,Himachal Pradesh,Lok Sabha,150000.0,2025-10-14T00:00:00.000Z,True,,SOLAN(DEPUTY COMMISSIONER SOLAN_IDA)
184975,Work of Shed,Normal/Others,JASHUBHAI BHILUBHAI RATHVA,CHHOTA UDAIPUR,Gujarat,Lok Sabha,300000.0,2025-10-14T00:00:00.000Z,False,,CHHOTAUDEPUR(DISTRICT COLLECTOR CHHOTA UDEPUR_IDA)
175769,"in SC Area  repair for cremation, public convenience for boundary wall, water facility, public seating facility Gate etc.",Normal/Others,HARIBHAI PATEL,MAHESANA,Gujarat,Lok Sabha,350000.0,2025-10-14T00:00:00.000Z,True,,MAHESANA(DISTRICT COLLECTOR MAHESANA_IDA)
212533,Providing Highmass light to Nearby Colony Murugan Koil at  Nidhinatham Panchayat,Normal/Others,Shri S. Kalyanasundaram (2022-28),Sitting Rajya Sabha,Tamil Nadu,Rajya Sabha,448987.0,2025-10-14T00:00:00.000Z,True,,CUDDALORE(DISTRICT COLLECTOR CUDDALORE_IDA)
194389,"Additional Amenities to Boys Hostel, Ternekal, Devanakonda Mandal, Alur Constituency",Normal/Others,BASTIPATI NAGARAJU PANCHALINGALA,KURNOOL,Andhra Pradesh,Lok Sabha,500000.0,2025-10-14T00:00:00.000Z,True,,KURNOOL(DISTRICT COLLECTOR KURNOOL_IDA)
176007,"For purchase of Digital Board Computer in P.M. Shree Marathi Primary School Marutinagar at Vijalpore, Po.Eru, Ta.Jalalpore, Dist.Navsari",Normal/Others,C R Patil,NAVSARI,Gujarat,Lok Sabha,498600.0,2025-10-14T00:00:00.000Z,True,,NAVSARI(DISTRICT COLLECTOR NAVSARI_IDA)
175258,Construction of Paver Block Work At MainRoad towards Naherubhai ghandhandubhai bharvad House Area,Normal/Others,Devusinh Jesingbhai Chauhan,KHEDA,Gujarat,Lok Sabha,400000.0,2025-10-14T00:00:00.000Z,False,,KHEDA(DISTRICT COLLECTOR KHEDA_IDA)
212545,Providing Highmass light to Nearby Indira Nagar Women Sanitary Complex  at  Vagaiyur Panchayat,Normal/Others,Shri S. Kalyanasundaram (2022-28),Sitting Rajya Sabha,Tamil Nadu,Rajya Sabha,448987.0,2025-10-14T00:00:00.000Z,True,,CUDDALORE(DISTRICT COLLECTOR CUDDALORE_IDA)
213017,Installation of LED Street lights in Panchotkulapally  GP,Normal/Others,BALRAM NAIK PORIKA,MAHABUBABAD,Telangana,Lok Sabha,98760.0,2025-10-14T00:00:00.000Z,True,,Mulugu(District Collector Mulugu_ida)
144931,"Electrification work in the dhanis of Bajranglal, Ramkunwar, Bhanwarram, Jai Singh and Ram Singh situated on Oladan Road in village Khajwana",Normal/Others,Shri Hanuman Beniwal,NAGAUR,Rajasthan,Lok Sabha,69000.0,2025-10-15T00:00:00.000Z,False,,NAGAUR(DISTRICT COLLECTOR NAGAUR_IDA)
144924,Shifting the high tension line passing over the population including Mahadev temple in the locality of Dewasi Samaj in Village-Run,Normal/Others,Shri Hanuman Beniwal,NAGAUR,Rajasthan,Lok Sabha,123982.0,2025-10-15T00:00:00.000Z,False,,NAGAUR(DISTRICT COLLECTOR NAGAUR_IDA)
136564,Nakhtrana talukana jiyapar gaame shiv mandir pase karigar commen work shed,Normal/Others,Vinod Chavda,KACHCHH,Gujarat,Lok Sabha,500000.0,2025-10-15T00:00:00.000Z,True,,KACHCHH(DISTRICT COLLECTOR KUTCH_IDA)
190194,Installation of RO System at Govt. Primary City School Ferozepur,Normal/Others,SHER SINGH GHUBAYA,FIROZPUR,Punjab,Lok Sabha,232462.0,2025-10-16T00:00:00.000Z,False,,FEROZEPUR(DEPUTY COMMISSIONER FIROZEPUR_IDA)
196767,nani almawadi khate bore motor nu kam,Normal/Others,Mansukhbhai Dhanjibhai Vasava,BHARUCH,Gujarat,Lok Sabha,150000.0,2025-10-16T00:00:00.000Z,True,,NARMADA(DISTRICT COLLECTOR NARMADA_IDA)
165058,A solar high mast light near the house of Bhola Dhananjay in Gram Panchayat Tarawan of development block Robertsganj,Normal/Others,Shri Hardeep Singh Puri (2020-26),Sitting Rajya Sabha,Uttar Pradesh,Rajya Sabha,107939.0,2025-10-16T00:00:00.000Z,True,,SONBHADRA(DISTRICT MAGISTRATE SONBHADRA_IDA)
229751,as par ateched,Normal/Others,DR. LATA WANKHEDE,SAGAR,Madhya Pradesh,Lok Sabha,2599420.0,2025-10-16T00:00:00.000Z,True,,SAGAR(DISTRICT COLLECTOR SAGAR_IDA)
201819,1 work of water harvesting in Kambada village,Normal/Others,C R Patil,NAVSARI,Gujarat,Lok Sabha,25000.0,2025-10-16T00:00:00.000Z,True,,NAVSARI(DISTRICT COLLECTOR NAVSARI_IDA)
156104,"Construction of Public Toilet with water storage at District Training Centre at 
M Songgel",Normal/Others,ALFRED KANNGAM S ARTHUR,OUTER MANIPUR,Manipur,Lok Sabha,1879510.0,2025-10-16T00:00:00.000Z,False,,CHURACHANDPUR(Deputy Commissioner Churachandpur MPLADS_ida)
146465,L.No. 181 Betul Dt. 07.10.2024 Gram Panchayat Goulkheda ke Gram Goulkheda me Water Tenkar,Normal/Others,Durga Das Uikey ,BETUL,Madhya Pradesh,Lok Sabha,190546.0,2025-10-16T00:00:00.000Z,True,,Khandwa (East Nimar)(DISTRICT COLLECTOR EAST NIMAR_IDA)
156663,shir game khati faliya ma rasikbhai sundar bhai na ghar pase bor motor,Normal/Others,Mansukhbhai Dhanjibhai Vasava,BHARUCH,Gujarat,Lok Sabha,100000.0,2025-10-16T00:00:00.000Z,True,,BHARUCH(DISTRICT COLLECTOR BROACH_IDA)
156648,mokhdi game main rasta thi chatrasingh gamit na ghar sudhi c c road nu kam,Normal/Others,Mansukhbhai Dhanjibhai Vasava,BHARUCH,Gujarat,Lok Sabha,200000.0,2025-10-16T00:00:00.000Z,True,,BHARUCH(DISTRICT COLLECTOR BROACH_IDA)
154886,Construction of PDS centre at Ward no: 50 at Kajapettai Puthu Street in TCC (2024-25).,Normal/Others,DURAI VAIKO,TIRUCHIRAPPALLI,Tamil Nadu,Lok Sabha,1582944.0,2025-10-16T00:00:00.000Z,False,,TIRUCHIRAPPALLI(DISTRICT COLLECTOR TIRUCHIRAPPALLI_IDA)
189463,Large water purifier for nurunnabi senior madrasah,Normal/Others,Kakoli Ghosh Dastidar ,BARASAT,West Bengal,Lok Sabha,99900.0,2025-10-16T00:00:00.000Z,True,,North 24 Parganas(DISTRICT MAGISTRATE NORTH TWENTY FOUR PARGANAS_IDA)
165016,A solar street light near Uday house in Bal Sanskar Kendra Sadhubayan village Padarchh post Manaria block Chopan Obra Sonbhadra,Normal/Others,Shri Hardeep Singh Puri (2020-26),Sitting Rajya Sabha,Uttar Pradesh,Rajya Sabha,107939.0,2025-10-17T00:00:00.000Z,True,,SONBHADRA(DISTRICT MAGISTRATE SONBHADRA_IDA)
196554,"1Near Mantu Mahto SO Late  Kari Mahto House( In PublicPlaceWard no4 Block  Mokama , Panchyat Dariyapur , District Patna",Normal/Others,Shri Shambhu Sharan Patel (2022-28),Sitting Rajya Sabha,Bihar,Rajya Sabha,79090.0,2025-10-17T00:00:00.000Z,True,,PATNA(DISTRICT PLANNING OFFICER PATNA_IDA)
178081,Construction of additional rooms and halls in existing community building at Ward no 34 in Virudhunagar municipality,Normal/Others,Manickam Tagore B,VIRUDHUNAGAR,Tamil Nadu,Lok Sabha,1000000.0,2025-10-17T00:00:00.000Z,True,,VIRUDHUNAGAR(DISTRICT COLLECTOR VIRUDHUNAGAR_IDA)
190958,Purchase of Mobile Steel Water tanker With Fire gun (5000 liters) Gram Panchayat Uggoke,Normal/Others,GURMEET SINGH MEET HAYER,SANGRUR,Punjab,Lok Sabha,530000.0,2025-10-17T00:00:00.000Z,True,,BARNALA(DEPUTY COMMISSIONER BARNALA_IDA)
165023,A solar street light near Junior High School at Dhruv Bal Sanskar Kendra Kachnarwa Village Kachnarwa Block Kon Tehsil Obra Sonbhadra,Normal/Others,Shri Hardeep Singh Puri (2020-26),Sitting Rajya Sabha,Uttar Pradesh,Rajya Sabha,107939.0,2025-10-17T00:00:00.000Z,True,,SONBHADRA(DISTRICT MAGISTRATE SONBHADRA_IDA)
175595,CC road work  in Mayapur village Main market,Normal/Others,CHANDUBHAI CHHAGANBHAI SHIHORA,SURENDRANAGAR,Gujarat,Lok Sabha,449706.0,2025-10-17T00:00:00.000Z,True,,MORBI(District collector Morbi_IDA)
154059,Construction of reading room at BC Wada,Normal/Others,MADHAVANENI RAGHUNANDAN RAO,MEDAK,Telangana,Lok Sabha,499878.0,2025-10-17T00:00:00.000Z,False,,SIDDIPET(District Collector Siddipet_IDA)
164988,Work of installation of solar high mast light near the house of Tribhuvan Singh in village Gaurahi of development block Karma,Normal/Others,Shri Hardeep Singh Puri (2020-26),Sitting Rajya Sabha,Uttar Pradesh,Rajya Sabha,107939.0,2025-10-17T00:00:00.000Z,True,,SONBHADRA(DISTRICT MAGISTRATE SONBHADRA_IDA)
149648,C/o Ambulance Road Main Road Bambal to Uperla Kandolani GP Bambal Executive Agency BDO Shillai,Normal/Others,Suresh Kumar Kashyap,SHIMLA,Himachal Pradesh,Lok Sabha,150000.0,2025-10-17T00:00:00.000Z,False,,SIRMAUR(DEPUTY COMMISSIONER SIRMOUR_IDA)
205769,Bisfi Prakhand ke Jagwan Purvi Panchayat ke Kamlabari gown me Mangal Sahni ke ghar se Dinesh Sahni ke ghar tak PCC sadak nirman 550 fit,Normal/Others,Dr. Faiyaz Ahmad (2022-28),Sitting Rajya Sabha,Bihar,Rajya Sabha,888249.0,2025-10-17T00:00:00.000Z,False,,MADHUBANI(DISTRICT PLANNING OFFICER MADHUBANI_IDA)
224226,"Providing LED High Mast light near Eliyanaik thanda Chowrasta near Hanuman temple, Singampally (V) Makloor (M)",Normal/Others,Arvind Dharmapuri,NIZAMABAD,Telangana,Lok Sabha,135000.0,2025-10-18T00:00:00.000Z,False,,NIZAMABAD(DISTRICT COLLECTOR NIZAMABAD_IDA)
190021,"Construction of Cement Concrete Road (C C Road) at Thammenahalli village, Dasanapura Hobli, Bengaluru North Taluk, Bengaluru Urban, Karnataka",Normal/Others,Shri Jaggesh (2022-28),Sitting Rajya Sabha,Karnataka,Rajya Sabha,4000000.0,2025-10-18T00:00:00.000Z,True,,BENGALURU URBAN(DEPUTY COMMISSIONER BANGALORE URBAN_IDA)
218020,Laying of C C Road at BC Colony at Tatipamula Village of Thirumalagiri Mandal,Normal/Others,Shri Anil Kumar Yadav Mandadi (2024-30),Sitting Rajya Sabha,Telangana,Rajya Sabha,500000.0,2025-10-18T00:00:00.000Z,False,,SURYAPET(DISTRICT COLLECTOR SURYAPET)
212912,Maharajganj Nagar Panchayat Antargat Gorakh Singh Mahavidyalaya Campus me Prashasnik Bhawan ke Samne Wali Sadak ka PCC Nirman,Normal/Others,Shri Janardan Singh Sigriwal ,MAHARAJGANJ,Bihar,Lok Sabha,635830.0,2025-10-18T00:00:00.000Z,True,,SIWAN(DISTRICT PLANNING OFFICER SIWAN_IDA)
148381,"Construction of Interlocking Road In Gram Panchayat Sagarpali, From NH 31 Road to Ramji Pandey House – 200 mtr.
Revised Letter Attached",Normal/Others,SANATAN PANDEY,BALLIA,Uttar Pradesh,Lok Sabha,752106.0,2025-10-18T00:00:00.000Z,False,,BALLIA(DISTRICT MAGISTRAE BALLIA_IDA)
160019,Providing Internal CC Roads(Bit1) in Erramatam of  Kothapalli Mandal,Normal/Others,DR BYREDDY SHABARI,NANDYAL,Andhra Pradesh,Lok Sabha,481825.0,2025-10-19T00:00:00.000Z,True,,Nandyal(DISTRICT COLLECTOR NANDYAL_IDA)
227690,installation of Paving blocks at sant Gagnade Maharaj Mandir primases,Normal/Others,Dr. Anil Sukhdeorao Bonde (2022-28),Sitting Rajya Sabha,Maharashtra,Rajya Sabha,842534.0,2025-10-19T00:00:00.000Z,True,,Ahilyanagar(DISTRICT COLLECTOR AHMEDNAGAR_IDA)
178098,Stainless steel Mobile Water Tank with fire fighting equipment (Capacity 5000 liter),Normal/Others,Smt Harsimrat Kaur Badal,BHATINDA,Punjab,Lok Sabha,414700.0,2025-10-21T00:00:00.000Z,True,,BATHINDA(DEPUTY COMMISSIONER BHATINDA_IDA)
226006,Development of Community Playground at Sindak Village,Normal/Others,Kiren Rijiju,ARUNACHAL WEST,Arunachal Pradesh,Lok Sabha,400000.0,2025-10-22T00:00:00.000Z,True,,UPPER SUBANSIRI(Deputy Commisioner Upper Subansiri_IDA)
220423,SOLAR HIGHMAST LIGHT PRATISTHAPANA KARYA (SEMRA ME BHAIRODERA BAUNA GHAR KE PASS ),Normal/Others,KAMLESH JANGDE,JANJGIR CHAMPA,Chhattisgarh,Lok Sabha,499668.0,2025-10-22T00:00:00.000Z,True,,JANJGIR-CHAMPA(DISTRICT COLLECTOR JANJGIR CHAMPA_IDA)
198861,"Computer Education project at  Govt. U.P. School, Dungajore, GP Karamdihi",Normal/Others,Shri Jual Oram,SUNDARGARH,Odisha,Lok Sabha,480000.0,2025-10-22T00:00:00.000Z,True,,Sundaragada(DISTRICT COLLECTOR SUNDARGARH_IDA)
190710,construction of CC Road at Ukam Tala sahi GP Mayurdara under Kusumi BLOCK Executive AgencyITDA (Rairangpur),Normal/Others,NABA CHARAN MAJHI,MAYURBHANJ,Odisha,Lok Sabha,500000.0,2025-10-23T00:00:00.000Z,False,,MAYURBHANJ(DISTRICT COLLECTOR MAYURBHANJ_IDA)
166050,Providing Street lights and fixtures in Talarivettu in B.N. Kandriga Mandal.,Normal/Others,Maddila Gurumoorthy,TIRUPATI,Andhra Pradesh,Lok Sabha,190163.0,2025-10-24T00:00:00.000Z,True,,Tirupati(DISTRICT COLLECTOR TIRUPATI_IDA)
230526,Supply of Lab Equipment to Government Boys Hr. Sec. School in Uthiramerur at Kanchipuram District,Normal/Others,Ganesan Selvam,KANCHEEPURAM,Tamil Nadu,Lok Sabha,625000.0,2025-10-24T00:00:00.000Z,True,,Kancheepuram(DISTRICT COLLECTOR KANCHEEPURAM_IDA)
138067,Sarvjanik handpump Nirman karya navab ke ghar ke pass gram dantiya work agency GP Dantiya,Normal/Others,SANJNA JATAV,BHARATPUR,Rajasthan,Lok Sabha,95187.0,2025-10-24T00:00:00.000Z,True,,ALWAR(DISTRICT COLLECTOR ALWAR_IDA)
154968,PRAKHAND VIBHUTIPUR PANCHAYAT VIBHUTIPUR KE UTKRAMIT MADHAY VIDHALAY VIBHUTIPUR VARD NO.15 ME SAMUDAYIK PEYJAL PANI TANKI (WATER ATM)  BHAWAN KE SATH NIRMAN,Normal/Others,Nityanand Rai,UJJARPUR,Bihar,Lok Sabha,321691.0,2025-10-24T00:00:00.000Z,True,,SAMASTIPUR(DISTRICT PLANNING OFFICER SAMASTIPUR_IDA)
218710,gram hirapur me goushala ke pas shed nirman,Normal/Others,SAVITRI THAKUR,DHAR,Madhya Pradesh,Lok Sabha,500000.0,2025-10-24T00:00:00.000Z,True,,DHAR(DISTRICT COLLECTOR DHAR_IDA)
226308,Providing High mast Light near Old GP Building,Normal/Others,DR.MALLU RAVI,NAGARKURNOOL,Telangana,Lok Sabha,199908.0,2025-10-25T00:00:00.000Z,True,,NAGARKURNOOL(DISTRICT COLLECTOR NAGARKURNOOL_IDA)
170403,construction of Bus stop in Malampatti Village in Velangudi Panchayat,Normal/Others,Shri Karti P Chidambaram ,SIVAGANGA,Tamil Nadu,Lok Sabha,699936.0,2025-10-25T00:00:00.000Z,True,,SIVAGANGA(DISTRICT COLLECTOR SIVAGANGA_IDA)
220294,High Mast Lights with Pole(1No),Normal/Others,DR.MALLU RAVI,NAGARKURNOOL,Telangana,Lok Sabha,149892.0,2025-10-25T00:00:00.000Z,True,,RANGA REDDY(DISTRICT COLLECTOR RANGAREDDY_IDA)
220295,High Mast Lights with Pole(2Nos),Normal/Others,DR.MALLU RAVI,NAGARKURNOOL,Telangana,Lok Sabha,299787.0,2025-10-25T00:00:00.000Z,True,,RANGA REDDY(DISTRICT COLLECTOR RANGAREDDY_IDA)
148833,"Construction of CC Road:
Kshetr Panchayat Manihari, Gram Panchayat Khuthan urf Parsonia
From Sanjay Bind's residence to Pokhra
150 Mtr x 2.40 Mtr x 10 cm
Development Agency - Gram Panchayat Khuthan",Normal/Others,AFZAL ANSARI,GHAZIPUR,Uttar Pradesh,Lok Sabha,761008.0,2025-10-25T00:00:00.000Z,True,,GHAZIPUR(DISTRICT MAGISTRAE GHAZIPUR_IDA)
220299,"High Mast Lights with Pole(1No) at Ramakrishnapuram, Lingaraopally",Normal/Others,DR.MALLU RAVI,NAGARKURNOOL,Telangana,Lok Sabha,149892.0,2025-10-25T00:00:00.000Z,True,,RANGA REDDY(DISTRICT COLLECTOR RANGAREDDY_IDA)
224091,"Providing LED High Mast light near  Basaweshwara statue, Khajapur (V) Saloora (M)",Normal/Others,Arvind Dharmapuri,NIZAMABAD,Telangana,Lok Sabha,134692.0,2025-10-25T00:00:00.000Z,False,,NIZAMABAD(DISTRICT COLLECTOR NIZAMABAD_IDA)
224122,"Providing LED High mast light near Siddeshwara Swamy Ratham, Doosgaon (V)",Normal/Others,Arvind Dharmapuri,NIZAMABAD,Telangana,Lok Sabha,134961.0,2025-10-25T00:00:00.000Z,False,,NIZAMABAD(DISTRICT COLLECTOR NIZAMABAD_IDA)
168690,Construction of Community Hall at Gokarnapuram village and GP of Kanchili mandal,Normal/Others,Kinjarapu Ram Mohan Naidu,SRIKAKULAM,Andhra Pradesh,Lok Sabha,471605.0,2025-10-25T00:00:00.000Z,True,,SRIKAKULAM(District Collector Srikakulam_IDA)
190996,Purchase of Mobile Steel Water tanker (3000 liters)  Gram Panchyat Modal Town 1 Sheron Block Sunam,Normal/Others,GURMEET SINGH MEET HAYER,SANGRUR,Punjab,Lok Sabha,300000.0,2025-10-27T00:00:00.000Z,True,,SANGRUR(DEPUTY COMMISSIONER SANGRUR_IDA)
185395,Construction of drain at botshah mohalla lane no 10 to the house of MA khan lal bazar srinagar,Normal/Others,AGA SYED RUHULLAH MEHDI,SRINAGAR,Jammu And Kashmir,Lok Sabha,124300.0,2025-10-27T00:00:00.000Z,True,,SRINAGAR(DEPUTY COMMISSIONER SRINAGAR_IDA)
189028,PROVIDING HIGHMASS LIGHT AT WARD-3 NEAR MAIN KONNAMADAI  BUS STOP NAMBIYUR TOWN PANCHAYAT,Normal/Others,K Subbarayan,TIRUPPUR,Tamil Nadu,Lok Sabha,500000.0,2025-10-28T00:00:00.000Z,True,,ERODE(DISTRICT_COLLECTORE_ERODE_IDA)
147465,"Construction of community hall at Khairenagar Tq. Ambegaon, Dist. Pune",Normal/Others,Amol Ramsing Kolhe,SHIRUR,Maharashtra,Lok Sabha,999694.0,2025-10-28T00:00:00.000Z,True,,PUNE(DISTRICT COLLECTOR PUNE_IDA)
176602,COMMUNITY HALL IN DEROL STATION VILLAGE,Normal/Others,RAJPALSINH MAHENDRASINH JADAV,PANCHMAHAL,Gujarat,Lok Sabha,495000.0,2025-10-28T00:00:00.000Z,True,,PANCH MAHALS(DISTRICT COLLECTOR PANCHMAHALS_IDA)
189027,PROVIDING HIGHMASS LIGHT AT WARD-2 NEAR NEW SURIAMPALAYAM BUS STOP NAMBIYUR TOWN PANCHAYAT,Normal/Others,K Subbarayan,TIRUPPUR,Tamil Nadu,Lok Sabha,500000.0,2025-10-28T00:00:00.000Z,True,,ERODE(DISTRICT_COLLECTORE_ERODE_IDA)
168610,Providing solar ro plant at taluka seva sadan umargam,Normal/Others,DHAVAL LAXMANBHAI PATEL,VALSAD,Gujarat,Lok Sabha,490900.0,2025-10-28T00:00:00.000Z,True,,VALSAD(DISTRICT COLLECTOR VALSAD_IDA)
148066,Construction of Crematorium at San Temri,Normal/Others,MALVIKA DEVI,KALAHANDI,Odisha,Lok Sabha,200000.0,2025-10-30T00:00:00.000Z,False,,KALAHANDI(DISTRICT COLLECTOR KALAHANDI_IDA)
166448,Gram rampura khurd se gaadi ghat tak sampark sadak nirman,Normal/Others,Smt. Maya Naroliya (2024-30),Sitting Rajya Sabha,Madhya Pradesh,Rajya Sabha,1500000.0,2025-10-30T00:00:00.000Z,True,,BHOPAL(DISTRICT COLLECTOR BHOPAL_IDA)
225762,Installation of Highmast Light in nearby Ajmankhan Hospital in Ward 9 at Ramanathapuram Municipality. (2024-2025),Normal/Others,Kani K Navas,RAMANATHAPURAM,Tamil Nadu,Lok Sabha,421405.0,2025-10-30T00:00:00.000Z,True,,RAMANATHAPURAM(DISTRICT COLLECTOR RAMANATHAPURAM_IDA)
225759,Installation of Highmast Light in near by Kundukarai Murugan Kovil in Ward 22 at Ramanathapuram Municipality. (2024-2025),Normal/Others,Kani K Navas,RAMANATHAPURAM,Tamil Nadu,Lok Sabha,421405.0,2025-10-30T00:00:00.000Z,True,,RAMANATHAPURAM(DISTRICT COLLECTOR RAMANATHAPURAM_IDA)
225712,Installation of Highmast Light in near by Haja Places  in Ward No.1 at Ramanathapuram Municipality. (2024-2025),Normal/Others,Kani K Navas,RAMANATHAPURAM,Tamil Nadu,Lok Sabha,421405.0,2025-10-30T00:00:00.000Z,True,,RAMANATHAPURAM(DISTRICT COLLECTOR RAMANATHAPURAM_IDA)
135600,"Construction of community hall at Ward No IX, Lamahatta GP

Ref: Basanti Tamang (8001513099), Member Lamahatta GP",Normal/Others,Raju Bista,DARJEELING,West Bengal,Lok Sabha,499800.0,2025-10-30T00:00:00.000Z,True,,DARJEELING(DISTRICT MAGISTRATE DARJEELING_IDA)
225711,Installation of Highmast Light in near by Periya Mariyamman Kovil (Alli Kanmay) in Ward No.6 at Ramanathapuram Municipality. (2024-2025),Normal/Others,Kani K Navas,RAMANATHAPURAM,Tamil Nadu,Lok Sabha,421405.0,2025-10-30T00:00:00.000Z,True,,RAMANATHAPURAM(DISTRICT COLLECTOR RAMANATHAPURAM_IDA)
202618,"providing to congreet road krishna puram to senthil veedu varai at gettisamudram,anthiyuur,erode",Normal/Others,K Subbarayan,TIRUPPUR,Tamil Nadu,Lok Sabha,270000.0,2025-10-31T00:00:00.000Z,False,,ERODE(DISTRICT_COLLECTORE_ERODE_IDA)
228433,Providing  of Concrete Paver block road in Anthoniyarpuram Nadu Street L.370 m in Kumarapuram Panchayat in Radhapuram Panchayat Union.,Normal/Others,ROBERT BRUCE C,TIRUNELVELI,Tamil Nadu,Lok Sabha,2685106.0,2025-10-31T00:00:00.000Z,True,,TIRUNELVELI(DISTRICT COLLECTOR TIRUNELVELI_IDA)
196183,Installation of high mast light at Naraparapur Chandi Sthan near Durga Temple in Ismailpur Block.,Normal/Others,Ajay Kumar Mandal,BHAGALPUR,Bihar,Lok Sabha,998990.0,2025-11-01T00:00:00.000Z,True,,BHAGALPUR(DISTRICT PLANNING OFFICER BHAGALPUR_IDA)
196181,Installation of high mast light next to Shri Krishna Temple NH 31 in Narayanpur Block.,Normal/Others,Ajay Kumar Mandal,BHAGALPUR,Bihar,Lok Sabha,998990.0,2025-11-01T00:00:00.000Z,True,,BHAGALPUR(DISTRICT PLANNING OFFICER BHAGALPUR_IDA)
153082,rajkiya varisth upaddhyay sanskrit school Surajgaon mein Dom Nirman Kary,Normal/Others,RAJ KUMAR ROAT,BANSWARA,Rajasthan,Lok Sabha,1200000.0,2025-11-03T00:00:00.000Z,True,,DUNGARPUR(DISTRICT COLLECTOR DUNGARPUR_IDA)
178074,"Provide Minimast Light at Vattavila Bhagom-Kanatharkunnu, West Kallada Grama Panchayath",Normal/Others,Shri Suresh Kodikunnil,MAVELIKKARA,Kerala,Lok Sabha,228677.0,2025-11-03T00:00:00.000Z,True,,KOLLAM(DISTRICT COLLECTOR KOLLAM_IDA)
191442,Improvement of road connecting Koluru village to Haanavala village under koppal parlimentary constituency.,Normal/Others,K. RAJASHEKAR BASAVARAJ HITNAL,KOPPAL,Karnataka,Lok Sabha,497231.0,2025-11-03T00:00:00.000Z,True,,KOPPAL(DEPUTY COMMISSIONER KOPPAL_IDA)
185310,PL BM Jinda Road Jinda Pind Toor enclave New Ward no 85 Old Ward No 1  Jalandhar,Normal/Others,CHARANJIT SINGH CHANNI,JALANDHAR,Punjab,Lok Sabha,2835544.0,2025-11-03T00:00:00.000Z,True,,JALANDHAR(DEPUTY COMMISSIONER JALANDHAR_IDA)
226212,Protection work of bokter at Bam Leparada,Normal/Others,Kiren Rijiju,ARUNACHAL WEST,Arunachal Pradesh,Lok Sabha,600000.0,2025-11-04T00:00:00.000Z,True,,LEPARADA(Deputy Commisioner Leparada_IDA)
212920,CANTT GARUN DWAR SE HARUNGLA KI TARAF JANE WALE RASTE KI TARAF MITTI KHADANJA,Normal/Others,CHHATRA PAL SINGH GANGWAR,BAREILLY,Uttar Pradesh,Lok Sabha,957997.0,2025-11-04T00:00:00.000Z,False,,BAREILLY(DISTRICT MAGISTRAE BAREILLY_IDA)
226075,Construction of Link Road from sago main raod at sago village,Normal/Others,Kiren Rijiju,ARUNACHAL WEST,Arunachal Pradesh,Lok Sabha,500000.0,2025-11-04T00:00:00.000Z,True,,LEPARADA(Deputy Commisioner Leparada_IDA)
222617,Installation of 9 mtrs height of High Mast light at Arasankudi village - near Ration Shop,Normal/Others,M.K. VISHNUPRASAD,CUDDALORE,Tamil Nadu,Lok Sabha,449225.0,2025-11-04T00:00:00.000Z,True,,CUDDALORE(DISTRICT COLLECTOR CUDDALORE_IDA)
222615,Installation of 9 mtrs height of High Mast light at Pasar village panchayat - colony street,Normal/Others,M.K. VISHNUPRASAD,CUDDALORE,Tamil Nadu,Lok Sabha,449225.0,2025-11-04T00:00:00.000Z,True,,CUDDALORE(DISTRICT COLLECTOR CUDDALORE_IDA)
222612,Installation of 9 mtrs height of High Mast light at Vinayaganandhal village,Normal/Others,M.K. VISHNUPRASAD,CUDDALORE,Tamil Nadu,Lok Sabha,449225.0,2025-11-04T00:00:00.000Z,True,,CUDDALORE(DISTRICT COLLECTOR CUDDALORE_IDA)
159520,"Laying of CC Road from Golla Ambaiah (H) to Golla Sangaiah (H) at Ghanpur (V), Marpally (M)",Normal/Others,KONDA VISHWESHWAR REDDY,CHELVELLA,Telangana,Lok Sabha,124180.0,2025-11-04T00:00:00.000Z,True,,VIKARABAD(DISTRICT COLLECTOR VIKARABAD_2)
191130,Panchayat - Samjhauli men Chulkar Yadav ucch Vidyalaya ke Prangan men Rangmanch Ka nirman,Normal/Others,RAJA RAM SINGH,KARAKAT,Bihar,Lok Sabha,199558.0,2025-11-05T00:00:00.000Z,True,,ROHTAS(District Planning Officer Rohtas_IDA)
151025,"Supply and installation of interactive digital board through NDA,Gangtok",Normal/Others,Indra Hang Subba,SIKKIM,Sikkim,Lok Sabha,5000000.0,2025-11-06T00:00:00.000Z,False,,Gangtok(DISTRICT COLLECTOR EAST DISTRICT_IDA)
210438,VIKAS KHAND BITHRI KE 11 VILLAGE ME LED SEMI HIGH MAST LIGHT INSTALLATION(TOTAL 118),Normal/Others,NEERAJ MAURYA,AONLA,Uttar Pradesh,Lok Sabha,2158197.0,2025-11-06T00:00:00.000Z,True,,BAREILLY(DISTRICT MAGISTRAE BAREILLY_IDA)
175506,Construction Of Paver Block Work at Ramdev Mandir Near Area,Normal/Others,Devusinh Jesingbhai Chauhan,KHEDA,Gujarat,Lok Sabha,99928.0,2025-11-06T00:00:00.000Z,True,,KHEDA(DISTRICT COLLECTOR KHEDA_IDA)
141153,Development of open gym with Children park with solar light and boundary,Normal/Others,Kakoli Ghosh Dastidar ,BARASAT,West Bengal,Lok Sabha,988121.0,2025-11-06T00:00:00.000Z,True,,North 24 Parganas(DISTRICT MAGISTRATE NORTH TWENTY FOUR PARGANAS_IDA)
97909,Construction of CC Road,Normal/Others,Smt. Sumitra Balmik (2022-28),Sitting Rajya Sabha,Madhya Pradesh,Rajya Sabha,1499000.0,2025-11-06T00:00:00.000Z,True,,SHAJAPUR(District Collector Shajapur_IDA)
187343,construction of Steps at Bar Dari Pond.,Normal/Others,SUKHDEO BHAGAT,LOHARDAGA,Jharkhand,Lok Sabha,624806.0,2025-11-06T00:00:00.000Z,True,,GUMLA(DEPUTY COMMISSIONER GUMLA_IDA)
136938,BADAGAON IBRAHIMPUR DAKSHIN KA PURA ME SHRI TULSIRAM KE TUBEL SE SHRI VARUN VERMA KE GHAR TAK KHADANJA KARY DURI 200M,Normal/Others,LALJI VERMA,AMBEDKAR NAGAR,Uttar Pradesh,Lok Sabha,436430.0,2025-11-06T00:00:00.000Z,False,,AMBEDKAR NAGAR(DISTRICT MAGISTRATE AMBEDKAR NAGAR_IDA)
132563,"construction of RCC Box culvert at No.2 Makelikanda village approached road to Nijdala MB road under Balipara VCDC, Bhergaon.",Normal/Others,Shri Rwngwra Narzary (2022-28),Sitting Rajya Sabha,Assam,Rajya Sabha,500000.0,2025-11-07T00:00:00.000Z,True,,UDALGURI(DEPUTY COMMISSIONER Udalguri_IDA)
168455,Purchase of Laptops and Projectors Sacred Heart UP School Thiruvambadi,Normal/Others,Smt. Jebi Mather Hisham (2022-28),Sitting Rajya Sabha,Kerala,Rajya Sabha,383500.0,2025-11-07T00:00:00.000Z,True,,KOZHIKODE(DISTRICT COLLECTOR KOZHIKODE_IDA)
206132,Providing Electrification  and sanitation to Datta temple community hall in panchadevpad,Normal/Others,Shri V. Vijayendra Prasad (2022-28),Nominated Rajya Sabha,Andhra Pradesh,Rajya Sabha,998314.0,2025-11-07T00:00:00.000Z,True,,Narayanpet(DISTRICT COLLECTOR NARAYANPET_IDA)
222340,"Providing solar Street lights with poles at Govt Degree and Jr College, Library in Bhadrachalam Town, Bhadrachalm GP",Normal/Others,BALRAM NAIK PORIKA,MAHABUBABAD,Telangana,Lok Sabha,500000.0,2025-11-07T00:00:00.000Z,True,,BHADRADRI KOTHAGUDEM(District Collector Bhadradri Ktdm_IDA)
150204,KUBRI BUS STAND KE PAS,Normal/Others,DR. RAJESH MISHRA,SIDHI,Madhya Pradesh,Lok Sabha,259942.0,2025-11-08T00:00:00.000Z,False,,SIDHI(DISTRICT COLLECTOR SIDHI_IDA)
222501,"Providing solar Street lights with poles at Industrial Area to AMC Colony in Bhadrachalam Town, Bhadrachalm GP",Normal/Others,BALRAM NAIK PORIKA,MAHABUBABAD,Telangana,Lok Sabha,500000.0,2025-11-08T00:00:00.000Z,True,,BHADRADRI KOTHAGUDEM(District Collector Bhadradri Ktdm_IDA)
182696,Morbi jillana maliya talukana nandanvan dhavaniya nagar main road thi rabari sheri sudhi pewor block,Normal/Others,Vinod Chavda,KACHCHH,Gujarat,Lok Sabha,500000.0,2025-11-10T00:00:00.000Z,True,,MORBI(District collector Morbi_IDA)
167814,Construction of street IPB from house of Hukam Chand to house of Ramsaran Saini,Normal/Others,NAVEEN JINDAL,KURUKSHETRA,Haryana,Lok Sabha,484926.0,2025-11-10T00:00:00.000Z,True,,KURUKSHETRA(DEPUTY COMMISSIONER KURUKSHETRA_IDA)
212324,C.O Interlock tiles road and upgradation of culvert near Atma ram house ward no 3,Normal/Others,RAJEEV BHARDWAJ,KANGRA,Himachal Pradesh,Lok Sabha,199936.0,2025-11-10T00:00:00.000Z,True,,KANGRA(DEPUTY COMMISSIONER KANGRA_IDA)
197707,SHITLAWARD ME KAILASH GHAR KE PAAS TUBEWELL,Normal/Others,CHINTAMANI MAHARAJ,SARGUJA,Chhattisgarh,Lok Sabha,179093.0,2025-11-10T00:00:00.000Z,True,,SURGUJA(Collector Surguja_IDA)
177335,"Providing CC Road and Drain from R and B Road to Bala Nagamma (H) in SC Colony and other streets at Gutupalli village, Bethamcherla Mandal",Normal/Others,DR BYREDDY SHABARI,NANDYAL,Andhra Pradesh,Lok Sabha,487908.0,2025-11-10T00:00:00.000Z,True,,Nandyal(DISTRICT COLLECTOR NANDYAL_IDA)
222512,"Providing solar Street lights with poles at ITDA Office and Colony in Bhadrachalam Town, Bhadrachalm GP",Normal/Others,BALRAM NAIK PORIKA,MAHABUBABAD,Telangana,Lok Sabha,500000.0,2025-11-10T00:00:00.000Z,True,,BHADRADRI KOTHAGUDEM(District Collector Bhadradri Ktdm_IDA)
141572,Construction of Road upto Shamshan Ghat,Normal/Others,DR. RAJ KUMAR CHABBEWAL,HOSHIARPUR,Punjab,Lok Sabha,300000.0,2025-11-10T00:00:00.000Z,False,,HOSHIARPUR(DEPUTY COMMISSIONER HOSHIARPUR_IDA)
229768,Construction of PCC road from the house of Nagendra jee to the house of sunil jee in ward no. 02,Normal/Others,Shri Khiru Mahto (2022-28),Sitting Rajya Sabha,Bihar,Rajya Sabha,998043.0,2025-11-11T00:00:00.000Z,True,,PATNA(DISTRICT PLANNING OFFICER PATNA_IDA)
188771,"Construction of Street by laying Interlock tiles in Ward no.2, house of Gadila Singh to house of Late Chota Singh in Vill. Baddowal, Block Sudhar, Distt. Ludhiana",Normal/Others,AMRINDER SINGH RAJA WARRING,LUDHIANA,Punjab,Lok Sabha,160000.0,2025-11-11T00:00:00.000Z,True,,LUDHIANA(DEPUTY COMMISSIONER LUDHIANA_IDA)
182177,Construction of Reading room near Vadla Sangham in 15th ward,Normal/Others,MADHAVANENI RAGHUNANDAN RAO,MEDAK,Telangana,Lok Sabha,494184.0,2025-11-11T00:00:00.000Z,True,,SIDDIPET(District Collector Siddipet_IDA)
222945,"Installation of high mast light at Purivakkam Panchayat, Ellapuram Block",Normal/Others,Sasikanth Senthil,TIRUVALLUR,Tamil Nadu,Lok Sabha,434216.0,2025-11-11T00:00:00.000Z,False,,THIRUVALLUR(DISTRICT COLLECTOR TIRUVALLUR_IDA)
185502,INSTALLATION OF 70 WATT STREET LIGHT IN MANAPUR G.P.AT BODARA,Normal/Others,Shri Bhartruhari Mahtab,CUTTACK,Odisha,Lok Sabha,50000.0,2025-11-12T00:00:00.000Z,True,,Kataka(DISTRICT COLLECTOR CUTTACK_IDA)
15148,"Regarding Boundary Wall Surrounding Govt. Sen. Sec. School, Raipur (Pharala)",Repair and Renovation,Shri Sant Balbir Singh (2022-28),Sitting Rajya Sabha,Punjab,Rajya Sabha,250000.0,2025-11-12T00:00:00.000Z,True,,JALANDHAR(DEPUTY COMMISSIONER JALANDHAR_IDA)
183895,CC road at Badgona Joshi (Badgona Joshi to Salimeta),Normal/Others,BUNTY VIVEK SAHU,CHHINDWARA,Madhya Pradesh,Lok Sabha,600000.0,2025-11-12T00:00:00.000Z,True,,CHHINDWARA(DISTRICT COLLECTOR CHHINDWARA_IDA)
183705,Installation of Solar Light at Cremation Ground of Aswasthapada Village.,Normal/Others,SAMBIT PATRA,PURI,Odisha,Lok Sabha,40000.0,2025-11-13T00:00:00.000Z,False,,Nayagada(DISTRICT COLLECTOR  NAYAGARH_IDA)
160248,"Block-Bhubaneswar, Installation of Cold Drinking Water at Office of the Senior, Citizen, Shree Jagannath Baristha Nagarika Sangha, Ward No.-16",Normal/Others,Smt Aparajita Sarangi,BHUBANESWAR,Odisha,Lok Sabha,100000.0,2025-11-13T00:00:00.000Z,True,,KHORDHA(DISTRICT COLLECTOR KHORDHA_IDA)
192847,Gam Na Wad thi R.I. Patel Vidyalay Sudhi Block Paving nu Kam,Normal/Others,Mitesh Rameshbhai Bakabhai Patel,ANAND,Gujarat,Lok Sabha,154665.0,2025-11-13T00:00:00.000Z,False,,ANAND(District Collector ANAND_IDA)
200559,Construction of Bus Shelter at Thattimanapalli Village Gudiyatham Union.,Normal/Others,D M Kathir Anand,VELLORE,Tamil Nadu,Lok Sabha,1099623.0,2025-11-13T00:00:00.000Z,False,,VELLORE(DISTRICT COLLECTOR VELLORE_IDA)
172344,"Installation of 34 Solar Lights in Village Nishant Bagh Colony, Block Ludhiana-1, Distt. Ludhiana",Normal/Others,AMRINDER SINGH RAJA WARRING,LUDHIANA,Punjab,Lok Sabha,393788.0,2025-11-13T00:00:00.000Z,True,,LUDHIANA(DEPUTY COMMISSIONER LUDHIANA_IDA)
194406,"Repairs and Renovation at Boys Hostel, Laddagiri No.1, Kodumur Mandal, Kodumur Constituency",Repair and Renovation,BASTIPATI NAGARAJU PANCHALINGALA,KURNOOL,Andhra Pradesh,Lok Sabha,497505.0,2025-11-13T00:00:00.000Z,True,,KURNOOL(DISTRICT COLLECTOR KURNOOL_IDA)
164005,7 street lights,Normal/Others,Gyaneshwar Patil,KHANDWA,Madhya Pradesh,Lok Sabha,316092.0,2025-11-13T00:00:00.000Z,True,,BURHANPUR(District Collector Burhanpur_IDA)
141585,"Construction of WMM Road at Hill town, Lan No-9",Normal/Others,MALVIKA DEVI,KALAHANDI,Odisha,Lok Sabha,800000.0,2025-11-13T00:00:00.000Z,False,,KALAHANDI(DISTRICT COLLECTOR KALAHANDI_IDA)
213931,Construction of PCC road from Roop Rang Studio at Fusbangla to Ambedkar Chowk via Hanuman Mandir Munda Patti,Normal/Others,DULU MAHATO,DHANBAD,Jharkhand,Lok Sabha,400000.0,2025-11-13T00:00:00.000Z,True,,DHANBAD(DEPUTY COMMISSIONER DHANBAD_IDA)
192891,FOR STREET LIGHTS,Normal/Others,Shri Amar Singh,FATEHGARH SAHIB,Punjab,Lok Sabha,140652.0,2025-11-13T00:00:00.000Z,True,,LUDHIANA(DEPUTY COMMISSIONER LUDHIANA_IDA)
180020,Construction of c.c. road from main road to chhanga khatik haveli by PCCD,Normal/Others,Bhola Singh,BULANDSHAHR,Uttar Pradesh,Lok Sabha,1725439.0,2025-11-14T00:00:00.000Z,True,,BULANDSHAHR(DISTRICT MAGISTRATE BULANDSHAHR_IDA)
221540,shubash ki dukaan ke paas semi high mast 6 light waali PCCD dwara lgwai jaae,Normal/Others,Bhola Singh,BULANDSHAHR,Uttar Pradesh,Lok Sabha,298955.0,2025-11-14T00:00:00.000Z,True,,BULANDSHAHR(DISTRICT MAGISTRATE BULANDSHAHR_IDA)
219959,Block paving work in Navagam (Ratanpur) village in the SC area.,Normal/Others,BHARATBHAI MANUBHAI SUTARIYA,AMRELI,Gujarat,Lok Sabha,299877.0,2025-11-14T00:00:00.000Z,True,,BHAVNAGAR(DISTRICT COLLECTOR BHAVNAGAR_IDA)
189550,gram panchayt asandhya badod ke gram bhanoti me ritraning wall nirman hetu ...,Normal/Others,Mahendra Singh Solanky,DEWAS,Madhya Pradesh,Lok Sabha,1000000.0,2025-11-14T00:00:00.000Z,True,,Agar-Malwa(District Collector Agar Malwa_IDA)
192673,"Gram Saloi Sangraj, Gram panchayat Nidanpur, Janpad Panchayat Berasia main Hanuman Mandir ke samne Shaskiy Bhumi Par Shed nirman, District Bhopal (mention in letter no.4029 at column no.1)",Normal/Others,Shri Vivek K. Tankha (2022-28),Sitting Rajya Sabha,Madhya Pradesh,Rajya Sabha,400000.0,2025-11-14T00:00:00.000Z,True,,BHOPAL(DISTRICT COLLECTOR BHOPAL_IDA)
145684,"Providing LED Himast Lights at 7th Ward, Giripuram(V), Maripeda(M)",Normal/Others,Shri Ravi Chandra Vaddiraju (2024-30),Sitting Rajya Sabha,Telangana,Rajya Sabha,174718.0,2025-11-14T00:00:00.000Z,True,,MAHABUBABAD(DISTRICT COLLECTOR MAHABUBABAD_IDA)
183946,Installation of Solar Light at Cremation Ground of Kodiekahania-1  Village.,Normal/Others,SAMBIT PATRA,PURI,Odisha,Lok Sabha,40000.0,2025-11-15T00:00:00.000Z,False,,Nayagada(DISTRICT COLLECTOR  NAYAGARH_IDA)
156179,graam panchayata sorahiya ke majra sehajrampurwa mein munsi lal soni ke ghar se molhey verma ke ghar tak interlocking nirman kaarya,Normal/Others,ANAND KUMAR,BAHRAICH,Uttar Pradesh,Lok Sabha,840831.0,2025-11-15T00:00:00.000Z,True,,BAHRAICH(DISTRICT MAGISTRAE BAHRAICH_IDA)
220173,Construction of pcc road from the house of dina jee to the house of Rajeev Yadav,Normal/Others,Shri Khiru Mahto (2022-28),Sitting Rajya Sabha,Bihar,Rajya Sabha,1489100.0,2025-11-15T00:00:00.000Z,True,,PATNA(DISTRICT PLANNING OFFICER PATNA_IDA)
154448,Bahraich Nagar Ke Mohalla Raipurraja me Shri Ajeet Singh ke Ghar Ke Bagal me C P Srivastava Ke Plot Tak Interlocking aur Nali Nirman Karya,Normal/Others,ANAND KUMAR,BAHRAICH,Uttar Pradesh,Lok Sabha,334370.0,2025-11-15T00:00:00.000Z,True,,BAHRAICH(DISTRICT MAGISTRAE BAHRAICH_IDA)
145299,Construction of cement road under ward no 11,Normal/Others,Shri Imran Pratapgarhi (2022-28),Sitting Rajya Sabha,Maharashtra,Rajya Sabha,500000.0,2025-11-15T00:00:00.000Z,False,,Chhatrapati Sambhajinagar(DISTRICT COLLECTOR AURANGABAD_IDA)
183788,Installation of Solar Light at Cremation Ground of Bijipur Village.,Normal/Others,SAMBIT PATRA,PURI,Odisha,Lok Sabha,40000.0,2025-11-17T00:00:00.000Z,False,,Nayagada(DISTRICT COLLECTOR  NAYAGARH_IDA)
195837,Construction of Ambulance Road Main Road Badi Dehra to Ghuyali,Normal/Others,Shri Harsh Mahajan (2024-30),Sitting Rajya Sabha,Himachal Pradesh,Rajya Sabha,199800.0,2025-11-17T00:00:00.000Z,True,,CHAMBA(DEPUTY COMMISSIONER CHAMBA_IDA)
206174,(Mp Lads 2025-26) Construction of Bore well and Bath tube in Keelanilai Village in Thirukalapatti Panchayat,Normal/Others,Shri Karti P Chidambaram ,SIVAGANGA,Tamil Nadu,Lok Sabha,499897.0,2025-11-17T00:00:00.000Z,True,,SIVAGANGA(DISTRICT COLLECTOR SIVAGANGA_IDA)
211557,"Providing internal CC road in Darjipalli SC Colony of Gollapalli Village and GP, Vontimitta Mandal",Normal/Others,Shri Meda Raghunadha Reddy (2024-30),Sitting Rajya Sabha,Andhra Pradesh,Rajya Sabha,497511.0,2025-11-17T00:00:00.000Z,True,,Y.S.R. Kadapa(DISTRICT COLLECTOR CUDDAPAH_IDA)
220981,Providing LED High mast light near Alluri Sitharamaraju Thanda Chowrastha,Normal/Others,Arvind Dharmapuri,NIZAMABAD,Telangana,Lok Sabha,135000.0,2025-11-18T00:00:00.000Z,False,,Jagitial(DISTRICT COLLECTOR JAGTIAL_IDA)
220978,Providing LED High mast light near   Shivaji Statue,Normal/Others,Arvind Dharmapuri,NIZAMABAD,Telangana,Lok Sabha,135000.0,2025-11-18T00:00:00.000Z,False,,Jagitial(DISTRICT COLLECTOR JAGTIAL_IDA)
220938,Providing LED High mast light near Hanuman mandir in Ammkkapeta,Normal/Others,Arvind Dharmapuri,NIZAMABAD,Telangana,Lok Sabha,135000.0,2025-11-18T00:00:00.000Z,False,,Jagitial(DISTRICT COLLECTOR JAGTIAL_IDA)
213057,Installation of LED Street lights in Md Ghousepalle  GP,Normal/Others,BALRAM NAIK PORIKA,MAHABUBABAD,Telangana,Lok Sabha,197521.0,2025-11-18T00:00:00.000Z,True,,Mulugu(District Collector Mulugu_ida)
219455,installation of Bermuda grass in the cricket ground at Janaki Stadium Dumra Sitamarhi.,Normal/Others,DEVESH CHANDRA THAKUR,SITAMARHI,Bihar,Lok Sabha,496657.0,2025-11-18T00:00:00.000Z,False,,SITAMARHI(DISTRICT PLANNING OFFICER SITAMARHI_IDA)
213019,Installation of LED Street lights in Pegadapally  GP,Normal/Others,BALRAM NAIK PORIKA,MAHABUBABAD,Telangana,Lok Sabha,148141.0,2025-11-18T00:00:00.000Z,True,,Mulugu(District Collector Mulugu_ida)
141156,"Construction of Chhatdaar chabutra in Gram Panchayat - Tilaidand, Vikas Khand - Korba.",Normal/Others,Jyotsna Charandas Mahant ,KORBA,Chhattisgarh,Lok Sabha,400000.0,2025-11-19T00:00:00.000Z,True,,KORBA(Collector-Korba)
187327,Purchase of mobile water tanker 3000 ltr capacity,Normal/Others,SHER SINGH GHUBAYA,FIROZPUR,Punjab,Lok Sabha,240570.0,2025-11-19T00:00:00.000Z,False,,FAZILKA(DEPUTY COMMISSIONER FAZILKA_IDA)
183783,Installation of Solar Light at Cremation Ground of  Biruda Village.,Normal/Others,SAMBIT PATRA,PURI,Odisha,Lok Sabha,40000.0,2025-11-19T00:00:00.000Z,False,,Nayagada(DISTRICT COLLECTOR  NAYAGARH_IDA)
159623,Construction of Compound wall to existing community hall in Munnurukapu wada near PACS Pipri,Normal/Others,Arvind Dharmapuri,NIZAMABAD,Telangana,Lok Sabha,495000.0,2025-11-19T00:00:00.000Z,False,,NIZAMABAD(DISTRICT COLLECTOR NIZAMABAD_IDA)
194615,Providing of Sports gear for Sports clubs of KarnahAC,Normal/Others,ABDUL RASHID SHEIKH,BARAMULLAH,Jammu And Kashmir,Lok Sabha,151110.0,2025-11-19T00:00:00.000Z,True,,KUPWARA(Deputy Commissioner Kupwara_IDA)
176721,Providing GI Water tanker Capacity 5500 Liter Tyre 900X16  in GP Sitapat JP MHOW District Indore,Normal/Others,Dr. Kavita Patidar (2022-28),Sitting Rajya Sabha,Madhya Pradesh,Rajya Sabha,160761.0,2025-11-20T00:00:00.000Z,True,,INDORE(DISTRICT COLLECTOR INDORE_IDA)
177698,CC Pavement in Anjaneyar Koil Road in Pambukaran Kottai Road of Billanakuppam Panchayat,Normal/Others,GOPINATH K,KRISHNAGIRI,Tamil Nadu,Lok Sabha,988802.0,2025-11-20T00:00:00.000Z,True,,KRISHNAGIRI(DISTRICT COLLECTOR KRISHNAGIRI_IDA)
188563,CC Road From Old AIMS School to NH363 Service road,Normal/Others,VAMSI KRISHNA GADDAM,PEDDAPALLE,Telangana,Lok Sabha,297000.0,2025-11-20T00:00:00.000Z,False,,MANCHERIAL(District Collector Mancherial_IDA)
202982,const of shed in Gaushala,Normal/Others,JAI PARKASH,HISAR,Haryana,Lok Sabha,495817.0,2025-11-21T00:00:00.000Z,True,,JIND(DEPUTY COMMISSIONER JIND)
205914,Installation of 12 Mtr High Mass light in Ward No. 13 new bus stand at Kodumudi Town Panchayat (2025-26),Normal/Others,K E PRAKASH,ERODE,Tamil Nadu,Lok Sabha,600000.0,2025-11-21T00:00:00.000Z,True,,ERODE(DISTRICT_COLLECTORE_ERODE_IDA)
206759,"CONSTRUCTION OF SAHEBZADA COMMUNITY CENTRE, SHEBZADA BAZAR, GANESH GHAT, WARD NO.20",Normal/Others,Shri Bhartruhari Mahtab,CUTTACK,Odisha,Lok Sabha,500000.0,2025-11-21T00:00:00.000Z,True,,Kataka(DISTRICT COLLECTOR CUTTACK_IDA)
208374,Installation of Submersible Motors for Drinking Water In W.no 5  Sahid Udham Singh Nagar Near Amarjit Singh Plot Dhanaula,Normal/Others,GURMEET SINGH MEET HAYER,SANGRUR,Punjab,Lok Sabha,70000.0,2025-11-21T00:00:00.000Z,True,,BARNALA(DEPUTY COMMISSIONER BARNALA_IDA)
170894,"Keelnathur Panchayat Palllavan thiru nagar, installation of high mas light",Normal/Others,Sasikanth Senthil,TIRUVALLUR,Tamil Nadu,Lok Sabha,434215.0,2025-11-21T00:00:00.000Z,False,,THIRUVALLUR(DISTRICT COLLECTOR TIRUVALLUR_IDA)
208369,Installation of Submersible Motors for Drinking Water In W.no 11 Dhilwan Patti Near Dhana Singh Home Dhanaula,Normal/Others,GURMEET SINGH MEET HAYER,SANGRUR,Punjab,Lok Sabha,70000.0,2025-11-21T00:00:00.000Z,True,,BARNALA(DEPUTY COMMISSIONER BARNALA_IDA)
183744,Installation of Solar Light at Cremation Ground of  Ikiri Village.,Normal/Others,SAMBIT PATRA,PURI,Odisha,Lok Sabha,40000.0,2025-11-21T00:00:00.000Z,False,,Nayagada(DISTRICT COLLECTOR  NAYAGARH_IDA)
137035,PCC road construction from School Toli to Tangara Toli in village Rewa under Khunti block.,Normal/Others,KALI CHARAN MUNDA,KHUNTI,Jharkhand,Lok Sabha,400000.0,2025-11-21T00:00:00.000Z,True,,KHUNTI(DEPUTY COMMISSIONER KHUNTI_IDA)
199124,VIKASH KHAND SUJANGANJ DHARMNAGAR MANDIR BHILAMPUR JAUNPUR ME 06VE 200 WATT 9 METER POLL SAHIT VIDHUT HIGH MAST LIGHT KA KARYA,Normal/Others,Smt. Seema Dwivedi (2020-26),Sitting Rajya Sabha,Uttar Pradesh,Rajya Sabha,197803.0,2025-11-22T00:00:00.000Z,True,,JAUNPUR(DISTRICT MAGISTRATE JAUNPUR_IDA)
174862,cc road and nali,Normal/Others,TANUJ PUNIA,BARABANKI,Uttar Pradesh,Lok Sabha,1848647.0,2025-11-22T00:00:00.000Z,False,,Bara Banki(DISTRICT MAGISTRATE BARABANKI_IDA)
225941,"Construction of Retaining wall at Yorbo Kedi area, Ledum in East Siang District",Normal/Others,Shri Tapir Gao,ARUNACHAL EAST,Arunachal Pradesh,Lok Sabha,800000.0,2025-11-24T00:00:00.000Z,False,,EAST SIANG(Deputy Commisioner East Siang_IDA)
180976,chaudhary vas thi dabhi vas sudhi flood control protection wall work,Normal/Others,Bharatsinhji Shankarji Dabhi,PATAN,Gujarat,Lok Sabha,200000.0,2025-11-24T00:00:00.000Z,True,,BANAS KANTHA(DISTRICT COLLECTOR BANAS KANTHA_IDA)
136042,gnanadeepam shool arugil,Normal/Others,Shri vijayakumar Vasanth,KANNIYAKUMARI,Tamil Nadu,Lok Sabha,1450000.0,2025-11-24T00:00:00.000Z,True,,KANNIYAKUMARI(DISTRICT COLLECTOR KANNIYAKUMARI_IDA)
210491,"Construction of CC road from Divekar Ghar to Kharde Road in Tarkeshwar Nagar under Dalit Settlement Development Scheme at Mali Babhulgaon, Tal. Pathardi, Dist. Ahilyanagar (Ahmednagar).",Normal/Others,Shri Ashokrao Shankarrao Chavan (2024-30),Sitting Rajya Sabha,Maharashtra,Rajya Sabha,499921.0,2025-11-24T00:00:00.000Z,True,,Ahilyanagar(DISTRICT COLLECTOR AHMEDNAGAR_IDA)
183941,Installation of Solar Light at Cremation Ground of Jadupur Village.,Normal/Others,SAMBIT PATRA,PURI,Odisha,Lok Sabha,40000.0,2025-11-25T00:00:00.000Z,False,,Nayagada(DISTRICT COLLECTOR  NAYAGARH_IDA)
159002,Construction of Fishing Net Knitting shed in Koonimedu kuppam of Marakkanam Taluk of Tindivanam,Normal/Others,D Ravikumar ,VILUPPURAM,Tamil Nadu,Lok Sabha,1099851.0,2025-11-25T00:00:00.000Z,True,,Viluppuram(DISTRICT COLLECTOR VILLUPURAM_IDA)
166897,High Mast Light,Normal/Others,Shri Deepak (Dev) Adhikari ,GHATAL,West Bengal,Lok Sabha,347661.0,2025-11-26T00:00:00.000Z,True,,Paschim Medinipur(DISTRICT MAGISTRATE PASCHIM MEDINIPUR_IDA)
197048,VIKASH KHAND SIKRARA GRAM SEMARI ME RAM CHANDRA VISHWKARMA KE GHAR KE PASS 25KVA TRANSFORMER KE SATH VIDHUTIKARAN KA KRYA,Normal/Others,Smt. Seema Dwivedi (2020-26),Sitting Rajya Sabha,Uttar Pradesh,Rajya Sabha,139000.0,2025-11-26T00:00:00.000Z,True,,JAUNPUR(DISTRICT MAGISTRATE JAUNPUR_IDA)
166911,High Mast Light,Normal/Others,Shri Deepak (Dev) Adhikari ,GHATAL,West Bengal,Lok Sabha,348117.0,2025-11-26T00:00:00.000Z,True,,Paschim Medinipur(DISTRICT MAGISTRATE PASCHIM MEDINIPUR_IDA)
182011,"10 solar street light, 30 watt, 6 feet poll, 5 years guarantee, the working agency will be Mandi Board",Normal/Others,SUKHJINDER SINGH RANDHAWA,GURDASPUR,Punjab,Lok Sabha,145485.0,2025-11-26T00:00:00.000Z,False,,GURDASPUR(DEPUTY COMMISSIONER GURDASPUR_IDA)
187442,"Grampanchayat Wanoli, Ward No2 khedi ya gavat navin Borewell , pump, taaki basavine.",Normal/Others,Sanjay Uttamrao Deshmukh,YAVATMAL-WASHIM,Maharashtra,Lok Sabha,199636.0,2025-11-27T00:00:00.000Z,True,,YAVATMAL(DISTRICT COLLECTOR YAVATMAL_IDA)
189499,"Gir Somnath District,Veraval Taluka,Gunvantpur Villege, CC road work on the road from Alaabhai Ugabhai Chavda farm to Jivabhai Solanki farm in Gunvantpur village (S.C.)",Normal/Others,Rajeshbhai Naranbhai Chudasama,JUNAGADH,Gujarat,Lok Sabha,245060.0,2025-11-27T00:00:00.000Z,True,,GIR SOMNATH(DISTRICT COLLECTOR GIR SOMNATH_IDA)
203345,"Construction of Cement Concrete Road (C C Road) in Front of Vinayaka House, Main Road , O B Chudahalli, Bengaluru South Taluk, Bengaluru Urban District, Karnataka.",Normal/Others,Shri Jaggesh (2022-28),Sitting Rajya Sabha,Karnataka,Rajya Sabha,499328.0,2025-11-27T00:00:00.000Z,False,,BENGALURU URBAN(DEPUTY COMMISSIONER BANGALORE URBAN_IDA)
139355,Installation of semi high mast light in the main colony at the intersection of village Khodaila block Nagwa,Normal/Others,CHHOTELAL,ROBERTSGANJ,Uttar Pradesh,Lok Sabha,176999.0,2025-11-28T00:00:00.000Z,True,,SONBHADRA(DISTRICT MAGISTRATE SONBHADRA_IDA)
169441,Laying of CC Road from Vankudoth Venkanna (H) to Kishan (H),Normal/Others,BALRAM NAIK PORIKA,MAHABUBABAD,Telangana,Lok Sabha,124476.0,2025-11-28T00:00:00.000Z,True,,MAHABUBABAD(DISTRICT COLLECTOR MAHABUBABAD_IDA)
139348,Installation of semi high mast light in Ambedkar Park colony of village Nipraj block Robertsganj,Normal/Others,CHHOTELAL,ROBERTSGANJ,Uttar Pradesh,Lok Sabha,176999.0,2025-11-28T00:00:00.000Z,True,,SONBHADRA(DISTRICT MAGISTRATE SONBHADRA_IDA)
154784,Providing CC Road From N.Mastan House to Hindus Burial Ground at Murarichinthala Village & GP of Lingala Mandal,Normal/Others,Y S Avinash Reddy,KADAPA,Andhra Pradesh,Lok Sabha,388074.0,2025-11-28T00:00:00.000Z,True,,Y.S.R. Kadapa(DISTRICT COLLECTOR CUDDAPAH_IDA)
202240,janpuria construction of a PCC road from the main road to the village Approx 1500 feet,Normal/Others,SUDAMA PRASAD,ARRAH,Bihar,Lok Sabha,1497160.0,2025-11-29T00:00:00.000Z,False,,BHOJPUR(DISTRICT PLANNING OFFICER BHOJPUR ARRAH_IDA)
187228,"Interlocking work In Loco Chittupur ward no. 07, from house no. C 33-281 late Chhedi Maurya till house no. C 33-287 Nagendra Prasad Singh jis house, length 43.70 m",Normal/Others,Shri Narendra Modi,VARANASI,Uttar Pradesh,Lok Sabha,203037.0,2025-11-29T00:00:00.000Z,True,,VARANASI(DISTRICT MAGISTRAE VARANASI_IDA)
138951,High mast light on the road in front of Maa Shiv Devi Mahavidyalaya  Block Ghorawal,Normal/Others,CHHOTELAL,ROBERTSGANJ,Uttar Pradesh,Lok Sabha,592984.0,2025-11-29T00:00:00.000Z,True,,SONBHADRA(DISTRICT MAGISTRATE SONBHADRA_IDA)
212129,C.O Check dam at kotli nala ward no 6,Normal/Others,RAJEEV BHARDWAJ,KANGRA,Himachal Pradesh,Lok Sabha,250000.0,2025-11-29T00:00:00.000Z,False,,KANGRA(DEPUTY COMMISSIONER KANGRA_IDA)
235176,"Smart Class Room for Government Model Higher Secondary School, Chinnathatchur, Vikravandi",Normal/Others,D Ravikumar ,VILUPPURAM,Tamil Nadu,Lok Sabha,200000.0,2025-11-29T00:00:00.000Z,False,,Viluppuram(DISTRICT COLLECTOR VILLUPURAM_IDA)
183912,INSTALLATION OF 320 NOS OF 60 WATT LED STREET LIGHT WITH FITTINGS IN THE FOLLOWING LOCATIONS OF NABAGRAM GP UNDER BARUIPUR BLOCK UNDER BARUIPUR PURBA AC,Normal/Others,SAYANI GHOSH,JADAVPUR,West Bengal,Lok Sabha,512000.0,2025-12-01T00:00:00.000Z,True,,South 24 Parganas(DISTRICT MAGISTRATE SOUTH TWENTY FOUR PARGANAS_IDA)
236755,Providing GI Water Tanker Capacity 5500 Liter Tyre 900X16 in GP Bawalya Khurd Jp Indore District Indore,Normal/Others,Shankar Lalwani,INDORE,Madhya Pradesh,Lok Sabha,159212.0,2025-12-01T00:00:00.000Z,True,,INDORE(DISTRICT COLLECTOR INDORE_IDA)
188136,"To provide IT systems to IMMACULATE CONCEPTION HIGH SCHOOL at Avedem, Paroda, Quepem,  Goa as per specifications indicated herewith complete with supply, installation, testing end user training, local support service center for minimum 3 years, and minimum 3 years comprehensive onsite warranty.",Normal/Others,CAPTAIN VIRIATO FERNANDES,SOUTH GOA,Goa,Lok Sabha,374000.0,2025-12-01T00:00:00.000Z,False,,SOUTH GOA(DISTRICT COLLECTOR SOUTH GOA_IDA)
244322,Providing GI Water Tanker Capacity 5500 Liter Tyre 900X16 in GP Rawad JP Depalpur District Indore,Normal/Others,Shankar Lalwani,INDORE,Madhya Pradesh,Lok Sabha,159212.0,2025-12-01T00:00:00.000Z,True,,INDORE(DISTRICT COLLECTOR INDORE_IDA)
244328,Providing  02 GI Water Tanker Capacity 5500 Liter Tyre 900X16 in Ward 16  Nagar Nigam Indore VS Indore-01  District Indore,Normal/Others,Shankar Lalwani,INDORE,Madhya Pradesh,Lok Sabha,318424.0,2025-12-01T00:00:00.000Z,True,,INDORE(DISTRICT COLLECTOR INDORE_IDA)
206572,MUKTIDHAM SE PURANA KANTA BAIGHA KI OR CC ROAD NIRMAN KARYA,Normal/Others,ROOP KUMARI CHOUDHARY,MAHASAMUND,Chhattisgarh,Lok Sabha,998636.0,2025-12-01T00:00:00.000Z,True,,DHAMTARI(DISTRICT COLLECTOR DHAMTARI_IDA)
185044,CONSTRUCTION OF RCC ROAD FROM PATEL BABUBHAI HOUSE TO PATEL SHANTILAL GANDALAL HOUSE IN KRUSHANAGAR PARA FOR PUBLIC PLACE,Normal/Others,HARIBHAI PATEL,MAHESANA,Gujarat,Lok Sabha,99663.0,2025-12-02T00:00:00.000Z,True,,MAHESANA(DISTRICT COLLECTOR MAHESANA_IDA)
211451,"Construction of CC Drain from Lakshminarayana house to Ramanjineyulu house in Bevanahalli GP of Hindupuram Mandal, Sri Satya Sai District.",Normal/Others,Shri Yerram Venkata Subba Reddy (2024-30),Sitting Rajya Sabha,Andhra Pradesh,Rajya Sabha,179303.0,2025-12-03T00:00:00.000Z,True,,Sri Sathya Sai(DISTRICT COLLECTOR SRI SATHYA SAI_IDA)
211380,"Development of the road leading to Valalambe School in Guttigaru Village, Sulya Taluk",Repair and Renovation,CAPTAIN BRIJESH CHOWTA,DAKSHINA KANNADA,Karnataka,Lok Sabha,299795.0,2025-12-03T00:00:00.000Z,True,,DAKSHINA KANNADA(DEPUTY COMMISSIONER DAKSHIN KANNAD MANGALORE_IDA)
233937,Ara Municipal Corporation Ward No 31 Bhalui Pur Drain and PCC construction from Lal Babu Sonars house up to Dilip Sonars house,Normal/Others,SUDAMA PRASAD,ARRAH,Bihar,Lok Sabha,499813.0,2025-12-03T00:00:00.000Z,False,,BHOJPUR(DISTRICT PLANNING OFFICER BHOJPUR ARRAH_IDA)
199704,Construction of concrete road from Gabberiya Barakachari to Rahitosh halder house via Basudeb Halder house under Gabberiya G.P,Normal/Others,BAPI HALDAR,MATHURAPUR,West Bengal,Lok Sabha,399143.0,2025-12-03T00:00:00.000Z,True,,South 24 Parganas(DISTRICT MAGISTRATE SOUTH TWENTY FOUR PARGANAS_IDA)
223754,PCC work on the road from Shri Manoj Singh house to Shiva temple in Ibrahimpur Parasauni village of Baraparasuni Panchayat under Phenhara block,Normal/Others,Shri Manan Kumar Mishra (2024-28),Sitting Rajya Sabha,Bihar,Rajya Sabha,995704.0,2025-12-03T00:00:00.000Z,False,,PURBI CHAMPARAN(DISTRICT PLANNING OFFICER MOTHIHARI EAST CHAMPARAN_IDA)
182962,Installation of Solar Light at Creamation Ground.,Normal/Others,SAMBIT PATRA,PURI,Odisha,Lok Sabha,40000.0,2025-12-04T00:00:00.000Z,True,,PURI(DISTRICT COLLECTOR PURI_IDA)
188377,"Construction of a meeting hall in the tribal settlement of Ashok Nagar, Dhamangaon Taluka Igatpuri District Nashik Property No 1024",Normal/Others,RAJABHAU,NASHIK,Maharashtra,Lok Sabha,990000.0,2025-12-04T00:00:00.000Z,True,,NASHIK(DISTRICT COLLECTOR NASHIK_IDA)
202459,Construction of Stage Near Kathaumal Bazar managed by Maa Pathakhunda Yatra Committee,Normal/Others,PRADEEP PUROHIT,BARGARH,Odisha,Lok Sabha,200000.0,2025-12-05T00:00:00.000Z,True,,Baragada(DISTRICT COLLECTOR BARAGARH_IDA)
222654,Providing High Mast Lights in BC Locality at Bela,Normal/Others,GODAM NAGESH,ADILABAD,Telangana,Lok Sabha,499970.0,2025-12-06T00:00:00.000Z,True,,ADILABAD(DISTRICT COLLECTOR ADILABAD_IDA)
225780,Development of public parks,Normal/Others,Smt Veena Devi ,VAISHALI,Bihar,Lok Sabha,1472889.0,2025-12-06T00:00:00.000Z,True,,MUZAFFARPUR(DISTRICT PLANNING OFFICER MUZAFFARPUR_IDA)
1793,"Construction of two nos. of room, bathroom along with toilet in 1st floor of seva Bharti building at Jonha under angara block",Normal/Others,Shri Aditya Prasad (2022-28),Sitting Rajya Sabha,Jharkhand,Rajya Sabha,1450000.0,2025-12-07T00:00:00.000Z,False,,RANCHI(DEPUTY COMMISSIONER RANCHI_IDA)
238329,Paver block work in Godhavata village from Jayeshbhai Ramjibhai house towards Barbhaya road,Normal/Others,CHANDUBHAI CHHAGANBHAI SHIHORA,SURENDRANAGAR,Gujarat,Lok Sabha,199953.0,2025-12-07T00:00:00.000Z,False,,BOTAD(District collector Botad_IDA)
204726,For the construction of C.C. block from the house of Asuram Thakan towards the main road in Shivnagar village of Gram Panchayat Besaroli.,Normal/Others,Shri Pramod Tiwari (2022-28),Sitting Rajya Sabha,Rajasthan,Rajya Sabha,1499044.0,2025-12-07T00:00:00.000Z,True,,Didwana-Kuchaman(DISTRICT COLLECTOR Didwana Kuchaman_IDA)
208611,Construction of Internal CC Road from Gangamma Temple to P.Muneiah Doddi in Kanchanaputtur HW of Kanchanaputtur GP in BN Kandriga Mandal.,Normal/Others,Maddila Gurumoorthy,TIRUPATI,Andhra Pradesh,Lok Sabha,472238.0,2025-12-08T00:00:00.000Z,True,,Tirupati(DISTRICT COLLECTOR TIRUPATI_IDA)
208602,Construction of Internal CC Road from P Muneeswaraiah House to P Muneeswariah Animal shed in Kanchanaputtur H.W of Kanchanaputtur GP in BN Kandriga Mandal.,Normal/Others,Maddila Gurumoorthy,TIRUPATI,Andhra Pradesh,Lok Sabha,448136.0,2025-12-08T00:00:00.000Z,True,,Tirupati(DISTRICT COLLECTOR TIRUPATI_IDA)
176613,BHATHIJI TEMPLE FALIYA CEMENT CONCREAT ROAD WORK,Normal/Others,RAJPALSINH MAHENDRASINH JADAV,PANCHMAHAL,Gujarat,Lok Sabha,200000.0,2025-12-08T00:00:00.000Z,True,,PANCH MAHALS(DISTRICT COLLECTOR PANCHMAHALS_IDA)
149882,"Udupi District, Kapu Vidhan Sabha Constituency, Atradi Village, Atradi Shishu Mandir Road development work.",Normal/Others,KOTA SRINIVAS POOJARY,UDUPI CHIKMAGALUR,Karnataka,Lok Sabha,500000.0,2025-12-08T00:00:00.000Z,True,,UDUPI(DEPUTY COMMISSIONER UDUPI_IDA)
205422,saraiya me chatirwa va para kail sampark marg se barat ghar hote hue rajitram ke ghar tak interlocking work,Normal/Others,AWADHESH PRASAD,FAIZABAD,Uttar Pradesh,Lok Sabha,1944184.0,2025-12-08T00:00:00.000Z,False,,AYODHYA(DISTRICT MAGISTRAE FAIZABAD_IDA)
160928,C/o Community Tank Bharan Near Land of Mohan Singh GP Kathali Bharan Executive Agency SCSDO Rajgarh,Normal/Others,Suresh Kumar Kashyap,SHIMLA,Himachal Pradesh,Lok Sabha,200000.0,2025-12-08T00:00:00.000Z,False,,SIRMAUR(DEPUTY COMMISSIONER SIRMOUR_IDA)
196438,arthar pure abhayraj ka purwa me pm road se asha devi prajapati kr ghar tak cc road,Normal/Others,AWADHESH PRASAD,FAIZABAD,Uttar Pradesh,Lok Sabha,1746820.0,2025-12-08T00:00:00.000Z,False,,AYODHYA(DISTRICT MAGISTRAE FAIZABAD_IDA)
195999,Sharad Colony Padrauna mein Shiv Mandir se Rajput Colony Marg par 100 m CC Road ka Nirman Karya,Normal/Others,Shri Ratanjit Pratap Narain Singh (2024-30),Sitting Rajya Sabha,Uttar Pradesh,Rajya Sabha,894725.0,2025-12-08T00:00:00.000Z,False,,Kushinagar(DISTRICT MAGISTRATE KUSHINAGAR PADRAUNA_IDA)
186235,Purchase Of Water Tanker Hirri Tamia,Normal/Others,BUNTY VIVEK SAHU,CHHINDWARA,Madhya Pradesh,Lok Sabha,125000.0,2025-12-09T00:00:00.000Z,True,,CHHINDWARA(DISTRICT COLLECTOR CHHINDWARA_IDA)
182077,Construction of Dudh Mandali house at Goblaj Village,Normal/Others,Devusinh Jesingbhai Chauhan,KHEDA,Gujarat,Lok Sabha,400000.0,2025-12-09T00:00:00.000Z,True,,KHEDA(DISTRICT COLLECTOR KHEDA_IDA)
205022,"Installation of electricity operated  minimast light with 9 mtr pole and 4 no.200 watt light  at near Khirishkhali Hazi Para,Under Ramchandrakhali GP,Sub-District-Basanti,Villege-Khirishkhali Hazi Para",Normal/Others,Pratima Mondal ,JOYNAGAR,West Bengal,Lok Sabha,109956.0,2025-12-10T00:00:00.000Z,True,,South 24 Parganas(DISTRICT MAGISTRATE SOUTH TWENTY FOUR PARGANAS_IDA)
174538,"Construction of a tin shed with boundary wall height extension at Rajkiya Prathmik Vidyalaya, Rampura, Gram Panchayat Manpura Kharda, Gida, District Balotra",Normal/Others,Smt. Sonia Gandhi (2024-30),Sitting Rajya Sabha,Rajasthan,Rajya Sabha,999836.0,2025-12-11T00:00:00.000Z,False,,Balotra(DISTRICT COLLECTOR Balotra_IDA)
229620,Gram Panchyat Nibora kala me Estimat for Installation of 1 No.40 W Semi Integrated solar Light on 6 m G.I.Pole ki khareed,Normal/Others,RAHUL SINGH LODHI,DAMOH,Madhya Pradesh,Lok Sabha,135468.0,2025-12-11T00:00:00.000Z,True,,DAMOH(DISTRICT COLLECTOR DAMOH_IDA)
198128,Undel game Umiya Colony ma C.C Road nu Kam,Normal/Others,Mitesh Rameshbhai Bakabhai Patel,ANAND,Gujarat,Lok Sabha,450000.0,2025-12-11T00:00:00.000Z,False,,ANAND(District Collector ANAND_IDA)
190150,Construction of flood cntrol embankment from mauja badhaiya dev block mashobra,Normal/Others,Shri Harsh Mahajan (2024-30),Sitting Rajya Sabha,Himachal Pradesh,Rajya Sabha,200000.0,2025-12-11T00:00:00.000Z,False,,SHIMLA(DEPUTY COMMISSIONER SHIMLA_IDA)
231473,Construction of of Semi high must ligt near Prabhat Sangha at Kolorah II G .P  of A.C 174 under MPLAD,Normal/Others,Prasun Banerjee,HOWRAH,West Bengal,Lok Sabha,149830.0,2025-12-11T00:00:00.000Z,True,,HOWRAH(DISTRICT MAGISTRATE HOWRAH_IDA)
154278,Construction of community fishery at Bithiphang No. 2 Dili Terang Gaon,Normal/Others,AMARSING TISSO,Diphu,Assam,Lok Sabha,1499178.0,2025-12-11T00:00:00.000Z,False,,KARBI ANGLONG(DEPUTY COMMISSIONER KARBI ANGLONG_IDA)
231475,Construction of of Semi high must ligt near New Kolorah Barowaritala Math at Kolorah II G .P  of A.C 174 under MPLAD,Normal/Others,Prasun Banerjee,HOWRAH,West Bengal,Lok Sabha,149830.0,2025-12-11T00:00:00.000Z,True,,HOWRAH(DISTRICT MAGISTRATE HOWRAH_IDA)
181187,"Construction of PDS Shop in Ward No 59, Mannarpuram Middle street,  Near Old RTO Office",Normal/Others,DURAI VAIKO,TIRUCHIRAPPALLI,Tamil Nadu,Lok Sabha,1690554.0,2025-12-11T00:00:00.000Z,False,,TIRUCHIRAPPALLI(DISTRICT COLLECTOR TIRUCHIRAPPALLI_IDA)
188766,"RCC Sitting Bench In Vill. New Salempura, Block Sidhwan Bet, Distt. Ludhiana",Normal/Others,AMRINDER SINGH RAJA WARRING,LUDHIANA,Punjab,Lok Sabha,84000.0,2025-12-11T00:00:00.000Z,True,,LUDHIANA(DEPUTY COMMISSIONER LUDHIANA_IDA)
236709,"Three CCTV cameras have been installed at Auarai Mod, covering Wards No. 03 and 04 under Runisaidpur Police Station, Sitamarhi, to enhance surveillance and ensure public safety at this strategic junction.",Normal/Others,DEVESH CHANDRA THAKUR,SITAMARHI,Bihar,Lok Sabha,375000.0,2025-12-12T00:00:00.000Z,True,,SITAMARHI(DISTRICT PLANNING OFFICER SITAMARHI_IDA)
158524,Vikash khand Naraini ke gram panchayat Karatal me sc abadi ke paas Mathiya Dai ke paas sarwajanik sthan par high mast light sthapana karya,Normal/Others,KRISHNA DEVI SHIVSHANKER PATEL,BANDA,Uttar Pradesh,Lok Sabha,232198.0,2025-12-12T00:00:00.000Z,True,,BANDA(DISTRICT MAGISTRATE BANDA_IDA)
134480,Construction work of 20 feet × 15 feet covered community chaupal.,Normal/Others,Dr. Bhim Singh (2024-30),Sitting Rajya Sabha,Bihar,Rajya Sabha,526439.0,2025-12-12T00:00:00.000Z,False,,PATNA(DISTRICT PLANNING OFFICER PATNA_IDA)
158505,Vikash khand Mahua ke gram panchayat Malehara Niwada me sc abadi ke paas Karan Yadav ke ghar ke paas sarwajanik sthan par high mast light sthapana karya,Normal/Others,KRISHNA DEVI SHIVSHANKER PATEL,BANDA,Uttar Pradesh,Lok Sabha,232198.0,2025-12-12T00:00:00.000Z,True,,BANDA(DISTRICT MAGISTRATE BANDA_IDA)
152884,"ANTARRAJIY MARG CHEKPOST KE PASS CCTV CAMERA STHAPNA, PARSAPALI ""A""",Normal/Others,ROOP KUMARI CHOUDHARY,MAHASAMUND,Chhattisgarh,Lok Sabha,343912.0,2025-12-12T00:00:00.000Z,True,,MAHASAMUND(DISTRICT COLLECTOR MAHASAMUND_IDA)
227546,Purchase and Providing one tractor and water tanker for drinking water purposes,Normal/Others,Shri  Dharambir Singh,BHIWANI MAHENDRAGARH,Haryana,Lok Sabha,570000.0,2025-12-12T00:00:00.000Z,False,,Charkhi Dadri(Deputy Commissioner Charkhi Dadri_IDA)
197754,Purchase and providing one water tanker to GP for drinking water purposes,Normal/Others,Shri  Dharambir Singh,BHIWANI MAHENDRAGARH,Haryana,Lok Sabha,190000.0,2025-12-12T00:00:00.000Z,False,,Charkhi Dadri(Deputy Commissioner Charkhi Dadri_IDA)
167668,"Providing Mini Mass Light near Kandanur Palaiyur theatre Bus Stop, 3rd Ward in Kandanur Town Panchayat",Normal/Others,Shri Karti P Chidambaram ,SIVAGANGA,Tamil Nadu,Lok Sabha,492023.0,2025-12-12T00:00:00.000Z,True,,SIVAGANGA(DISTRICT COLLECTOR SIVAGANGA_IDA)
192282,Installing a big hand pump (India Mark III) at a public place,Normal/Others,Dr. Bhim Singh (2024-30),Sitting Rajya Sabha,Bihar,Rajya Sabha,81822.0,2025-12-12T00:00:00.000Z,True,,PATNA(DISTRICT PLANNING OFFICER PATNA_IDA)
192014,"Construction of Street by laying Interlock tiles From house of Bikkar Singh to Park and house of Gurpreet Singh Gora to Main Road in Vill. Galib Khurd, Block Jagraon, Distt. Ludhiana",Normal/Others,AMRINDER SINGH RAJA WARRING,LUDHIANA,Punjab,Lok Sabha,500000.0,2025-12-12T00:00:00.000Z,True,,LUDHIANA(DEPUTY COMMISSIONER LUDHIANA_IDA)
224417,Providing of Gravel Road From Budda town Ship to Hindu Burial ground at Sivanadapuram in 15th Division Kadapa Est,Normal/Others,Shri Ryaga Krishnaiah (2024-28),Sitting Rajya Sabha,Andhra Pradesh,Rajya Sabha,992190.0,2025-12-12T00:00:00.000Z,True,,Y.S.R. Kadapa(DISTRICT COLLECTOR CUDDAPAH_IDA)
225891,Construction of Water Tank at Chopnu Village in Longding District,Normal/Others,Shri Tapir Gao,ARUNACHAL EAST,Arunachal Pradesh,Lok Sabha,300000.0,2025-12-12T00:00:00.000Z,True,,LONGDING(Deputy Commisioner Longding_IDA)
236708,"Two CCTV cameras have been installed at Katra Mod, covering Ward No. 15 under Runisaidpur Police Station, Sitamarhi, to enhance surveillance and ensure public safety at this junction.",Normal/Others,DEVESH CHANDRA THAKUR,SITAMARHI,Bihar,Lok Sabha,250000.0,2025-12-12T00:00:00.000Z,True,,SITAMARHI(DISTRICT PLANNING OFFICER SITAMARHI_IDA)
158497,Vikash khand Baberu ke gram panchayat Marka ka majra Usara dera me sarwajanik sthan par high mast light sthapana karya,Normal/Others,KRISHNA DEVI SHIVSHANKER PATEL,BANDA,Uttar Pradesh,Lok Sabha,232198.0,2025-12-12T00:00:00.000Z,True,,BANDA(DISTRICT MAGISTRATE BANDA_IDA)
196327,"supply of new electric connection in dhani of sh Ankit son Ram parkash of dhani Ghuskani app no B12-425-3,305,289 mobile 9466816237",Normal/Others,JAI PARKASH,HISAR,Haryana,Lok Sabha,93120.0,2025-12-12T00:00:00.000Z,False,,BHIWANI(DC Cum Nodal Officer MPLADS Bhiwani)
195162,"Construction of paver block pathway from awadhesh kumar ji house towards santosh ji house in gautam green city, getlatu, kadal under kanke block",Normal/Others,Shri Aditya Prasad (2022-28),Sitting Rajya Sabha,Jharkhand,Rajya Sabha,1400000.0,2025-12-14T00:00:00.000Z,False,,RANCHI(DEPUTY COMMISSIONER RANCHI_IDA)
195150,"Construction of paver block pathway in both side from Tonko Petrol pump towards Akhada in vill-Tonko, Chandaghasi in Namkom Block in Ranchi district",Normal/Others,Shri Aditya Prasad (2022-28),Sitting Rajya Sabha,Jharkhand,Rajya Sabha,1200000.0,2025-12-14T00:00:00.000Z,False,,RANCHI(DEPUTY COMMISSIONER RANCHI_IDA)
193990,Construction of PCC road in Sikariya Village of Noni Panchayat from Community Centre to Ramdhayan Daas House,Normal/Others,ABHAY KUMAR SINHA,AURANGABAD,Bihar,Lok Sabha,497741.0,2025-12-15T00:00:00.000Z,False,,GAYA(DISTRICT PLANNING OFFICER GAYA_IDA)
158562,Vikash khand Naraini ke gram panchayat Tarsuma me sc abadi ke paas Kalika mandir ke sthan ke paas sarwajanik sthan par high mast light sthapana karya,Normal/Others,KRISHNA DEVI SHIVSHANKER PATEL,BANDA,Uttar Pradesh,Lok Sabha,232197.0,2025-12-15T00:00:00.000Z,True,,BANDA(DISTRICT MAGISTRATE BANDA_IDA)
158559,Vikash khand Naraini ke gram panchayat Masauni Bharatpur me ganv ke beech me sc abadi ke paas school ke paas sarwajanik sthan par high mast light sthapana karya,Normal/Others,KRISHNA DEVI SHIVSHANKER PATEL,BANDA,Uttar Pradesh,Lok Sabha,232197.0,2025-12-15T00:00:00.000Z,True,,BANDA(DISTRICT MAGISTRATE BANDA_IDA)
205030,"Sinking of electrically operated submersible pump with over head tank nad soakpit chamber near the house of Eyasin Deayan,Under Kanthalberia GP,Mouza-Kanthalberia,J.L-74,Plot No-20,",Normal/Others,Pratima Mondal ,JOYNAGAR,West Bengal,Lok Sabha,348094.0,2025-12-15T00:00:00.000Z,True,,South 24 Parganas(DISTRICT MAGISTRATE SOUTH TWENTY FOUR PARGANAS_IDA)
158543,Vikash khand Bisanda ke gram panchayat Oran me sc abadi ke paas Trilochani Devi ke sthan ke paas sarwajanik sthan par high mast light sthapana karya,Normal/Others,KRISHNA DEVI SHIVSHANKER PATEL,BANDA,Uttar Pradesh,Lok Sabha,232197.0,2025-12-16T00:00:00.000Z,True,,BANDA(DISTRICT MAGISTRATE BANDA_IDA)
194725,"Junagadh District,Visavadar Taluka,Navaniya Village,Paver block work from the main market to the house of Vitthalbhai Tapubhai Hirpara in Navania village",Normal/Others,Rajeshbhai Naranbhai Chudasama,JUNAGADH,Gujarat,Lok Sabha,250000.0,2025-12-16T00:00:00.000Z,True,,JUNAGADH(DISTRICT COLLECTOR JUNAGADH_IDA)
164893,5. SMART BOARD WITH INVERTER IN GSSS SAGRON KI BASTI,Normal/Others,UMMEDA RAM BENIWAL,BARMER,Rajasthan,Lok Sabha,149500.0,2025-12-16T00:00:00.000Z,False,,JAISALMER(DISTRICT COLLECTOR JAISLAMER_IDA)
154113,Vikas khand Sangipur ke Gram Mangapur Pure Kunjan me Sukhdev Ke ghar se Madaha Se Shree Ram Yadav Ke Ghar tak Interlocking Road,Normal/Others,DR. S P SINGH,PRATAPGARH,Uttar Pradesh,Lok Sabha,335625.0,2025-12-16T00:00:00.000Z,False,,PRATAPGARH(DISTRICT MAGISTRAE PRATAPGARH_IDA)
209255,Janpad Udham Singh Nagar ke antargat gram banskheda Mein VijayRampura Colony Mein Park Nirman,Normal/Others,Ajay Bhatt,NAINITAL UDHAM SINGH NAG.,Uttarakhand,Lok Sabha,248588.0,2025-12-16T00:00:00.000Z,False,,Udham Singh Nagar(DISTRICT MAGISTRATE UDHAMSINGH NAGAR_IDA)
158547,Vikash khand Bisanda ke gram panchayat Utarawan ke Nandawa Baba me sarwajanik sthan par high mast light sthapana karya,Normal/Others,KRISHNA DEVI SHIVSHANKER PATEL,BANDA,Uttar Pradesh,Lok Sabha,232197.0,2025-12-16T00:00:00.000Z,True,,BANDA(DISTRICT MAGISTRATE BANDA_IDA)
196326,supply of new electric connection in dhani of smt shakuntla devi wife sumer singh dhani satrod kalan 7988230790,Normal/Others,JAI PARKASH,HISAR,Haryana,Lok Sabha,258998.0,2025-12-16T00:00:00.000Z,False,,HISAR(DEPUTY COMMISSIONER HISSAR_IDA)
214874,HIGH MAST LIGHT WITH FOUR LED RECOMMENDED IN MY CONSTITUENCY NAGINA BY IMPLEMNETING AGENCY PCCD BIJNORE,Normal/Others,CHANDRA SHEKHAR,NAGINA,Uttar Pradesh,Lok Sabha,106850.0,2025-12-17T00:00:00.000Z,True,,BIJNOR(DISTRICT MAGISTRATE BIJNOR_IDA)
215105,HIGH MAST LIGHT WITH FOUR LED RECOMMENDED IN MY CONSTITUENCY NAGINA BY IMPLEMNETING AGENCY PCCD BIJNORE,Normal/Others,CHANDRA SHEKHAR,NAGINA,Uttar Pradesh,Lok Sabha,106850.0,2025-12-17T00:00:00.000Z,True,,BIJNOR(DISTRICT MAGISTRATE BIJNOR_IDA)
215092,HIGH MAST LIGHT WITH FOUR LED RECOMMENDED IN MY CONSTITUENCY NAGINA BY IMPLEMNETING AGENCY PCCD BIJNORE,Normal/Others,CHANDRA SHEKHAR,NAGINA,Uttar Pradesh,Lok Sabha,106850.0,2025-12-17T00:00:00.000Z,True,,BIJNOR(DISTRICT MAGISTRATE BIJNOR_IDA)
219240,Providing CC Road at Thiruvalluvar Nagar  Ward No 12 at Gudalur Municipality,Normal/Others,Andimuthu Raja,NILGIRIS,Tamil Nadu,Lok Sabha,1500000.0,2025-12-17T00:00:00.000Z,False,,THE NILGIRIS(DISTRICT COLLECTOR NILGIRIS_IDA)
214869,HIGH MAST LIGHT WITH FOUR LED RECOMMENDED IN MY CONSTITUENCY NAGINA BY IMPLEMNETING AGENCY PCCD BIJNORE,Normal/Others,CHANDRA SHEKHAR,NAGINA,Uttar Pradesh,Lok Sabha,106850.0,2025-12-17T00:00:00.000Z,True,,BIJNOR(DISTRICT MAGISTRATE BIJNOR_IDA)
214868,HIGH MAST LIGHT WITH FOUR LED RECOMMENDED IN MY CONSTITUENCY NAGINA BY IMPLEMNETING AGENCY PCCD BIJNORE,Normal/Others,CHANDRA SHEKHAR,NAGINA,Uttar Pradesh,Lok Sabha,106850.0,2025-12-17T00:00:00.000Z,True,,BIJNOR(DISTRICT MAGISTRATE BIJNOR_IDA)
215297,CC Road from Main Road to Radha House and Lakshmi Narasimhulu House to Narasimhulu House in Kondamarri GP,Normal/Others,Midhun Reddy,RAJAMPET,Andhra Pradesh,Lok Sabha,163246.0,2025-12-17T00:00:00.000Z,True,,CHITTOOR(DISTRICT COLLECTOR CHITTOOR_IDA)
163580,"Construction of from Talvhanra Tarni chowk to Hatikhoj Road, village - Talvhanra, G P- Belkhandi in Kesinga Block",Normal/Others,MALVIKA DEVI,KALAHANDI,Odisha,Lok Sabha,200000.0,2025-12-17T00:00:00.000Z,False,,KALAHANDI(DISTRICT COLLECTOR KALAHANDI_IDA)
231950,Sonbarsa Prakhand antargat Kashnagar Panchayat ke Simariya Ward No-6 Hanuman Mandir ke bagal mey Dakshin taraf High Mast Light ka Adhisthapan.,Normal/Others,Dinesh Chandra Yadav,MADHEPURA,Bihar,Lok Sabha,697000.0,2025-12-17T00:00:00.000Z,False,,SAHARSA(DISTRICT PLANNING OFFICER SAHARSA_IDA)
231953,"Patarghat Prakhand antargat Bishanpur Panchayat ke Bishanpur, Kahra mor par High Mast Light ka Adhisthapan.",Normal/Others,Dinesh Chandra Yadav,MADHEPURA,Bihar,Lok Sabha,697000.0,2025-12-17T00:00:00.000Z,False,,SAHARSA(DISTRICT PLANNING OFFICER SAHARSA_IDA)
216600,"Strengthing the road from chennimalai panchayat union to Kuttapalayam Panchayat Karukkankattuvalasu, Vaikkalmedu Road (2025-2026)",Repair and Renovation,K E PRAKASH,ERODE,Tamil Nadu,Lok Sabha,1798140.0,2025-12-18T00:00:00.000Z,False,,ERODE(DISTRICT_COLLECTORE_ERODE_IDA)
215191,HIGH MAST LIGHT WITH FOUR LED RECOMMENDED IN MY CONSTITUENCY NAGINA BY IMPLEMNETING AGENCY PCCD BIJNORE,Normal/Others,CHANDRA SHEKHAR,NAGINA,Uttar Pradesh,Lok Sabha,106850.0,2025-12-18T00:00:00.000Z,True,,BIJNOR(DISTRICT MAGISTRATE BIJNOR_IDA)
208626,12-street ligts,Normal/Others,Gyaneshwar Patil,KHANDWA,Madhya Pradesh,Lok Sabha,541872.0,2025-12-18T00:00:00.000Z,True,,Khandwa (East Nimar)(DISTRICT COLLECTOR EAST NIMAR_IDA)
215201,HIGH MAST LIGHT WITH FOUR LED RECOMMENDED IN MY CONSTITUENCY NAGINA BY IMPLEMNETING AGENCY PCCD BIJNORE,Normal/Others,CHANDRA SHEKHAR,NAGINA,Uttar Pradesh,Lok Sabha,106850.0,2025-12-18T00:00:00.000Z,True,,BIJNOR(DISTRICT MAGISTRATE BIJNOR_IDA)
215207,HIGH MAST LIGHT WITH FOUR LED RECOMMENDED IN MY CONSTITUENCY NAGINA BY IMPLEMNETING AGENCY PCCD BIJNORE,Normal/Others,CHANDRA SHEKHAR,NAGINA,Uttar Pradesh,Lok Sabha,106850.0,2025-12-18T00:00:00.000Z,True,,BIJNOR(DISTRICT MAGISTRATE BIJNOR_IDA)
215204,HIGH MAST LIGHT WITH FOUR LED RECOMMENDED IN MY CONSTITUENCY NAGINA BY IMPLEMNETING AGENCY PCCD BIJNORE,Normal/Others,CHANDRA SHEKHAR,NAGINA,Uttar Pradesh,Lok Sabha,106850.0,2025-12-18T00:00:00.000Z,True,,BIJNOR(DISTRICT MAGISTRATE BIJNOR_IDA)
225032,PEWER BLOCK WORK IN VERAMA  SOLANKI YOGENDRASINH FLIYA,Normal/Others,RAJPALSINH MAHENDRASINH JADAV,PANCHMAHAL,Gujarat,Lok Sabha,150000.0,2025-12-18T00:00:00.000Z,True,,Mahisagar(COLLECTOR MAHISAGAR_IDA)
142374,Concreting of Asramam – Mulackal Road.,Normal/Others,Anto Antony,PATHANAMTHITTA,Kerala,Lok Sabha,409488.0,2025-12-18T00:00:00.000Z,True,,PATHANAMTHITTA(DISTRICT COLLECTOR PATHANAMTHITTA_IDA)
218128,"Gir Somnath District,Sutrapada Taluka,Anandpara village, Paver block work in the public area of Ramdevji Temple in Anandpara village",Normal/Others,Rajeshbhai Naranbhai Chudasama,JUNAGADH,Gujarat,Lok Sabha,247234.0,2025-12-19T00:00:00.000Z,True,,GIR SOMNATH(DISTRICT COLLECTOR GIR SOMNATH_IDA)
216777,Construction of Paver Block Work at bhimsinh Chauhan house Area,Normal/Others,Devusinh Jesingbhai Chauhan,KHEDA,Gujarat,Lok Sabha,150000.0,2025-12-19T00:00:00.000Z,False,,KHEDA(DISTRICT COLLECTOR KHEDA_IDA)
226478,CC work from tikam house to pitam singh house  in village sikatara block etmadpur,Normal/Others,Prof SP Singh Baghel,AGRA,Uttar Pradesh,Lok Sabha,2153987.0,2025-12-19T00:00:00.000Z,True,,AGRA(DISTRICT MAGISTRAE AGRA_IDA)
191496,"Patna Jila ke Ward no. 34 me Sangam Vihar Colony, Mithila Nagar, Biscuit factory road (Danapur)  me Sanjay Chaudhary ke makan se Winsome Empire Apartment Mukhye Nala tak RCC Nala ka nirman Karye.",Normal/Others,Dr. Faiyaz Ahmad (2022-28),Sitting Rajya Sabha,Bihar,Rajya Sabha,1483800.0,2025-12-20T00:00:00.000Z,False,,PATNA(DISTRICT PLANNING OFFICER PATNA_IDA)
187490,Construction of Compound wall to Government lower Primary School at Narayanapura Palya village,Normal/Others,GOVIND MAKTHAPPA KARJOL,CHITRADURGA,Karnataka,Lok Sabha,499964.0,2025-12-20T00:00:00.000Z,True,,TUMAKURU(DEPUTY COMMISSIONER TUMKUR_IDA)
237920,Sudesh Kr Panwar Ke Yaha Electrification Ke liye estimate attached,Normal/Others,HARENDRA SINGH MALIK,MUZAFFARNAGAR,Uttar Pradesh,Lok Sabha,26669.0,2025-12-20T00:00:00.000Z,False,,MUZAFFARNAGAR(DISTRICT MAGISTRATE MUZAFFARNAGAR_IDA)
226214,Construction of CC Drain near Donyi Polo road Itanagar,Normal/Others,Kiren Rijiju,ARUNACHAL WEST,Arunachal Pradesh,Lok Sabha,1500000.0,2025-12-20T00:00:00.000Z,True,,PAPUM PARE(DEPUTY COMMISSIONER PAPUM PARE_IDA)
213216,Installation of high mass lights near Mallasamudram Panchayat Sandai Pettai (12 mts ladder type 200 watts LED  6 Nos.),Normal/Others,V S Matheswaran,NAMAKKAL,Tamil Nadu,Lok Sabha,380000.0,2025-12-20T00:00:00.000Z,False,,NAMAKKAL(DISTRICT COLLECTOR NAMAKKAL_IDA)
139440,"Installation of semi high mast light at the intersection near Anil Pradhan's house in village Babhanouli Kalan (Pashaikalan), village  Block Robertsganj",Normal/Others,CHHOTELAL,ROBERTSGANJ,Uttar Pradesh,Lok Sabha,260000.0,2025-12-20T00:00:00.000Z,False,,SONBHADRA(DISTRICT MAGISTRATE SONBHADRA_IDA)
176679,Installation of Minimast light (motorized) in public road in front of Sree Vinayaka Temple Kummallur Adichanalloor GP at Chathanoor Constituency,Normal/Others,Shri NK Premachandran,KOLLAM,Kerala,Lok Sabha,330325.0,2025-12-20T00:00:00.000Z,False,,KOLLAM(DISTRICT COLLECTOR KOLLAM_IDA)
198500,GRAM PANCHAYAT MAHULARA VIKAS KHAND MILKIPUR ME HARJAN BASTI MUSE RAIDAS KE GHAR KE PAS TIRAHE PAR AVDHESH YADAV 9984877412,Normal/Others,AWADHESH PRASAD,FAIZABAD,Uttar Pradesh,Lok Sabha,245311.0,2025-12-21T00:00:00.000Z,True,,AYODHYA(DISTRICT MAGISTRAE FAIZABAD_IDA)
195402,Construction of Street from Bara Singh to Kaur Singh house,Normal/Others,Smt Harsimrat Kaur Badal,BHATINDA,Punjab,Lok Sabha,373359.0,2025-12-22T00:00:00.000Z,True,,BATHINDA(DEPUTY COMMISSIONER BHATINDA_IDA)
222786,Water Cooler (voltas) with water supply connection near shahid ramkishor samadhi,Normal/Others,Shri B.L. Verma (2020-26),Sitting Rajya Sabha,Uttar Pradesh,Rajya Sabha,303496.0,2025-12-22T00:00:00.000Z,True,,BUDAUN(DISTRICT MAGISTRATE BUDAUN_IDA)
162480,"Installation of Solar Light at near resident of Sh. Anil Mishra, Public Place, 874, Amawan Road, Ward No. 7 Ratapur, Rae Bareli at the request of Sh. Anil Mishra, Mob: 9450059964",Normal/Others,RAHUL GANDHI,RAE BARELI,Uttar Pradesh,Lok Sabha,19199.0,2025-12-22T00:00:00.000Z,True,,RAE BARELI(DISTRICT MAGISTRATE RAE BARELI_IDA)
207413,Installation of solar street light near the house of Dilip Kumar in Robertsganj NP Churk Ward No 5 in Block Robertsganj,Normal/Others,CHHOTELAL,ROBERTSGANJ,Uttar Pradesh,Lok Sabha,25000.0,2025-12-23T00:00:00.000Z,False,,SONBHADRA(DISTRICT MAGISTRATE SONBHADRA_IDA)
150238,"Construction work of C.C. road from the house of Kanik Ram Yadav to the house of Satyadev Verma, Chhotelal Verma in village Raghavapur,  block Parasrampur 50 metre",Normal/Others,RAM PRASAD CHAUDHARY,BASTI,Uttar Pradesh,Lok Sabha,326506.0,2025-12-23T00:00:00.000Z,True,,BASTI(DISTRICT MAGISTRATE BASTI_IDA)
179488,"Construction  of passenger shed at Chinar Mandir  Opposite Degree College Batote, Ward No. 4, Pyt.  Batote, Batote, Ramban",Normal/Others,Jitendra Singh,UDHAMPUR,Jammu And Kashmir,Lok Sabha,160000.0,2025-12-23T00:00:00.000Z,True,,RAMBAN(Deputy Commissioner Ramban_IDA)
157732,Vidhansabha maharajpur ke antargat ward-41 rajendra puram society me Highmast light ka Adhisthapan karya.,Normal/Others,Devendra Alias Bhole Singh,AKBARPUR,Uttar Pradesh,Lok Sabha,529426.0,2025-12-23T00:00:00.000Z,True,,KANPUR NAGAR(DISTRICT MAGISTRAE KANPUR NAGAR_IDA)
196789,"Augumenatation of PWS Scheme at Gundlurivaripalle, Ammagaripalli GP",Normal/Others,Midhun Reddy,RAJAMPET,Andhra Pradesh,Lok Sabha,68520.0,2025-12-23T00:00:00.000Z,True,,CHITTOOR(DISTRICT COLLECTOR CHITTOOR_IDA)
147232,CHAR DIWARI NIRMAN KARY SAMUDAYIK BHAWAN MANDPIYA GP.- SURAWAS P.S.- SHAHARA,Normal/Others,DAMODAR AGARWAL,BHILWARA,Rajasthan,Lok Sabha,499977.0,2025-12-23T00:00:00.000Z,False,,BHILWARA(DISTRICT COLLECTOR BHILWARA_IDA)
196763,"Augumenatation of PWS Scheme at Thatiguntapalem, Thatiguntapalem  GP",Normal/Others,Midhun Reddy,RAJAMPET,Andhra Pradesh,Lok Sabha,102397.0,2025-12-23T00:00:00.000Z,True,,CHITTOOR(DISTRICT COLLECTOR CHITTOOR_IDA)
160916,"Construction of New Building, Executive Agency - Chairman Rampurhat Municipalty .",Normal/Others,Smt Satabdi Roy (Banerjee),BIRBHUM,West Bengal,Lok Sabha,299434.0,2025-12-23T00:00:00.000Z,True,,BIRBHUM(DISTRICT MAGISTRATE BIRBHUM_IDA)
205593,Installation of solar street light near Hanuman Mandir Pokhara in Gram Panchayat Mushi.,Normal/Others,CHHOTELAL,ROBERTSGANJ,Uttar Pradesh,Lok Sabha,25000.0,2025-12-23T00:00:00.000Z,False,,SONBHADRA(DISTRICT MAGISTRATE SONBHADRA_IDA)
165762,CONSTRUCTION of zep road from pwd road to the house of Ravan singh ward no1 vill samun,Normal/Others,RAJEEV BHARDWAJ,KANGRA,Himachal Pradesh,Lok Sabha,195017.0,2025-12-23T00:00:00.000Z,True,,KANGRA(DEPUTY COMMISSIONER KANGRA_IDA)
192234,Purchase an Ambulance with AC facility in favour of Dighirpar Gram Panchayet,Normal/Others,Pratima Mondal ,JOYNAGAR,West Bengal,Lok Sabha,1399990.0,2025-12-23T00:00:00.000Z,True,,South 24 Parganas(DISTRICT MAGISTRATE SOUTH TWENTY FOUR PARGANAS_IDA)
191440,Improvement of road from NH-63 to Kasanajkandi road via Devanakeri under koppal parlimentary constituency.,Normal/Others,K. RAJASHEKAR BASAVARAJ HITNAL,KOPPAL,Karnataka,Lok Sabha,497390.0,2025-12-23T00:00:00.000Z,True,,KOPPAL(DEPUTY COMMISSIONER KOPPAL_IDA)
170105,Fathimapuram place solar hymas light,Normal/Others,Shri vijayakumar Vasanth,KANNIYAKUMARI,Tamil Nadu,Lok Sabha,749813.0,2025-12-23T00:00:00.000Z,True,,KANNIYAKUMARI(DISTRICT COLLECTOR KANNIYAKUMARI_IDA)
207418,Solar street light installation near Gorakhnath God house in Markundi of Robertsganj NP Ghurma in Block Robertsganj,Normal/Others,CHHOTELAL,ROBERTSGANJ,Uttar Pradesh,Lok Sabha,25000.0,2025-12-23T00:00:00.000Z,False,,SONBHADRA(DISTRICT MAGISTRATE SONBHADRA_IDA)
225979,Construction of Irrigation Channel at Pame in East Siang District,Normal/Others,Shri Tapir Gao,ARUNACHAL EAST,Arunachal Pradesh,Lok Sabha,500000.0,2025-12-23T00:00:00.000Z,False,,EAST SIANG(Deputy Commisioner East Siang_IDA)
211825,Block Desri Ke Panchayat Jafarbad ke Gram Khoksa Kalyan Ward No. 1 me Nagina Paswan ke Ghar Se Dinesh Paswan ke Ghar Tak PCC Sadak Nirman,Normal/Others,CHIRAG PASWAN,HAJIPUR,Bihar,Lok Sabha,987725.0,2025-12-24T00:00:00.000Z,False,,VAISHALI(DISTRICT PLANNING OFFICER VAISHALI_IDA)
209981,"construction of footpath at muneshwara swamy layout, ward no.148, Bangalore BTM constituency",Normal/Others,Shri G.C. Chandrashekhar (2024-30),Sitting Rajya Sabha,Karnataka,Rajya Sabha,499225.0,2025-12-24T00:00:00.000Z,False,,BENGALURU URBAN(DEPUTY COMMISSIONER BANGALORE URBAN_IDA)
185658,Construction of PCC road from the house of Binde das to PWD road in ward 10 of Balbhadrapur village.,Normal/Others,RAJ BHUSHAN CHOUDHARY,MUZAFFARPUR,Bihar,Lok Sabha,570930.0,2025-12-25T00:00:00.000Z,True,,MUZAFFARPUR(DISTRICT PLANNING OFFICER MUZAFFARPUR_IDA)
174435,"Purchase a computer at Shri Mahatma Gandhi Rajkiya Uchchatar Madhyamik Vidyalaya, Meja, Tehsil- Mandal, District Bhilwara",Normal/Others,Smt. Sonia Gandhi (2024-30),Sitting Rajya Sabha,Rajasthan,Rajya Sabha,49950.0,2025-12-25T00:00:00.000Z,False,,BHILWARA(DISTRICT COLLECTOR BHILWARA_IDA)
186126,Vachnalay Bhawan nirman kary RA.U.MA.V. Thana Vill-Thana GP-Thana PS-Kareda,Normal/Others,DAMODAR AGARWAL,BHILWARA,Rajasthan,Lok Sabha,399237.0,2025-12-25T00:00:00.000Z,False,,BHILWARA(DISTRICT COLLECTOR BHILWARA_IDA)
147105,SAMUDAYIK BHAWAN VISTAR NIRMAN BRAMNO KA MOHLLA,Normal/Others,DAMODAR AGARWAL,BHILWARA,Rajasthan,Lok Sabha,499464.0,2025-12-25T00:00:00.000Z,False,,BHILWARA(DISTRICT COLLECTOR BHILWARA_IDA)
162015,"Mini Mast Light at  Poolakkund Laksham Veedu area ,ward-10,in Ottappalam Municipality.",Normal/Others,Vellalath Kochukrishnan Nair Sreekandan,PALAKKAD,Kerala,Lok Sabha,190005.0,2025-12-26T00:00:00.000Z,False,,PALAKKAD(DISTRICT COLLECTOR PALAKKAD_IDA)
174145,Regarding for giving single septic vacuum of 6000 ltr water tanker to Village.  (SC),Normal/Others,Shri Sant Balbir Singh (2022-28),Sitting Rajya Sabha,Punjab,Rajya Sabha,375000.0,2025-12-26T00:00:00.000Z,True,,LUDHIANA(DEPUTY COMMISSIONER LUDHIANA_IDA)
193991,Roads work,Repair and Renovation,UJJWAL RAMAN SINGH,ALLAHABAD,Uttar Pradesh,Lok Sabha,9276051.0,2025-12-26T00:00:00.000Z,True,,PRAYAGRAJ(DISTRICT MAGISTRAE ALLAHABAD_IDA)
191703,construction of lane by the way of GII and GIIIfrom the house of rafeeq ahmed to the house of khursheed ahmed at tajdin colony rambagh,Normal/Others,AGA SYED RUHULLAH MEHDI,SRINAGAR,Jammu And Kashmir,Lok Sabha,82688.0,2025-12-26T00:00:00.000Z,True,,SRINAGAR(DEPUTY COMMISSIONER SRINAGAR_IDA)
219469,Construction and additional Work of Ramgarhia Dharmshala Village Rureke Khurd Block Barnala,Normal/Others,GURMEET SINGH MEET HAYER,SANGRUR,Punjab,Lok Sabha,300000.0,2025-12-26T00:00:00.000Z,True,,BARNALA(DEPUTY COMMISSIONER BARNALA_IDA)
164776,"Construction of Additional Classroom in Panchayat Union Primary School,Puravi Palayam,Thanthoni Union and Puliyur Town Panchayat.",Normal/Others,Smt S Jothimani,KARUR,Tamil Nadu,Lok Sabha,1499620.0,2025-12-26T00:00:00.000Z,False,,KARUR(DISTRICT COLLECTOR KARUR_IDA)
209279,To provide water tanker in Village Alikan,Normal/Others,SELJA,SIRSA,Haryana,Lok Sabha,175000.0,2025-12-26T00:00:00.000Z,True,,SIRSA(DEPUTY COMMISSIONER SIRSA_IDA)
223352,Vahivati ward No.06 ma avel Veer Bhagatsingh Prathmik school Fatipura khate shed banavva ni kamgiri,Normal/Others,DR. HEMANG JOSHI,VADODARA,Gujarat,Lok Sabha,490000.0,2025-12-27T00:00:00.000Z,True,,VADODARA(DISTRICT COLLECTOR VADODARA_IDA)
204123,"Laying of CC Road from Water Tank to Bastepuram Anthaiah (H) at Ikkareddypally, Hamlet of Chanvelly (V) of Chevella (M)",Normal/Others,KONDA VISHWESHWAR REDDY,CHELVELLA,Telangana,Lok Sabha,499866.0,2025-12-27T00:00:00.000Z,True,,RANGA REDDY(DISTRICT COLLECTOR RANGAREDDY_IDA)
142406,Providing 8 Meter LED Mini Mast Light at Vedamala Colony in Eandimangalam Grama Panchayat (SC),Normal/Others,Anto Antony,PATHANAMTHITTA,Kerala,Lok Sabha,219831.0,2025-12-28T00:00:00.000Z,True,,PATHANAMTHITTA(DISTRICT COLLECTOR PATHANAMTHITTA_IDA)
142409,Providing 8 Meter LED Mini Mast Light at Vellarankunnu SC Colony  in Ezhamkulam Grama Panchayat (SC),Normal/Others,Anto Antony,PATHANAMTHITTA,Kerala,Lok Sabha,219831.0,2025-12-28T00:00:00.000Z,True,,PATHANAMTHITTA(DISTRICT COLLECTOR PATHANAMTHITTA_IDA)
184452,Installation of Solar Light at Cremation Ground of Aswasthapari Village.,Normal/Others,SAMBIT PATRA,PURI,Odisha,Lok Sabha,40000.0,2025-12-29T00:00:00.000Z,True,,PURI(DISTRICT COLLECTOR PURI_IDA)
175282,Gram Panchayat jhawalia Block Patlawad Distt. Jhabu  MePuliya  Nirman kary Savikrit Rs. 500000 Only,Normal/Others,ANITA NAGARSINGH CHOUHAN,RATLAM,Madhya Pradesh,Lok Sabha,500000.0,2025-12-29T00:00:00.000Z,True,,JHABUA(DISTRICT COLLECTOR JHABUA_IDA)
180618,Interlock Tiles in Street Gurdit Singh Kaka Sarpanch,Normal/Others,Smt Harsimrat Kaur Badal,BHATINDA,Punjab,Lok Sabha,1000000.0,2025-12-29T00:00:00.000Z,True,,BATHINDA(DEPUTY COMMISSIONER BHATINDA_IDA)
146105,"Installation of High Mask Light at:
10)	Village Pahadpur Khurd, Block Manihari
11)	Village Velhara, Block Jakhaniya
12)	Village Jafarpur, Block Jakhaniya
13)	Village Chak Malook, Block Manihari
14)	Village Madhuban Chatti, Block Manihar
15)	Village Chak Bakar Chowraha, Block Manihari
16)	Village Mahpur, Block Sadat
17)	Village Makdoompur, Block Sadat, Near Pulia",Normal/Others,AFZAL ANSARI,GHAZIPUR,Uttar Pradesh,Lok Sabha,1421528.0,2025-12-29T00:00:00.000Z,True,,GHAZIPUR(DISTRICT MAGISTRAE GHAZIPUR_IDA)
201833,Construction of pcc road from vishwakarma mandir to kuldip singh house in ward no 1 badhai basti.,Normal/Others,Shri Chandra Prakash Choudhary,GIRIDIH,Jharkhand,Lok Sabha,300000.0,2025-12-29T00:00:00.000Z,True,,DHANBAD(DEPUTY COMMISSIONER DHANBAD_IDA)
192920,FOR STADIUM LIGHTS,Normal/Others,Shri Amar Singh,FATEHGARH SAHIB,Punjab,Lok Sabha,300000.0,2025-12-30T00:00:00.000Z,True,,LUDHIANA(DEPUTY COMMISSIONER LUDHIANA_IDA)
159837,22.	GRAM DURGPUR BLOCK MOHAMDABAD ME AKHILESH KE PARAMASH SE SEMI HIGH MAST L.E.D LIGHT INPLEMENT AGENCY PROVINCIAL CO-OPERATIVE CONSTRUCTION AND DEVELOPMENT (P.C.C.D) LTD FARRUKHABAD,Normal/Others,Dr. K. Laxman (2022-28),Sitting Rajya Sabha,Uttar Pradesh,Rajya Sabha,197454.0,2025-12-30T00:00:00.000Z,True,,FARRUKHABAD(DISTRICT MAGISTRAE FARRUKHABAD_IDA)
215292,MOTIHARI NAGAR NIGAM KE KACHHARI CHOWK SE RAJA BAZAR KI OR JANE WALE MARG KE FOOTPATH KE KINARE CHAHARDIWARI KA NIRMAN.,Normal/Others,Radha Mohan Singh,PURVI CHAMPARAN,Bihar,Lok Sabha,1493800.0,2025-12-30T00:00:00.000Z,True,,PURBI CHAMPARAN(DISTRICT PLANNING OFFICER MOTHIHARI EAST CHAMPARAN_IDA)
210005,Motihari Nagar nigam ke Gandhi maidan ke najdik yatri shed ka nirman karya.,Normal/Others,Radha Mohan Singh,PURVI CHAMPARAN,Bihar,Lok Sabha,1491517.0,2025-12-30T00:00:00.000Z,True,,PURBI CHAMPARAN(DISTRICT PLANNING OFFICER MOTHIHARI EAST CHAMPARAN_IDA)
208967,"Shed construction at Khalepara, Gram Panchayat - Ghaghra, Pendra",Normal/Others,Jyotsna Charandas Mahant ,KORBA,Chhattisgarh,Lok Sabha,499970.0,2025-12-30T00:00:00.000Z,True,,Gaurela-Pendra-Marwahi(Collector GPM_IDA)
189126,Providing Hi Mast Light at Yarab Nagar in Denkanikottai TP,Normal/Others,GOPINATH K,KRISHNAGIRI,Tamil Nadu,Lok Sabha,649952.0,2025-12-30T00:00:00.000Z,True,,KRISHNAGIRI(DISTRICT COLLECTOR KRISHNAGIRI_IDA)
159869,GRAM BASAYKPUR MAHMADGANJ BLOCK RAJEPUR ME BALRAM S/O JAYVEER KE GHAR KE PASS SEMI HIGH MAST L.E.D LIGHT INPLEMENT AGENCY PROVINCIAL CO-OPERATIVE CONSTRUCTION AND DEVELOPMENT (P.C.C.D) LTD FARRUKHABAD,Normal/Others,Dr. K. Laxman (2022-28),Sitting Rajya Sabha,Uttar Pradesh,Rajya Sabha,197454.0,2025-12-30T00:00:00.000Z,True,,FARRUKHABAD(DISTRICT MAGISTRAE FARRUKHABAD_IDA)
149858,"Formation of road to the John Kumar Nagar, Extention, Srinivasa nagar and AKD Nagar including approach roads to Mothilal nagar, Moolakulam in Oulgaret Municipality, Puducherry.",Normal/Others,Vaithilingam Ve,Puducherry,Puducherry,Lok Sabha,3345017.0,2025-12-30T00:00:00.000Z,True,,Puducherry(PROJECT DIRECTOR RDA PUDUCHERRY_IDA)
184407,Installation of Solar Light at Cremation Ground of Harashapada Village.,Normal/Others,SAMBIT PATRA,PURI,Odisha,Lok Sabha,40000.0,2025-12-30T00:00:00.000Z,True,,PURI(DISTRICT COLLECTOR PURI_IDA)
182706,gram bamantukda me hanumaan mandir ke paas adhure pade samudayik bhavan ka vistaar,Repair and Renovation,MAHIMA KUMARI MEWAR,RAJSAMAND,Rajasthan,Lok Sabha,1000000.0,2025-12-30T00:00:00.000Z,True,,RAJSAMAND(DISTRICT COLLECTOR RAJSAMAND_IDA)
136037,konam aatru paalam,Normal/Others,Shri vijayakumar Vasanth,KANNIYAKUMARI,Tamil Nadu,Lok Sabha,1000000.0,2025-12-31T00:00:00.000Z,True,,KANNIYAKUMARI(DISTRICT COLLECTOR KANNIYAKUMARI_IDA)
231449,The block paving work is from Babubhai Vallabhbhai Nasit house to Bachubhai Merubhiai house and  various areas In Bhayavdar village.,Normal/Others,BHARATBHAI MANUBHAI SUTARIYA,AMRELI,Gujarat,Lok Sabha,500000.0,2025-12-31T00:00:00.000Z,False,,AMRELI(DISTRICT COLLECTOR AMRELI_IDA)
184448,Installation of Solar Light at Cremation Ground of Tentulimula Village.,Normal/Others,SAMBIT PATRA,PURI,Odisha,Lok Sabha,40000.0,2025-12-31T00:00:00.000Z,True,,PURI(DISTRICT COLLECTOR PURI_IDA)
145417,construction of road at Nayachora p-5 under Aeibhandarani VCDC.,Normal/Others,Shri Rwngwra Narzary (2022-28),Sitting Rajya Sabha,Assam,Rajya Sabha,1499451.0,2025-12-31T00:00:00.000Z,True,,KOKRAJHAR(DEPUTY COMMISSIONER KOKRAJHAR_IDA)
194396,gravel road with cutting gram ojari - surata main road to dinesh house,Normal/Others,MANNA LAL RAWAT,UDAIPUR,Rajasthan,Lok Sabha,498916.0,2025-12-31T00:00:00.000Z,True,,DUNGARPUR(DISTRICT COLLECTOR DUNGARPUR_IDA)
203118,Construction of box culvert at Jogendrapur under Kachugaon Dev. block,Normal/Others,JOYANTA BASUMATARY,KOKRAJHAR,Assam,Lok Sabha,999588.0,2025-12-31T00:00:00.000Z,True,,KOKRAJHAR(DEPUTY COMMISSIONER KOKRAJHAR_IDA)
210570,BHAWTARA ME BOR KHANAN AVM MOTAR PUMP PRATISTHAPANA KARYA (ANIL KASYAP GHAR KE PASS),Normal/Others,KAMLESH JANGDE,JANJGIR CHAMPA,Chhattisgarh,Lok Sabha,200000.0,2026-01-01T00:00:00.000Z,True,,JANJGIR-CHAMPA(DISTRICT COLLECTOR JANJGIR CHAMPA_IDA)
184423,Installation of Solar Light at Cremation Ground of Khuntiabanapur Village.,Normal/Others,SAMBIT PATRA,PURI,Odisha,Lok Sabha,40000.0,2026-01-01T00:00:00.000Z,True,,PURI(DISTRICT COLLECTOR PURI_IDA)
244123,Const. of Classroom and Interlok Tile at Shaheed Bhagat Singh Model School Village Bhane Wala,Trust and Society,Dr. Sandeep Kumar Pathak (2022-28),Sitting Rajya Sabha,Punjab,Rajya Sabha,500000.0,2026-01-01T00:00:00.000Z,False,,FEROZEPUR(DEPUTY COMMISSIONER FIROZEPUR_IDA)
234582,Providing High Mast Light near Bodrai Hanuman Temple,Normal/Others,DR.MALLU RAVI,NAGARKURNOOL,Telangana,Lok Sabha,198482.0,2026-01-01T00:00:00.000Z,True,,JOGULAMBA GADWAL(DISTRICT COLLECTOR JOGULAMBA GADWAL_IDA)
183559,Installation of Solar Light at Cremation Ground of Udayapur Village.,Normal/Others,SAMBIT PATRA,PURI,Odisha,Lok Sabha,40000.0,2026-01-01T00:00:00.000Z,True,,Nayagada(DISTRICT COLLECTOR  NAYAGARH_IDA)
234586,Providing High Mast Light near ZPHS,Normal/Others,DR.MALLU RAVI,NAGARKURNOOL,Telangana,Lok Sabha,198482.0,2026-01-01T00:00:00.000Z,True,,JOGULAMBA GADWAL(DISTRICT COLLECTOR JOGULAMBA GADWAL_IDA)
157436,Construction of Sabhamandap on Gram Panchayat land near Sri Kshetra Mahadev Temple.,Normal/Others,BAJRANG MANOHAR SONWANE,BEED,Maharashtra,Lok Sabha,898906.0,2026-01-01T00:00:00.000Z,True,,BEED(DISTRICT COLLECTOR BEED_IDA)
184442,Installation of Solar Light at Cremation Ground of Badalpur Village.,Normal/Others,SAMBIT PATRA,PURI,Odisha,Lok Sabha,40000.0,2026-01-01T00:00:00.000Z,True,,PURI(DISTRICT COLLECTOR PURI_IDA)
194260,"Under the Member of Parliament Local Area Development Scheme, an amount of Rs. 12 lakh 50 thousand is recommended from my MP fund for the construction of an entrance gate for the convenience of citizens before the petrol pump ahead of Vishnu Sugar Mill in the first kilometer of Gopalganj to Badharia R.C.D. Path.",Normal/Others,Alok Kumar Suman,GOPALGANJ,Bihar,Lok Sabha,1242419.0,2026-01-01T00:00:00.000Z,True,,GOPALGANJ(DISTRICT PLANNING OFFICER GOPALGANJ_IDA)
200717,For Interlock Tiles,Normal/Others,DR. RAJ KUMAR CHABBEWAL,HOSHIARPUR,Punjab,Lok Sabha,170572.0,2026-01-02T00:00:00.000Z,True,,HOSHIARPUR(DEPUTY COMMISSIONER HOSHIARPUR_IDA)
225421,GRAM-AHILDA ME STREET LIGHT (MINI HIGH MAST),Normal/Others,KAMLESH JANGDE,JANJGIR CHAMPA,Chhattisgarh,Lok Sabha,999342.0,2026-01-02T00:00:00.000Z,True,,Balodabazar-Bhatapara(Collector Baloda Bazar_IDA)
201462,Providing High mast light at Ambedkar Statue near at in Aniyalai panchayat,Normal/Others,CN Annadurai,TIRUVANNAMALAI,Tamil Nadu,Lok Sabha,435000.0,2026-01-02T00:00:00.000Z,False,,TIRUVANNAMALAI(DISTRICT COLLECTOR TIRUVANNAMALAI_IDA)
243507,Purchase and providing one tractor (21-25 HP) to GP for sanitation purposes,Normal/Others,Shri  Dharambir Singh,BHIWANI MAHENDRAGARH,Haryana,Lok Sabha,380000.0,2026-01-02T00:00:00.000Z,False,,BHIWANI(DC Cum Nodal Officer MPLADS Bhiwani)
180344,Gram panchayat Majhila me Hnuman mandir ke paas sarwajanik sthan par high mast light sthapna karya,Normal/Others,KRISHNA DEVI SHIVSHANKER PATEL,BANDA,Uttar Pradesh,Lok Sabha,231930.0,2026-01-02T00:00:00.000Z,True,,BANDA(DISTRICT MAGISTRATE BANDA_IDA)
198728,Construction of Passage in DAV College Hoshiarpur,Trust and Society,DR. RAJ KUMAR CHABBEWAL,HOSHIARPUR,Punjab,Lok Sabha,599575.0,2026-01-02T00:00:00.000Z,True,,HOSHIARPUR(DEPUTY COMMISSIONER HOSHIARPUR_IDA)
243510,Purchase and providing one tractor (21-25 HP) to GP for sanitation purposes,Normal/Others,Shri  Dharambir Singh,BHIWANI MAHENDRAGARH,Haryana,Lok Sabha,380000.0,2026-01-02T00:00:00.000Z,False,,BHIWANI(DC Cum Nodal Officer MPLADS Bhiwani)
191701,"construction of semi deep drain fromthe house of abdul rashid to the house of dildar at rehmatabad lane c, hyderpora",Normal/Others,AGA SYED RUHULLAH MEHDI,SRINAGAR,Jammu And Kashmir,Lok Sabha,294343.0,2026-01-03T00:00:00.000Z,True,,SRINAGAR(DEPUTY COMMISSIONER SRINAGAR_IDA)
161211,"Mini Mast Light at Thekkekunnampalam Junction, Ward -5 in Marutharode Grama Panchayath.",Normal/Others,Vellalath Kochukrishnan Nair Sreekandan,PALAKKAD,Kerala,Lok Sabha,172428.0,2026-01-03T00:00:00.000Z,True,,PALAKKAD(DISTRICT COLLECTOR PALAKKAD_IDA)
189719,Construction of Interlock Tile in Mithu Member Street,Normal/Others,Smt Harsimrat Kaur Badal,BHATINDA,Punjab,Lok Sabha,459501.0,2026-01-04T00:00:00.000Z,False,,MANSA(DEPUTY COMMISSIONER MANSA_IDA)
215218,HIGH MAST LIGHT WITH FOUR LED RECOMMENDED IN MY CONSTITUENCY NAGINA BY IMPLEMNETING AGENCY PCCD BIJNORE,Normal/Others,CHANDRA SHEKHAR,NAGINA,Uttar Pradesh,Lok Sabha,106850.0,2026-01-05T00:00:00.000Z,True,,BIJNOR(DISTRICT MAGISTRATE BIJNOR_IDA)
220088,Block Padrauna ke Gram Sabha Jungle Banvirpur mein Chhoti Canal ke baayein patri par Santosh Kushwaha ke khet se Mahendra Kushwaha ke ghar tak 100 meter CC road ka nirmaan karya.,Normal/Others,Shri Ratanjit Pratap Narain Singh (2024-30),Sitting Rajya Sabha,Uttar Pradesh,Rajya Sabha,892064.0,2026-01-05T00:00:00.000Z,False,,Kushinagar(DISTRICT MAGISTRATE KUSHINAGAR PADRAUNA_IDA)
220114,Block Vishunpura ke Nahar Chhapra mein Bada Semrana Primary School Triveni ke ghar se Vishwanath ke ghar tak 100 meter CC road ka nirmaan karya.,Normal/Others,Shri Ratanjit Pratap Narain Singh (2024-30),Sitting Rajya Sabha,Uttar Pradesh,Rajya Sabha,896560.0,2026-01-05T00:00:00.000Z,False,,Kushinagar(DISTRICT MAGISTRATE KUSHINAGAR PADRAUNA_IDA)
199972,Yatri Pratikshlaya,Normal/Others,Durga Das Uikey ,BETUL,Madhya Pradesh,Lok Sabha,259942.0,2026-01-05T00:00:00.000Z,True,,BETUL(DISTRICT COLLECTOR BETUL_IDA)
161441,Restroration of Road From Pal Building to Church Via Big Bazar in Ward No 3 Under Burdwan Municipality,Repair and Renovation,AZAD KIRTI JHA,BARDHAMAN-DURGAPUR,West Bengal,Lok Sabha,4175251.0,2026-01-05T00:00:00.000Z,True,,PURBA BARDHAMAN(DISTRICT MAGISTRATE PURBA BARDHAMAN_IDA)
215212,HIGH MAST LIGHT WITH FOUR LED RECOMMENDED IN MY CONSTITUENCY NAGINA BY IMPLEMNETING AGENCY PCCD BIJNORE,Normal/Others,CHANDRA SHEKHAR,NAGINA,Uttar Pradesh,Lok Sabha,106850.0,2026-01-05T00:00:00.000Z,True,,BIJNOR(DISTRICT MAGISTRATE BIJNOR_IDA)
153060,SANJAY NAGAR ME DR V K SINGH KE MAKAN SE MANDIR KE DIWAR KI OR CC ROAD OR NALI NIRMAN,Normal/Others,CHHATRA PAL SINGH GANGWAR,BAREILLY,Uttar Pradesh,Lok Sabha,1132715.0,2026-01-06T00:00:00.000Z,True,,BAREILLY(DISTRICT MAGISTRAE BAREILLY_IDA)
188927,Construction of Street and Drain (Road to Bughar Singh House),Normal/Others,Smt Harsimrat Kaur Badal,BHATINDA,Punjab,Lok Sabha,28702.0,2026-01-06T00:00:00.000Z,True,,MANSA(DEPUTY COMMISSIONER MANSA_IDA)
185040,CONSTRUCTION OF RCC PAVER BLOCK WORK PATEL BABUBHAI CHATURBHAI HOUSE TWO SIDE AND VISHNUBHAI DAIRYVALA HOUSE TO IN COMPLATE WORK,Normal/Others,HARIBHAI PATEL,MAHESANA,Gujarat,Lok Sabha,200000.0,2026-01-06T00:00:00.000Z,False,,MAHESANA(DISTRICT COLLECTOR MAHESANA_IDA)
183537,Installation of Solar Light at Cremation Ground of Nandighora Village.,Normal/Others,SAMBIT PATRA,PURI,Odisha,Lok Sabha,40000.0,2026-01-06T00:00:00.000Z,True,,Nayagada(DISTRICT COLLECTOR  NAYAGARH_IDA)
175490,Construction of Lane with Laying of Tiles for Mohalla Parveen Kumar Ward No 02 village and panchyat Kishanpur Kharta Block Dansal,Normal/Others,Shri Jugal Kishore Sharma,JAMMU,Jammu And Kashmir,Lok Sabha,147500.0,2026-01-06T00:00:00.000Z,True,,JAMMU(DEPUTY COMMISSIONER JAMMU_IDA)
183574,Installation of Solar Light at Cremation Ground of Pandriapada Village.,Normal/Others,SAMBIT PATRA,PURI,Odisha,Lok Sabha,40000.0,2026-01-06T00:00:00.000Z,True,,Nayagada(DISTRICT COLLECTOR  NAYAGARH_IDA)
192850,Purchase of Books for GHSS Kaurnguzhi,Normal/Others,Ganesan Selvam,KANCHEEPURAM,Tamil Nadu,Lok Sabha,25000.0,2026-01-07T00:00:00.000Z,True,,CHENGALPATTU(District Collector Chengalpattu_IDA)
192851,Purchase of Books for GHSS PANDUR,Normal/Others,Ganesan Selvam,KANCHEEPURAM,Tamil Nadu,Lok Sabha,25000.0,2026-01-07T00:00:00.000Z,True,,CHENGALPATTU(District Collector Chengalpattu_IDA)
226397,Construction of Community Center at Alanda of Badagan GP under Gop Block.,Normal/Others,BIBHU PRASAD TARAI,JAGATSINGHPUR,Odisha,Lok Sabha,300000.0,2026-01-07T00:00:00.000Z,True,,PURI(DISTRICT COLLECTOR PURI_IDA)
122715,B/w Munnurukapu sangham Building Near Pochamma Temple at Maddunur (V),Normal/Others,Shri Damodar Rao Divakonda (2022-28),Sitting Rajya Sabha,Telangana,Rajya Sabha,500000.0,2026-01-07T00:00:00.000Z,False,,Jagitial(DISTRICT COLLECTOR JAGTIAL_IDA)
198383,ward- 93 govind nagar c block me chitragupta dharmashala me interlocking dwara footpath ka nirman karya.,Normal/Others,RAMESH AWASTHI,KANPUR,Uttar Pradesh,Lok Sabha,709113.0,2026-01-07T00:00:00.000Z,True,,KANPUR NAGAR(DISTRICT MAGISTRAE KANPUR NAGAR_IDA)
184167,"Gandhinagar Loksabha - For Sarvjanik Pustakalay, Bileshwarpura, Gandhinagar, Taluka Kalol, District Gandhingar,  an amount of Rs. 2.00 Lakhs may be sanctioned for purchase of books",Normal/Others,Shri Amit Shah,GANDHINAGAR,Gujarat,Lok Sabha,184637.0,2026-01-07T00:00:00.000Z,True,,GANDHINAGAR(DISTRICT COLLECTOR GANDHINAGAR_IDA)
225985,"Construction of CC Drain at Gutin area, Depi in East Siang District",Normal/Others,Shri Tapir Gao,ARUNACHAL EAST,Arunachal Pradesh,Lok Sabha,500000.0,2026-01-07T00:00:00.000Z,False,,EAST SIANG(Deputy Commisioner East Siang_IDA)
146645,"Construction of Community hall near Mudiraj wada , Ibrahimpatnam",Normal/Others,Arvind Dharmapuri,NIZAMABAD,Telangana,Lok Sabha,223517.0,2026-01-07T00:00:00.000Z,False,,Jagitial(DISTRICT COLLECTOR JAGTIAL_IDA)
212948,"BHADPURA KE MAHMOODAPUR, MUBARIKPUR, METHI NAVADIYA, ALHAIYA, DHAKIYA BARKALISHAH, MATKAPUR, DANDIYA NAJMULNISHA, MUNDIYA JAGROOP, DHAMIPUR, JOHRA JADUPUR, PARASRAMPUR, NAWABGANJ KE KHAMPUR URF SANGRAMPUR, SANTOSHPUR, NIJAMAU, JOGITHER ME SHAMSHAN SHED KA NIRMAN",Normal/Others,CHHATRA PAL SINGH GANGWAR,BAREILLY,Uttar Pradesh,Lok Sabha,350678.0,2026-01-07T00:00:00.000Z,False,,BAREILLY(DISTRICT MAGISTRAE BAREILLY_IDA)
160747,"Tehsil/Block- Mainpuri, Ward No. 25 
Work – Street No. 3 Yadav Nagar Bypass Road Mainpuri From the house of Ramnath Verma to the house of Abhishek Yadav (Pawan) CC - 125 meters 
Abhishek Yadav – 7017581458",Normal/Others,Smt Dimple Yadav,MAINPURI,Uttar Pradesh,Lok Sabha,754124.0,2026-01-07T00:00:00.000Z,False,,MAINPURI(DISTRICT MAGISTRATE MAINPURI_IDA)
250158,Fitting of Sitting RCC Benches in Public Places in Gram Panchayat Gobind nagar,Normal/Others,SARABJEET SINGH KHALSA,FARIDKOT,Punjab,Lok Sabha,150000.0,2026-01-07T00:00:00.000Z,False,,FARIDKOT(DEPUTY COMMISSIONER FARIDKOT_IDA)
208595,solar street lights-5,Normal/Others,Gyaneshwar Patil,KHANDWA,Madhya Pradesh,Lok Sabha,225780.0,2026-01-07T00:00:00.000Z,True,,BURHANPUR(District Collector Burhanpur_IDA)
151554,"(i)   Sewer Suction Machine having capacity of 6000 ltr capacity mounted on LPT truck chassis
                 And 
 
(ii)  Sewer Jetting Machine having 6000 ltr capacity mounted on LPT truck chassis for sanitation purpose in Cantonment Board , Jalandhar near Cant General Hospital , Jalandhar.

Each machine having cost approx Rs. 4500000/-.",Normal/Others,Dr. Ashok Kumar Mittal (2022-28),Sitting Rajya Sabha,Punjab,Rajya Sabha,8987658.0,2026-01-07T00:00:00.000Z,True,,JALANDHAR(DEPUTY COMMISSIONER JALANDHAR_IDA)
149493,Gram Sabha Durasi me Prathmik School ke pas,Normal/Others,VINOD KUMAR BIND,BHADOHI,Uttar Pradesh,Lok Sabha,118993.0,2026-01-08T00:00:00.000Z,False,,BHADOHI(DISTRICT MAGISTRATE BHADOHI_IDA)
149483,Gram  Sabha Bitthalpur me Ayush Asptal ke pas,Normal/Others,VINOD KUMAR BIND,BHADOHI,Uttar Pradesh,Lok Sabha,118993.0,2026-01-08T00:00:00.000Z,False,,BHADOHI(DISTRICT MAGISTRATE BHADOHI_IDA)
208263,Drilling of Bore well and Pump set at Sy.No.261 at Kokkerakunta Village of Ramadugu Mandal,Normal/Others,Sanjay Kumar Bandi,KARIMNAGAR,Telangana,Lok Sabha,195600.0,2026-01-08T00:00:00.000Z,True,,KARIMNAGAR(DISTRICT COLLECTOR KARIMNAGAR_IDA)
183527,Installation of Solar Light at Cremation Ground of Garjani Village.,Normal/Others,SAMBIT PATRA,PURI,Odisha,Lok Sabha,40000.0,2026-01-08T00:00:00.000Z,True,,Nayagada(DISTRICT COLLECTOR  NAYAGARH_IDA)
214046,Drilling of Bore well and pump set  in Sy.No.142 of Pathrapalli Village of Ellandakunta Mandal,Normal/Others,Sanjay Kumar Bandi,KARIMNAGAR,Telangana,Lok Sabha,196748.0,2026-01-08T00:00:00.000Z,True,,KARIMNAGAR(DISTRICT COLLECTOR KARIMNAGAR_IDA)
135409,SHASHIPRAKAS SINGH GRAM SIKATIYA (MALIKAR CHAURAHA) RASULPUR HIGH MAST KI STHAPAN,Normal/Others,Vijay Kumar Dubey,KUSHI NAGAR,Uttar Pradesh,Lok Sabha,236234.0,2026-01-08T00:00:00.000Z,False,,Kushinagar(DISTRICT MAGISTRATE KUSHINAGAR PADRAUNA_IDA)
228153,"Gir Somnath District,Gir Gadhda Taluka,Nagadiya Village,CC road work on the road from the village community farm to Hanuman temple in Nagadiya village",Normal/Others,Rajeshbhai Naranbhai Chudasama,JUNAGADH,Gujarat,Lok Sabha,294134.0,2026-01-08T00:00:00.000Z,True,,GIR SOMNATH(DISTRICT COLLECTOR GIR SOMNATH_IDA)
164735,Setting up of Farmers Training Center and Common Facility Center for agro processing,Normal/Others,Smt. Nirmala Sitharaman (2022-28),Sitting Rajya Sabha,Karnataka,Rajya Sabha,4999660.0,2026-01-08T00:00:00.000Z,True,,BIDAR(DEPUTY COMMISSIONER BIDAR_IDA)
188487,suvariya thakor vasma pavar block work,Normal/Others,Bharatsinhji Shankarji Dabhi,PATAN,Gujarat,Lok Sabha,200000.0,2026-01-08T00:00:00.000Z,True,,MAHESANA(DISTRICT COLLECTOR MAHESANA_IDA)
254851,1.Dental Chairs with 3 kv stabilizer. 2. Ultrasonic Sealer. 3. Light Cure Unit. 4. Endomotor. 5. Radio Visio Graphy RVG 1 No with Monitor. 6. Micromotor with Straight Hand Piece. 7. RO approximate capacity bof 30 Litres. 8. 3 KV Stabilizer,Normal/Others,Kalanidhi Veeraswamy,CHENNAI NORTH,Tamil Nadu,Lok Sabha,9995964.0,2026-01-08T00:00:00.000Z,True,,CHENNAI(COMMISSIONER MUNCIPAL CORPORATION CHENNAI_IDA)
194411,"Repairs and Renovation at Boys Hostel, Amadaguntla, Kodumur Mandal, Kodumur Constituency",Repair and Renovation,BASTIPATI NAGARAJU PANCHALINGALA,KURNOOL,Andhra Pradesh,Lok Sabha,499994.0,2026-01-08T00:00:00.000Z,True,,KURNOOL(DISTRICT COLLECTOR KURNOOL_IDA)
156553,GP SINGHA PATTI KE BASHI CHAURAHE PAR HIGH MAST KI STHAPANA,Normal/Others,Vijay Kumar Dubey,KUSHI NAGAR,Uttar Pradesh,Lok Sabha,236234.0,2026-01-08T00:00:00.000Z,True,,Kushinagar(DISTRICT MAGISTRATE KUSHINAGAR PADRAUNA_IDA)
193290,Purchase of Books for GHSS (GIRLS) Nandhivaram,Normal/Others,Ganesan Selvam,KANCHEEPURAM,Tamil Nadu,Lok Sabha,25000.0,2026-01-08T00:00:00.000Z,True,,CHENGALPATTU(District Collector Chengalpattu_IDA)
193293,Purchase of Books for GHS Peramanur,Normal/Others,Ganesan Selvam,KANCHEEPURAM,Tamil Nadu,Lok Sabha,25000.0,2026-01-08T00:00:00.000Z,True,,CHENGALPATTU(District Collector Chengalpattu_IDA)
193299,Purchase of Books for GHS Rathinamangalam,Normal/Others,Ganesan Selvam,KANCHEEPURAM,Tamil Nadu,Lok Sabha,25000.0,2026-01-08T00:00:00.000Z,True,,CHENGALPATTU(District Collector Chengalpattu_IDA)
135346,Regarding for giving single walled fabrication of 3000 ltr water tanker to Village. 2mm stainless sheet AISI 304 Material etc. (SC),Normal/Others,Shri Sant Balbir Singh (2022-28),Sitting Rajya Sabha,Punjab,Rajya Sabha,224200.0,2026-01-08T00:00:00.000Z,True,,JALANDHAR(DEPUTY COMMISSIONER JALANDHAR_IDA)
193286,Purchase of Books for GHS Kumizhi,Normal/Others,Ganesan Selvam,KANCHEEPURAM,Tamil Nadu,Lok Sabha,25000.0,2026-01-08T00:00:00.000Z,True,,CHENGALPATTU(District Collector Chengalpattu_IDA)
148664,Rajesh rawat  Surendra rawat ke ghar ke pass solarlight 4-way,Normal/Others,R.K. CHAUDHARY,MOHANLALGANJ,Uttar Pradesh,Lok Sabha,107715.0,2026-01-08T00:00:00.000Z,False,,LUCKNOW(DISTRICT MAGISTRAE LUCKNOW_IDA)
165102,VIKAS KHAND BHAGATPUR TANDA KE GRAM BHAGATPUR ME KABRISTAN KE PASS SARVJANIK STHAL PAR SEMI HIGH MAST LIGHT ( 6 LIGHT WALI ),Normal/Others,RUCHI VIRA,MORADABAD,Uttar Pradesh,Lok Sabha,173600.0,2026-01-09T00:00:00.000Z,True,,MORADABAD(DISTRICT MAGISTRATE MORADABAD_IDA)
239145,CC Roads,Normal/Others,Santosh Pandey,RAJNANDGAON,Chhattisgarh,Lok Sabha,700000.0,2026-01-09T00:00:00.000Z,True,,RAJNANDGAON(DISTRICT COLLECTOR RAJNANDGAON_IDA)
179888,GRAM ISLAMNAGAR CHAURAHE KE PASS SARVJANIK STHAL PAR STAINLESS STEEL YATRISHED NIRMAN KARY,Normal/Others,RUCHI VIRA,MORADABAD,Uttar Pradesh,Lok Sabha,890000.0,2026-01-09T00:00:00.000Z,True,,MORADABAD(DISTRICT MAGISTRATE MORADABAD_IDA)
138896,"Installation of Handpump (Tubewell) near the house of Ramsingh Prajapati, Vill. Lalpur, Gram Panchayat Lalpur, P.S. & V. S. Rajakheda, Dist. Dholpur",Normal/Others,Shri Mukul Wasnik (2022-28),Sitting Rajya Sabha,Rajasthan,Rajya Sabha,109993.0,2026-01-09T00:00:00.000Z,True,,DHOLPUR(DISTRICT COLLECTOR DHOLPUR_IDA)
184889,Drilling of new borewell to Scheme source near in at Palakurthy,Normal/Others,BASTIPATI NAGARAJU PANCHALINGALA,KURNOOL,Andhra Pradesh,Lok Sabha,200000.0,2026-01-09T00:00:00.000Z,True,,KURNOOL(DISTRICT COLLECTOR KURNOOL_IDA)
210093,Drilling of a new borewell for scheme source in the SC Colony at Malapalle,Normal/Others,BASTIPATI NAGARAJU PANCHALINGALA,KURNOOL,Andhra Pradesh,Lok Sabha,199998.0,2026-01-09T00:00:00.000Z,True,,KURNOOL(DISTRICT COLLECTOR KURNOOL_IDA)
177049,1. SMART CLASS BOARD WITH INVERTER IN GSSS KHIWALIYA,Normal/Others,UMMEDA RAM BENIWAL,BARMER,Rajasthan,Lok Sabha,150000.0,2026-01-09T00:00:00.000Z,True,,Balotra(DISTRICT COLLECTOR Balotra_IDA)
164877,CONSTRUCTION OF CLASS ROOM IN GSSS MANPURA GIDA,Normal/Others,UMMEDA RAM BENIWAL,BARMER,Rajasthan,Lok Sabha,999844.0,2026-01-09T00:00:00.000Z,True,,Balotra(DISTRICT COLLECTOR Balotra_IDA)
247637,Installation of Solar Street Lights,Normal/Others,DR. RAJ KUMAR CHABBEWAL,HOSHIARPUR,Punjab,Lok Sabha,200000.0,2026-01-09T00:00:00.000Z,True,,HOSHIARPUR(DEPUTY COMMISSIONER HOSHIARPUR_IDA)
155576,prakhand narkatiyaganj panchayat kukura ke triveni nahar par bane bahi aur pcc sadak ka nirman kary,Normal/Others,Sunil Kumar ,VALMIKI NAGAR,Bihar,Lok Sabha,698202.0,2026-01-09T00:00:00.000Z,False,,PASHCHIM CHAMPARAN(DISTRICT PLANNING OFFICER WEST CHAMPARANBETTIAH_IDA)
207002,Drilling of a new borewell for scheme source at the village entrance at Ibrahimpuram Kottala,Normal/Others,BASTIPATI NAGARAJU PANCHALINGALA,KURNOOL,Andhra Pradesh,Lok Sabha,199998.0,2026-01-09T00:00:00.000Z,True,,KURNOOL(DISTRICT COLLECTOR KURNOOL_IDA)
161633,"1- GRAM DHAKIA JUMMA MEIN AKRAM KHAN KE MAKAN SE MASJID TAK INTERLOCKING. Length.= 102.5 Mtrs+51 Mtrs  CC ROAD. Cost = Rs. 1125270.
2- GRAM DHAKIA JUMMA MEIN TAHIR ALI KE MAKAN SE KASIM KE MAKAN TAK CC TILES ROAD. Length. 131 Mtrs. Cost= Rs. 812862.
3- GRAM DHAKIA JUMMA MAJRA MOHD. ZAMAPUR MEIN BADI MASJID KI GALI SE KUDA COLLECTION CENTRE KI OR CC TILES. Cost= Rs. 1200000.",Normal/Others,Shri Javed Ali Khan (2022-28),Sitting Rajya Sabha,Uttar Pradesh,Rajya Sabha,3138055.0,2026-01-09T00:00:00.000Z,True,,MORADABAD(DISTRICT MAGISTRATE MORADABAD_IDA)
138376,"Installation of Handpump (Tubewell) at Mewaram ka Adda, Vill. Bhagpura, Gram Panchayat Dhaudhi ka Pura, P.S. Rajakhera, Dist. Dhaulpur",Normal/Others,Shri Mukul Wasnik (2022-28),Sitting Rajya Sabha,Rajasthan,Rajya Sabha,109993.0,2026-01-09T00:00:00.000Z,True,,DHOLPUR(DISTRICT COLLECTOR DHOLPUR_IDA)
151900,Gram Sabha Paraspur Bejhwaniya me Junior Highschool ke pas tirahe par,Normal/Others,VINOD KUMAR BIND,BHADOHI,Uttar Pradesh,Lok Sabha,118971.0,2026-01-09T00:00:00.000Z,True,,BHADOHI(DISTRICT MAGISTRATE BHADOHI_IDA)
151915,Gram Sabha Saroi me Deeh Mandir ke Bagal me,Normal/Others,VINOD KUMAR BIND,BHADOHI,Uttar Pradesh,Lok Sabha,118971.0,2026-01-09T00:00:00.000Z,True,,BHADOHI(DISTRICT MAGISTRATE BHADOHI_IDA)
231748,Islampur Block ke Bauri Dih Panchayat Ke Gram Bauri Dih mein Panchayat Bhawan nikat Sidi ka nirman,Normal/Others,Kaushalendra Kumar,NALANDA,Bihar,Lok Sabha,249617.0,2026-01-09T00:00:00.000Z,True,,NALANDA(DISTRICT PLANNING OFFICER NALANDA_IDA)
226242,Regarding for giving single walled fabrication of 5000 ltr mobile water tanker. 2mm stainless sheet AISI 304 Material etc. (SC),Normal/Others,Shri Sant Balbir Singh (2022-28),Sitting Rajya Sabha,Punjab,Rajya Sabha,365800.0,2026-01-09T00:00:00.000Z,True,,JALANDHAR(DEPUTY COMMISSIONER JALANDHAR_IDA)
138524,"Installation of Handpump (Tubewell) in Dhobi Basti in Vill. Jasupura, Gram Panchayat Jasupura, P.S. Mania/Rajakhera, Dist. Dholpur",Normal/Others,Shri Mukul Wasnik (2022-28),Sitting Rajya Sabha,Rajasthan,Rajya Sabha,109993.0,2026-01-09T00:00:00.000Z,True,,DHOLPUR(DISTRICT COLLECTOR DHOLPUR_IDA)
214990,Parbalpur block ke nagar panchayat parbalpur gram gauravnagar me muhane nadi me Sidhi ghat ka nirman.,Normal/Others,Kaushalendra Kumar,NALANDA,Bihar,Lok Sabha,399577.0,2026-01-09T00:00:00.000Z,True,,NALANDA(DISTRICT PLANNING OFFICER NALANDA_IDA)
151971,Ward nu 1 Bhadohi ke Hariyanw mw National Inter college Parisar me,Normal/Others,VINOD KUMAR BIND,BHADOHI,Uttar Pradesh,Lok Sabha,118971.0,2026-01-09T00:00:00.000Z,True,,BHADOHI(DISTRICT MAGISTRATE BHADOHI_IDA)
150768,"Construction of Drain work from Shri Ramji mishra's bamboo to pool near main road in village purainiya, village council - purainiya harsari, ward no. - 09, Block - narkatiyaganj , west champaran bihar. Estimated cost - 600000.",Normal/Others,Shri Satish Chandra Dubey (2022-28),Sitting Rajya Sabha,Bihar,Rajya Sabha,586528.0,2026-01-09T00:00:00.000Z,False,,PASHCHIM CHAMPARAN(DISTRICT PLANNING OFFICER WEST CHAMPARANBETTIAH_IDA)
210130,Drilling of a new borewell for scheme source near Elementary school at Chilakaladona,Normal/Others,BASTIPATI NAGARAJU PANCHALINGALA,KURNOOL,Andhra Pradesh,Lok Sabha,199942.0,2026-01-09T00:00:00.000Z,True,,KURNOOL(DISTRICT COLLECTOR KURNOOL_IDA)
161150,"Construction of Kitchen shed at Primary School, Nadimpalle H/o Jadalapet Village of Chityal Mandal",Normal/Others,KADIYAM KAVYA,WARANGEL,Telangana,Lok Sabha,343074.0,2026-01-09T00:00:00.000Z,True,,JAYASHANKAR BHUPALAPALLY(DISTRICT COLLECTOR JAYASHANKAR BHUPALPALLY_IDA)
207239,Widening and Repair of Link Road Ghat to Shingan GP Ser Tandula Executive Agency BDO Sangrah,Normal/Others,Suresh Kumar Kashyap,SHIMLA,Himachal Pradesh,Lok Sabha,200000.0,2026-01-09T00:00:00.000Z,False,,SIRMAUR(DEPUTY COMMISSIONER SIRMOUR_IDA)
138364,"Installation of Handpump (Tubewell) in Jatav Basti, Vill. Purapatiram, Vill. Dihauli, P.S. Rajakhera, Dist. Dhaulpur",Normal/Others,Shri Mukul Wasnik (2022-28),Sitting Rajya Sabha,Rajasthan,Rajya Sabha,109993.0,2026-01-09T00:00:00.000Z,True,,DHOLPUR(DISTRICT COLLECTOR DHOLPUR_IDA)
219878,Installation of  an outdoor gym,Normal/Others,CHARANJIT SINGH CHANNI,JALANDHAR,Punjab,Lok Sabha,96846.0,2026-01-11T00:00:00.000Z,True,,JALANDHAR(DEPUTY COMMISSIONER JALANDHAR_IDA)
171002,Regarding for giving single walled fabrication of 5000 ltr water tanker to Village. 2mm stainless sheet AISI 304 Material etc. (SC),Normal/Others,Shri Sant Balbir Singh (2022-28),Sitting Rajya Sabha,Punjab,Rajya Sabha,365800.0,2026-01-11T00:00:00.000Z,True,,JALANDHAR(DEPUTY COMMISSIONER JALANDHAR_IDA)
238673,Installing of Hand Pumps at locations mentioned in the attached letter,Normal/Others,SURENDRA PRASAD YADAV,JAHANABAD,Bihar,Lok Sabha,74883.0,2026-01-11T00:00:00.000Z,True,,ARWAL(District Planning Officer Arwal_IDA)
154556,Installation of solar high mast light in front of Takiballar more dag-1185 under hanumantnagar  GP,Normal/Others,Abu Taher Khan,MURSHIDABAD,West Bengal,Lok Sabha,140538.0,2026-01-11T00:00:00.000Z,True,,MURSHIDABAD(DISTRICT MAGISTRATE MURSHIDABAD_IDA)
161754,"Purchase and provide 01 smart board to Govt. Ind. PU. College, Sagar, Ward No.12  (All In One PC) (SC)",Normal/Others,Shri B Y Raghavendra ,SHIMOGA,Karnataka,Lok Sabha,139948.0,2026-01-12T00:00:00.000Z,False,,SHIVAMOGGA(DEPUTY COMMISSIONER SHIMOGA_IDA)
161752,"Purchase and provide 01 smart board to Govt. PU College Kallikal, Bhadravathi Taluk  (All In One PC) (SC)",Normal/Others,Shri B Y Raghavendra ,SHIMOGA,Karnataka,Lok Sabha,139948.0,2026-01-12T00:00:00.000Z,True,,SHIVAMOGGA(DEPUTY COMMISSIONER SHIMOGA_IDA)
145267,MAHMOODABAD REUSA MARG SE PIPRI GRAM PANCHAYAT KI SIMA TAK 175 INTERLOCKING NIRMAN KAYA.,Normal/Others,RAKESH RATHOR,SITAPUR,Uttar Pradesh,Lok Sabha,2023742.0,2026-01-12T00:00:00.000Z,False,,SITAPUR(DISTRICT MAGISTRATE SITAPUR_IDA)
161642,Construction of a box drain on the road from S.R. Chandrakumar's house to the land of Talawara Hanumanthappa in D.B. village,Normal/Others,Shri B Y Raghavendra ,SHIMOGA,Karnataka,Lok Sabha,497237.0,2026-01-12T00:00:00.000Z,True,,SHIVAMOGGA(DEPUTY COMMISSIONER SHIMOGA_IDA)
133818,Prevention of Agricultural Land Erosion and Flood at Tizit River,Normal/Others,Smt. S. Phangnon Konyak (2022-28),Sitting Rajya Sabha,Nagaland,Rajya Sabha,25000000.0,2026-01-12T00:00:00.000Z,True,,MON(Deputy Commissioner Mon_IDA)
159525,BLOCK MUFTIGANJ KHADAHAR DAGARA BAZAR ME TIRAHE PAR 01 NAG SOLAR HIGH MASK LIGHT,Normal/Others,PRIYA SAROJ,MACHHLISHAHR,Uttar Pradesh,Lok Sabha,107932.0,2026-01-12T00:00:00.000Z,True,,JAUNPUR(DISTRICT MAGISTRATE JAUNPUR_IDA)
203804,"To improvement in Voltage to Dhani of Shri Bishna Ram, Shri Satpal and others dhanies in Village Dharnia",Normal/Others,SELJA,SIRSA,Haryana,Lok Sabha,290964.0,2026-01-12T00:00:00.000Z,False,,FATEHABAD(Deputy Commissioner Fatehabad)
160142,Gram reusha me CHC se gunjan gupta ke makan tak 180M CC va nali nirman karya.,Normal/Others,RAKESH RATHOR,SITAPUR,Uttar Pradesh,Lok Sabha,2410809.0,2026-01-12T00:00:00.000Z,False,,SITAPUR(DISTRICT MAGISTRATE SITAPUR_IDA)
198615,14-102 shree omaprakaash yaadav ke makaan ke paas,Normal/Others,MANOJ KUMAR,SASARAM,Bihar,Lok Sabha,220700.0,2026-01-12T00:00:00.000Z,False,,KAIMUR (BHABUA)(DISTRICT PLANNING OFFICER KAIMUR BHABUA_IDA)
184769,Jagannathpur me Anil Tiwari ke Ghar ke pas,Normal/Others,VINOD KUMAR BIND,BHADOHI,Uttar Pradesh,Lok Sabha,107898.0,2026-01-12T00:00:00.000Z,True,,BHADOHI(DISTRICT MAGISTRATE BHADOHI_IDA)
216670,BHIKHAMAPUR ME RADHA KRASHNA MANDIR KE TIRAHE PAR,Normal/Others,VINOD KUMAR BIND,BHADOHI,Uttar Pradesh,Lok Sabha,107877.0,2026-01-12T00:00:00.000Z,True,,BHADOHI(DISTRICT MAGISTRATE BHADOHI_IDA)
184723,Gangarampur me Ramfal ke Ghar ke Pas,Normal/Others,VINOD KUMAR BIND,BHADOHI,Uttar Pradesh,Lok Sabha,107898.0,2026-01-12T00:00:00.000Z,True,,BHADOHI(DISTRICT MAGISTRATE BHADOHI_IDA)
184713,Saroi (Kaithipur) Ambedkar Pratima Ke Pas,Normal/Others,VINOD KUMAR BIND,BHADOHI,Uttar Pradesh,Lok Sabha,107898.0,2026-01-12T00:00:00.000Z,True,,BHADOHI(DISTRICT MAGISTRATE BHADOHI_IDA)
215333,"Providing Try Motorised Battery Scooter to R Sahadeva Reddy, Koolivandlapalli Village Jangamvandlapalli GP  Mob 9000859785",Normal/Others,Midhun Reddy,RAJAMPET,Andhra Pradesh,Lok Sabha,90000.0,2026-01-12T00:00:00.000Z,True,,Tirupati(DISTRICT COLLECTOR TIRUPATI_IDA)
211009,For construction of road (Happy wali galli) ward no 14 Jalandhar,Normal/Others,CHARANJIT SINGH CHANNI,JALANDHAR,Punjab,Lok Sabha,289464.0,2026-01-12T00:00:00.000Z,True,,JALANDHAR(DEPUTY COMMISSIONER JALANDHAR_IDA)
221800,Construction of PCC road from shiv mandir to Murari prasad house at Padmaul village.,Normal/Others,RAJ BHUSHAN CHOUDHARY,MUZAFFARPUR,Bihar,Lok Sabha,598901.0,2026-01-13T00:00:00.000Z,True,,MUZAFFARPUR(DISTRICT PLANNING OFFICER MUZAFFARPUR_IDA)
167675,Construction of PCC road from the house of Jaynarayan sahni to west Brahmasthan at Mahwara village.,Normal/Others,RAJ BHUSHAN CHOUDHARY,MUZAFFARPUR,Bihar,Lok Sabha,706761.0,2026-01-13T00:00:00.000Z,True,,MUZAFFARPUR(DISTRICT PLANNING OFFICER MUZAFFARPUR_IDA)
141279,Solar street light at Gram Panchayat Haliya Block Haliya Gaushala,Normal/Others,Shri Arun Singh (2020-26),Sitting Rajya Sabha,Uttar Pradesh,Rajya Sabha,119950.0,2026-01-13T00:00:00.000Z,True,,MIRZAPUR(DISTRICT MAGISTRATE MIRZAPUR_IDA)
141371,"Solar street light in coal colony in village Nadna, Block Halia",Normal/Others,Shri Arun Singh (2020-26),Sitting Rajya Sabha,Uttar Pradesh,Rajya Sabha,119950.0,2026-01-13T00:00:00.000Z,True,,MIRZAPUR(DISTRICT MAGISTRATE MIRZAPUR_IDA)
221799,Construction of PCC road from kurhani jagdamba asthan to shatrughan patty house at kurhani village.,Normal/Others,RAJ BHUSHAN CHOUDHARY,MUZAFFARPUR,Bihar,Lok Sabha,592438.0,2026-01-13T00:00:00.000Z,True,,MUZAFFARPUR(DISTRICT PLANNING OFFICER MUZAFFARPUR_IDA)
138953,High mast light near Karbala in village Barwan Block Robertsganj,Normal/Others,CHHOTELAL,ROBERTSGANJ,Uttar Pradesh,Lok Sabha,592984.0,2026-01-13T00:00:00.000Z,True,,SONBHADRA(DISTRICT MAGISTRATE SONBHADRA_IDA)
159575,BLOCK KERAKAT K ANTARGAT GRAM SABHA SULTANPUR ME JAINU YADAV K GHAR K SAMANE TIRAHE PAR 01 NAG SAOLAR HIGH MASK LIGHT,Normal/Others,PRIYA SAROJ,MACHHLISHAHR,Uttar Pradesh,Lok Sabha,107932.0,2026-01-13T00:00:00.000Z,True,,JAUNPUR(DISTRICT MAGISTRATE JAUNPUR_IDA)
141372,Solar street light in village Belahi Block Halia Coal Colony,Normal/Others,Shri Arun Singh (2020-26),Sitting Rajya Sabha,Uttar Pradesh,Rajya Sabha,119950.0,2026-01-13T00:00:00.000Z,True,,MIRZAPUR(DISTRICT MAGISTRATE MIRZAPUR_IDA)
159533,LOCK JALALPUR K ANTARGAT GRAM SABHA CHHATARIPUR ME DIH BABA K PASS SUDHAKAR ADVOCATE K GHAR K SAMANE 01 NAG SAOLAR HIGH MASK LIGHT,Normal/Others,PRIYA SAROJ,MACHHLISHAHR,Uttar Pradesh,Lok Sabha,107932.0,2026-01-13T00:00:00.000Z,True,,JAUNPUR(DISTRICT MAGISTRATE JAUNPUR_IDA)
110711,CC/Interlocking work from Krishna Kushwaha's house to Koti Dai Temple in Bhadaura.,Normal/Others,Shri Neeraj Shekhar (2020-26),Sitting Rajya Sabha,Uttar Pradesh,Rajya Sabha,890024.0,2026-01-13T00:00:00.000Z,True,,GHAZIPUR(DISTRICT MAGISTRAE GHAZIPUR_IDA)
159526,BLOCK MUFTI GANJ GRAM SABHA MATIYARI ME AHILYA BAI HOLKER CHAURAHA PAR PAL BASTI 01 NAG SOLAR HIGH MASK LIGHT,Normal/Others,PRIYA SAROJ,MACHHLISHAHR,Uttar Pradesh,Lok Sabha,107932.0,2026-01-13T00:00:00.000Z,True,,JAUNPUR(DISTRICT MAGISTRATE JAUNPUR_IDA)
187482,Interlocking in Gram  Ayodhyapur from Sirsa Link Road to Prem Masters house. Length 125 m.,Normal/Others,Shri Narendra Modi,VARANASI,Uttar Pradesh,Lok Sabha,783992.0,2026-01-13T00:00:00.000Z,True,,VARANASI(DISTRICT MAGISTRAE VARANASI_IDA)
227926,"Supply of One Electronic Electric Wheel Chair for a beneficiary at Arangadi, Kanhangad (Ward No-18)in Kanhangad Municipality",Normal/Others,Shri Rajmohan Unnithan ,KASARAGOD,Kerala,Lok Sabha,120000.0,2026-01-13T00:00:00.000Z,False,,KASARAGOD(DISTRICT COLLECTOR KASARAGOD_IDA)
227923,"Supply of One Electronic Electric Wheel Chair for a beneficiary at Uppilikai, Hosdurg (Ward No-21) in Kanhangad Municipality",Normal/Others,Shri Rajmohan Unnithan ,KASARAGOD,Kerala,Lok Sabha,120000.0,2026-01-13T00:00:00.000Z,False,,KASARAGOD(DISTRICT COLLECTOR KASARAGOD_IDA)
227920,"Supply of One Electronic Electric Wheel Chair for a beneficiary at Bangara, Manjeswar (Ward No-14) in ManjeshwarGramapanchayath",Normal/Others,Shri Rajmohan Unnithan ,KASARAGOD,Kerala,Lok Sabha,120000.0,2026-01-13T00:00:00.000Z,False,,KASARAGOD(DISTRICT COLLECTOR KASARAGOD_IDA)
221655,Construction of PCC Road,Normal/Others,Shri Satish Chandra Dubey (2022-28),Sitting Rajya Sabha,Bihar,Rajya Sabha,497652.0,2026-01-13T00:00:00.000Z,False,,PASHCHIM CHAMPARAN(DISTRICT PLANNING OFFICER WEST CHAMPARANBETTIAH_IDA)
187246,Interlocking work in kandwa ward no. 19 from Shyam Pandeys house to Renu Singhs house in Awaleshpur. Length 79.50 m.,Normal/Others,Shri Narendra Modi,VARANASI,Uttar Pradesh,Lok Sabha,722750.0,2026-01-13T00:00:00.000Z,True,,VARANASI(DISTRICT MAGISTRAE VARANASI_IDA)
187863,Construction of Community Hall of Odra Khandayat kalanji Samaja,Normal/Others,ANITA SUBHADARSHINI,ASKA,Odisha,Lok Sabha,400000.0,2026-01-13T00:00:00.000Z,True,,GANJAM(DISTRICT COLLECTOR GANJAM_IDA)
137763,"Instalation 1 (one) no of mini hight mast street light under AUSHGRAM -II BLOCK.Excuting Agency will be M.D. WEST BENGAL AGRO INDUSTRIES CORPORATION LTD, 23-B N. S. ROAD KOLKATA -1",Normal/Others,Asit Kumar Mal ,BOLPUR,West Bengal,Lok Sabha,279462.0,2026-01-13T00:00:00.000Z,False,,PURBA BARDHAMAN(DISTRICT MAGISTRATE PURBA BARDHAMAN_IDA)
207738,"Laying of CC Road from Konda Venkateshwarlu(H) to Raithu Vedika at Gunnepally(V), Danthalapally(M), Mahabubabad Dist.",Normal/Others,Shri Ravi Chandra Vaddiraju (2024-30),Sitting Rajya Sabha,Telangana,Rajya Sabha,497986.0,2026-01-13T00:00:00.000Z,True,,MAHABUBABAD(DISTRICT COLLECTOR MAHABUBABAD_IDA)
205059,Construction of Road from Astol main road to Tambarmal Phalia towards Lakshubhai Somabhai Bhanwar Moholla  Kaprada Taluka,Normal/Others,DHAVAL LAXMANBHAI PATEL,VALSAD,Gujarat,Lok Sabha,500000.0,2026-01-13T00:00:00.000Z,True,,VALSAD(DISTRICT COLLECTOR VALSAD_IDA)
174042,"Construction of C.C. Road by R.E.S. Ghazipur in Block Sadaat, Village Ikra, from Vijay Kushwaha house to Pravesh Kushwaha house, estimated length 100m x 2.40m x 10cm, proposed cost 4 lakh rupees.",Normal/Others,AFZAL ANSARI,GHAZIPUR,Uttar Pradesh,Lok Sabha,394382.0,2026-01-13T00:00:00.000Z,True,,GHAZIPUR(DISTRICT MAGISTRAE GHAZIPUR_IDA)
178452,NANKAR URF RAMJIWALA ME CHAURAHE KE PASS SARVJANIK STHAL PAR SEMI HIGH MAST LIGHT 6 LIGHT WALI,Normal/Others,RUCHI VIRA,MORADABAD,Uttar Pradesh,Lok Sabha,168694.0,2026-01-14T00:00:00.000Z,True,,BIJNOR(DISTRICT MAGISTRATE BIJNOR_IDA)
147255,"GRAM KUMHARPUR URF IBRAHIMPUR VIKAS KHAND HALDAUR MEIN RAMNATH JI KE GHAR SE NAHAR KE PUL KI OR CC ROAD AUR NAALI NIRMAN KARYA.
(Provincial Co-operative Construction and Development Ltd., Bijnor)",Normal/Others,CHANDRA SHEKHAR,NAGINA,Uttar Pradesh,Lok Sabha,1094650.0,2026-01-14T00:00:00.000Z,True,,BIJNOR(DISTRICT MAGISTRATE BIJNOR_IDA)
178447,GRAM RASULPUR MUJAFFAR ME MASJID KE PASS CHAURAHE PAR SARVJANIK STHAL PAR SEMI HIGH MAST LIGHT 6 LIGHT WALI,Normal/Others,RUCHI VIRA,MORADABAD,Uttar Pradesh,Lok Sabha,169224.0,2026-01-14T00:00:00.000Z,True,,BIJNOR(DISTRICT MAGISTRATE BIJNOR_IDA)
160229,BLOCK KERAKAT K ANTARGAT KERAKAT BAZAR ME SAMUDAYIK SWASTHYA KENDRA KERAKAT K SAMANE 01 NAG HIGH MASK SOLAR LIGHT,Normal/Others,PRIYA SAROJ,MACHHLISHAHR,Uttar Pradesh,Lok Sabha,107932.0,2026-01-14T00:00:00.000Z,True,,JAUNPUR(DISTRICT MAGISTRATE JAUNPUR_IDA)
160228,BLOCK KERAKAT GRAM SABHA KUSARNA ME NON MATIYA BAZAR K TIRAHE PAR 01 NAG HIGH MASK SOLAR LIGHT,Normal/Others,PRIYA SAROJ,MACHHLISHAHR,Uttar Pradesh,Lok Sabha,107932.0,2026-01-14T00:00:00.000Z,True,,JAUNPUR(DISTRICT MAGISTRATE JAUNPUR_IDA)
154839,"Sansad Vikas Nidhi + NREGS Se 
Gram Panchayat Jogi Kiroda Me shekhar Singh Dangi Ke Ghar Se Towar Ki Or C.C. Road Nirman Karya Hetu.",Normal/Others,DR. LATA WANKHEDE,SAGAR,Madhya Pradesh,Lok Sabha,494000.0,2026-01-14T00:00:00.000Z,True,,VIDISHA(District Collector Vidisha_IDA)
226337,"10 Semi High Mask Light in Village Pathauli, Dauretha Baghel Basti, Barara, Rauhata, Maharani Bagh, Vilas Ganj, Nagla Gade, Rauhata, Nagla Nathu, Shyamo  in Vidhan Sabha Agra Gramin According to letter no 99-9891-2025 dated 11-8-2025",Normal/Others,Rajkumar Chahar ,FATEHPUR SIKRI,Uttar Pradesh,Lok Sabha,2487932.0,2026-01-14T00:00:00.000Z,True,,AGRA(DISTRICT MAGISTRAE AGRA_IDA)
228968,Construction of PCC road from Main Road Tower to Devi Sthaan in Jamhor Panchayat of Ward No 8 in Aurangabad City,Normal/Others,ABHAY KUMAR SINHA,AURANGABAD,Bihar,Lok Sabha,989474.0,2026-01-14T00:00:00.000Z,True,,AURANGABAD(DISTRICT PLANNING OFFICER AURANGABAD_IDA)
174543,"beneficiary name sh priysnshu gharu son of sh naresh kumar gharu, contact no 9179161118",Normal/Others,DARSHAN SINGH CHOUDHARY,HOSHANGABAD,Madhya Pradesh,Lok Sabha,95000.0,2026-01-14T00:00:00.000Z,False,,NARMADAPURAM(DISTRICT COLLECTOR NARMADAPURAM_IDA)
161432,Gram Panchayat Raikhedi ke gram lakhakhedi me dharmsingh ke ghar se heeraman ke ghar ki or c.c. road nirman karya hetu.,Normal/Others,DR. LATA WANKHEDE,SAGAR,Madhya Pradesh,Lok Sabha,494000.0,2026-01-14T00:00:00.000Z,False,,VIDISHA(District Collector Vidisha_IDA)
179777,GRAM MURTAZAPUR CHAURAHE KE PASS SARVJANIK STHAL PAR SEMI HIGH MAST LIGHT 6 LIGHT WALI,Normal/Others,RUCHI VIRA,MORADABAD,Uttar Pradesh,Lok Sabha,169773.0,2026-01-14T00:00:00.000Z,True,,BIJNOR(DISTRICT MAGISTRATE BIJNOR_IDA)
47031,Work of high mast light near Panchayat building of  Gram Panchayat Mitihiniya of Kone development block.,Normal/Others,Shri Hardeep Singh Puri (2020-26),Sitting Rajya Sabha,Uttar Pradesh,Rajya Sabha,680176.0,2026-01-14T00:00:00.000Z,False,,SONBHADRA(DISTRICT MAGISTRATE SONBHADRA_IDA)
209962,"Prakhand - Obra, Panchayat - Karsaon, Gram - Rukhap, ward - 4 men Vinay singh ke ghar ke pass sarvajanik sthan per chapakal",Normal/Others,RAJA RAM SINGH,KARAKAT,Bihar,Lok Sabha,74054.0,2026-01-14T00:00:00.000Z,True,,AURANGABAD(DISTRICT PLANNING OFFICER AURANGABAD_IDA)
160206,Construction of Community hall at Marali village of Gangavathi assembely constituency under koppal parliamentary constituency.,Normal/Others,K. RAJASHEKAR BASAVARAJ HITNAL,KOPPAL,Karnataka,Lok Sabha,296331.0,2026-01-14T00:00:00.000Z,True,,KOPPAL(DEPUTY COMMISSIONER KOPPAL_IDA)
135899,SHIVTAR GUMAN KA PURA PAKKI SADAK SE PAAL BASTI TAK INTERLOCKING KARYA DURI 130M,Normal/Others,LALJI VERMA,AMBEDKAR NAGAR,Uttar Pradesh,Lok Sabha,565743.0,2026-01-14T00:00:00.000Z,True,,AYODHYA(DISTRICT MAGISTRAE FAIZABAD_IDA)
176490,"HIGH MAST LIGHT WITH SIX LED RECOMMENDED IN MY CONSTITUENCY NAGINA BY IMPLEMNETING AGENCY PCCD BIJNORE (VILLAGE CHITAWAR, VALMIKI BASTI)",Normal/Others,CHANDRA SHEKHAR,NAGINA,Uttar Pradesh,Lok Sabha,175058.0,2026-01-14T00:00:00.000Z,True,,BIJNOR(DISTRICT MAGISTRATE BIJNOR_IDA)
179698,GRAM RAIPUR SADAT ME MAIN CHAURAHA HAJI TAHIR HUSAIN KE GHAR KE PASS SARVJANIK STHAL PAR SEMI HIGH MAST LIGHT 6 LIGHT WALI,Normal/Others,RUCHI VIRA,MORADABAD,Uttar Pradesh,Lok Sabha,168694.0,2026-01-14T00:00:00.000Z,True,,BIJNOR(DISTRICT MAGISTRATE BIJNOR_IDA)
178433,"VILLAGE KASAMPUR GARI ME MAIN BAZAR ,MIYA JI KI DUKAN KE SAMNE ,TIRAHE PAR SARVJANIK STHAL PAR SEMI HIGH MAST LIGHT 6 LIGHT WALI",Normal/Others,RUCHI VIRA,MORADABAD,Uttar Pradesh,Lok Sabha,169766.0,2026-01-14T00:00:00.000Z,True,,BIJNOR(DISTRICT MAGISTRATE BIJNOR_IDA)
213241,street and drain,Normal/Others,Shri Harbhajan Singh (2022-28),Sitting Rajya Sabha,Punjab,Rajya Sabha,200000.0,2026-01-15T00:00:00.000Z,False,,HOSHIARPUR(DEPUTY COMMISSIONER HOSHIARPUR_IDA)
141711,Construction of Pond,Normal/Others,DR. RAJ KUMAR CHABBEWAL,HOSHIARPUR,Punjab,Lok Sabha,200000.0,2026-01-15T00:00:00.000Z,False,,HOSHIARPUR(DEPUTY COMMISSIONER HOSHIARPUR_IDA)
217153,"Junagadh District,Junagadh Taluka,Mevasa Kamri Village,Paver block work from Anilbhai Karamshi house to Babubhai Movaliya house in Mevasa Kamri village",Normal/Others,Rajeshbhai Naranbhai Chudasama,JUNAGADH,Gujarat,Lok Sabha,295723.0,2026-01-16T00:00:00.000Z,True,,JUNAGADH(DISTRICT COLLECTOR JUNAGADH_IDA)
182042,construction of CC roads and CC drainage at kuruba street Kannayakanahalli Tirumakudal - Narsipur,Normal/Others,SUNIL BOSE,CHAMARAJANAGAR,Karnataka,Lok Sabha,5000000.0,2026-01-16T00:00:00.000Z,True,,MYSURU(DEPUTY COMMISSIONER MYSORE_IDA)
215028,Silao block ke Mahuri gram me sidhi ghat ke bagal me Pcc dhalai.,Normal/Others,Kaushalendra Kumar,NALANDA,Bihar,Lok Sabha,495000.0,2026-01-16T00:00:00.000Z,True,,NALANDA(DISTRICT PLANNING OFFICER NALANDA_IDA)
88765,"Construction of Earth Work & B.O.E. Soiling from Kashyap's House towards Shamshan Road at Village Nuna Khera, Block Baghra, District Muzaffarnagar",Normal/Others,Shri Kapil Sibal (2022-28),Sitting Rajya Sabha,Uttar Pradesh,Rajya Sabha,767249.0,2026-01-16T00:00:00.000Z,True,,MUZAFFARNAGAR(DISTRICT MAGISTRATE MUZAFFARNAGAR_IDA)
147486,BHUJAULI SHUKL ME BLOCK VISHUNPURA PRATHAMIK VIDYALAY KE PRANAGN ME OPEN GYM KI STHAPANA,Normal/Others,Vijay Kumar Dubey,KUSHI NAGAR,Uttar Pradesh,Lok Sabha,847572.0,2026-01-16T00:00:00.000Z,True,,Kushinagar(DISTRICT MAGISTRATE KUSHINAGAR PADRAUNA_IDA)
159457,"Construction of Bus Shelter at Attigadde Village Near Bisilumane Circle,Kannangi GP. (SC)",Normal/Others,Shri B Y Raghavendra ,SHIMOGA,Karnataka,Lok Sabha,360000.0,2026-01-16T00:00:00.000Z,True,,SHIVAMOGGA(DEPUTY COMMISSIONER SHIMOGA_IDA)
147484,PAGARA A BLOCK PADRAUNA KE PRATHAMIK SCHOOL KE PRANGAN ME OPEN GYM KI STHAPANA,Normal/Others,Vijay Kumar Dubey,KUSHI NAGAR,Uttar Pradesh,Lok Sabha,848161.0,2026-01-16T00:00:00.000Z,True,,Kushinagar(DISTRICT MAGISTRATE KUSHINAGAR PADRAUNA_IDA)
152427,Sr.No. 07 Interlocking work of 100 meters length from Pitch Road to Surendra's house in Majra Teliyani.,Normal/Others,KARAN BHUSHAN SINGH,KAISERGANJ,Uttar Pradesh,Lok Sabha,577439.0,2026-01-17T00:00:00.000Z,True,,BAHRAICH(DISTRICT MAGISTRAE BAHRAICH_IDA)
195987,gram panchayat matukari ke majra Aat me Mataji ke mandir se Parshuram ke ghar tak interlocking karya,Normal/Others,Swami Sachchidanandhari Sakshi ji Maharaj ,UNNAO,Uttar Pradesh,Lok Sabha,1495013.0,2026-01-17T00:00:00.000Z,True,,UNNAO(DISTRICT MAGIISTRATE UNNAO_IDA)
209353,Block Simbhaoli ke gram saloni me mukhya marg par dheeraj ke makan se nanhe lodi ke makan ki or 127 mtr. Rcc road va nali nirman karya (Impliment Agency RED Hapur),Normal/Others,KANWAR SINGH TANWAR,AMROHA,Uttar Pradesh,Lok Sabha,741384.0,2026-01-17T00:00:00.000Z,True,,HAPUR(DISTRICT MAGISTRATE HAPUR_IDA)
193511,18 solar lights at different public places,Normal/Others,Smt. Geeta alias Chandraprabha (2020-26),Sitting Rajya Sabha,Uttar Pradesh,Rajya Sabha,899994.0,2026-01-17T00:00:00.000Z,True,,AURAIYA(DISTRICT MAGISTRATE AURAIYA_IDA)
191242,19 solar lights at different public places,Normal/Others,Smt. Geeta alias Chandraprabha (2020-26),Sitting Rajya Sabha,Uttar Pradesh,Rajya Sabha,949995.0,2026-01-17T00:00:00.000Z,True,,AURAIYA(DISTRICT MAGISTRATE AURAIYA_IDA)
213157,"Installing High Mast Street Lighting Poles at the circle in front of Kittana Halli Gram Panchayat, Kittana Halli, Bengaluru North Taluk, Bengaluru Urban District.",Normal/Others,Shri Jaggesh (2022-28),Sitting Rajya Sabha,Karnataka,Rajya Sabha,999908.0,2026-01-17T00:00:00.000Z,True,,BENGALURU URBAN(DEPUTY COMMISSIONER BANGALORE URBAN_IDA)
153980,"Construction of Tin shed near Hanuman mandir,Rathnapur",Normal/Others,Arvind Dharmapuri,NIZAMABAD,Telangana,Lok Sabha,312923.0,2026-01-19T00:00:00.000Z,False,,Jagitial(DISTRICT COLLECTOR JAGTIAL_IDA)
152187,"beneficiary name sh. lakhan keer s/o kewal ram keer, he is more then 40% disable. contact no 8821814561",Normal/Others,DARSHAN SINGH CHOUDHARY,HOSHANGABAD,Madhya Pradesh,Lok Sabha,95000.0,2026-01-19T00:00:00.000Z,True,,NARMADAPURAM(DISTRICT COLLECTOR NARMADAPURAM_IDA)
197440,Construction of Mukta Mancha at Piyali under Bansra GP,Normal/Others,Pratima Mondal ,JOYNAGAR,West Bengal,Lok Sabha,498674.0,2026-01-19T00:00:00.000Z,True,,South 24 Parganas(DISTRICT MAGISTRATE SOUTH TWENTY FOUR PARGANAS_IDA)
222674,"VILLAGE SARAI IMMA VIKAS KHAND KEERATPUR ME BABBU PUTRA KALLU KE GHAR SE MAHTAB BHAAI PURTRA MAHBOOB BHAI KE GHAR KI OR CC ROAD NAALI NIRMAN KARYA (PROVINCIAL CO-OPERATIVE CONSTRUCTION AND DEVELOPMENT LTD., BIJNOR)",Normal/Others,CHANDRA SHEKHAR,NAGINA,Uttar Pradesh,Lok Sabha,1925748.0,2026-01-19T00:00:00.000Z,True,,BIJNOR(DISTRICT MAGISTRATE BIJNOR_IDA)
205090,Construction of Drama stage at AD colony of Rengapalayam Panchayat. T.Kallupatti Block,Normal/Others,Manickam Tagore B,VIRUDHUNAGAR,Tamil Nadu,Lok Sabha,998423.0,2026-01-19T00:00:00.000Z,True,,MADURAI(DISTRICT COLLECTOR MADURAI_IDA)
197960,village darapur brakh singh house to satish chand house 80 meter inter locking,Normal/Others,AKSHAYA YADAV,FIROZABAD,Uttar Pradesh,Lok Sabha,799474.0,2026-01-19T00:00:00.000Z,False,,FIROZABAD(DISTRICT MAGISTRATE FIROZABAD_IDA)
221010,Construction of Protection work Concrete wall near Ravi Nadi Kalsuin,Normal/Others,Shri Harsh Mahajan (2024-30),Sitting Rajya Sabha,Himachal Pradesh,Rajya Sabha,400000.0,2026-01-19T00:00:00.000Z,False,,CHAMBA(DEPUTY COMMISSIONER CHAMBA_IDA)
239934,Construction of Paver Block at Main road towards Natubhai bhikhabhai house area,Normal/Others,Devusinh Jesingbhai Chauhan,KHEDA,Gujarat,Lok Sabha,98659.0,2026-01-20T00:00:00.000Z,False,,KHEDA(DISTRICT COLLECTOR KHEDA_IDA)
148763,"Construction of CC Road:
Kshetr Panchayat Sadar, Gram Panchayat Bidiapara, From Mauza Chak Husain, Khalisapur,
Nahar to Dalit basti Moti Ram's Residence residence
165 Mtrx 2.40 Mtr x 10 cm
Development Agency - RES Ghazipur",Normal/Others,AFZAL ANSARI,GHAZIPUR,Uttar Pradesh,Lok Sabha,806333.0,2026-01-20T00:00:00.000Z,True,,GHAZIPUR(DISTRICT MAGISTRAE GHAZIPUR_IDA)
146884,work of Solar Street lights,Normal/Others,Shri Harsh Mahajan (2024-30),Sitting Rajya Sabha,Himachal Pradesh,Rajya Sabha,241395.0,2026-01-20T00:00:00.000Z,False,,KANGRA(DEPUTY COMMISSIONER KANGRA_IDA)
136033,chennanvilai,Normal/Others,Shri vijayakumar Vasanth,KANNIYAKUMARI,Tamil Nadu,Lok Sabha,1287207.0,2026-01-20T00:00:00.000Z,True,,KANNIYAKUMARI(DISTRICT COLLECTOR KANNIYAKUMARI_IDA)
192490,VIKASHKHAND BADLAPUR ME SHREE BRAHMNATH SINGH GRAM BUDHANPUR ME 25 KVA KA TRANSFORMER OR VIDHUTIKARAN KA KARYA,Normal/Others,Smt. Seema Dwivedi (2020-26),Sitting Rajya Sabha,Uttar Pradesh,Rajya Sabha,150600.0,2026-01-20T00:00:00.000Z,True,,JAUNPUR(DISTRICT MAGISTRATE JAUNPUR_IDA)
161243,Remodeling and Renovation Pond at Village Bharaj Block Bhawanigarh District Sangrur,Repair and Renovation,Shri Sant Balbir Singh (2022-28),Sitting Rajya Sabha,Punjab,Rajya Sabha,1983843.0,2026-01-20T00:00:00.000Z,False,,SANGRUR(DEPUTY COMMISSIONER SANGRUR_IDA)
153119,"Installation of minimast light    (8Mtr,Octogonal  pole LED Flood Light 150 Wx5 no.s)  near  St.Thomas church  Churuly   at Murickassery jn. in ward 4/5 of Idukki -Kanjikkuzhy grama panchayathu , Idukki Block",Normal/Others,Adv Dean Kuriakose,IDUKKI,Kerala,Lok Sabha,215496.0,2026-01-20T00:00:00.000Z,True,,IDUKKI(DISTRICT COLLECTOR IDUKKI_IDA)
232898,ward- 53 saraimeeta gaon me JKD School ke pas pandey ke ghar ke shiv mandir tak interlocking road ka nirman karya.,Normal/Others,RAMESH AWASTHI,KANPUR,Uttar Pradesh,Lok Sabha,1318747.0,2026-01-20T00:00:00.000Z,True,,KANPUR NAGAR(DISTRICT MAGISTRAE KANPUR NAGAR_IDA)
148221,RAMPUR DHANUHAN IRFAN AHAMAD S\O JAMEEL AHAMAD K GHAR 01 NAG SOLAR LIGHT,Normal/Others,PRIYA SAROJ,MACHHLISHAHR,Uttar Pradesh,Lok Sabha,20879.0,2026-01-21T00:00:00.000Z,True,,JAUNPUR(DISTRICT MAGISTRATE JAUNPUR_IDA)
198169,ZARNA KABIR GAM KHATE PEVAR BLOCK NU KAM,Normal/Others,Mansukhbhai Dhanjibhai Vasava,BHARUCH,Gujarat,Lok Sabha,300000.0,2026-01-21T00:00:00.000Z,False,,BHARUCH(DISTRICT COLLECTOR BROACH_IDA)
148222,IMRAN MANSOORI CHHOTE S\O ALI ANWAR K GHAR 01 NAG SOLAR LIGHT,Normal/Others,PRIYA SAROJ,MACHHLISHAHR,Uttar Pradesh,Lok Sabha,20879.0,2026-01-21T00:00:00.000Z,True,,JAUNPUR(DISTRICT MAGISTRATE JAUNPUR_IDA)
216919,INSTALLATION OF 11 SOLAR LIGHTS IN GRAM PANCHAYAT,Normal/Others,RAJEEV BHARDWAJ,KANGRA,Himachal Pradesh,Lok Sabha,139755.0,2026-01-21T00:00:00.000Z,False,,KANGRA(DEPUTY COMMISSIONER KANGRA_IDA)
216028,ETAWAH SADAR STESHION ROD URDU MOHALLA KABRISTHAN STESHAN ROD AMBEDKAR MOORTI KE PEECHE HIGH MAST LIGHT 8755593087,Normal/Others,JITENDRA KUMAR DOHARE,ETAWAH,Uttar Pradesh,Lok Sabha,269969.0,2026-01-21T00:00:00.000Z,True,,ETAWAH(DISTRICT MAGISTRATE ETAWAH_IDA)
147991,ISTIYAQ AHAMAD S\O MOHD. UMAR K GHAR 01 NAG SOLAR LIGHT,Normal/Others,PRIYA SAROJ,MACHHLISHAHR,Uttar Pradesh,Lok Sabha,20879.0,2026-01-21T00:00:00.000Z,False,,JAUNPUR(DISTRICT MAGISTRATE JAUNPUR_IDA)
148896,CONSTRUCTION OF Boundra Wall fROM Aam vala Talab to Agra Jagner Road at Nagala Parmal Akola,Normal/Others,Rajkumar Chahar ,FATEHPUR SIKRI,Uttar Pradesh,Lok Sabha,890700.0,2026-01-21T00:00:00.000Z,True,,AGRA(DISTRICT MAGISTRAE AGRA_IDA)
234569,"Laying of CC Road from Indica Shiva House to R and B Road, Main Road",Normal/Others,DR.MALLU RAVI,NAGARKURNOOL,Telangana,Lok Sabha,499981.0,2026-01-21T00:00:00.000Z,True,,JOGULAMBA GADWAL(DISTRICT COLLECTOR JOGULAMBA GADWAL_IDA)
169312,Installation work of a semi high mast light 6 way near Gurudwara intersection in village Veerpur.,Normal/Others,UTKARSH VERMA MADHUR,KHERI,Uttar Pradesh,Lok Sabha,166033.0,2026-01-21T00:00:00.000Z,False,,KHERI(DISTRICT MAGISTRAE KHERI_IDA)
191244,22 solar lights at different public places,Normal/Others,Smt. Geeta alias Chandraprabha (2020-26),Sitting Rajya Sabha,Uttar Pradesh,Rajya Sabha,1099998.0,2026-01-21T00:00:00.000Z,True,,AURAIYA(DISTRICT MAGISTRATE AURAIYA_IDA)
208713,solar high mast,Normal/Others,Gyaneshwar Patil,KHANDWA,Madhya Pradesh,Lok Sabha,364247.0,2026-01-21T00:00:00.000Z,True,,Khandwa (East Nimar)(DISTRICT COLLECTOR EAST NIMAR_IDA)
208707,solar high mast,Normal/Others,Gyaneshwar Patil,KHANDWA,Madhya Pradesh,Lok Sabha,364247.0,2026-01-21T00:00:00.000Z,True,,Khandwa (East Nimar)(DISTRICT COLLECTOR EAST NIMAR_IDA)
208690,solar high mast,Normal/Others,Gyaneshwar Patil,KHANDWA,Madhya Pradesh,Lok Sabha,364247.0,2026-01-21T00:00:00.000Z,True,,Khandwa (East Nimar)(DISTRICT COLLECTOR EAST NIMAR_IDA)
176523,HIGH MAST LIGHT WITH SIX LED RECOMMENDED IN MY CONSTITUENCY NAGINA BY IMPLEMNETING AGENCY PCCD BIJNORE (VILLAGE SAIDPURI MAHICHAND NEAR GURUDWARA),Normal/Others,CHANDRA SHEKHAR,NAGINA,Uttar Pradesh,Lok Sabha,176644.0,2026-01-21T00:00:00.000Z,True,,BIJNOR(DISTRICT MAGISTRATE BIJNOR_IDA)
176452,HIGH MAST LIGHT WITH SIX LED RECOMMENDED IN MY CONSTITUENCY NAGINA BY IMPLEMNETING AGENCY PCCD BIJNORE (VILLAGE PRITHIPUR AASHRAM PAR),Normal/Others,CHANDRA SHEKHAR,NAGINA,Uttar Pradesh,Lok Sabha,175589.0,2026-01-21T00:00:00.000Z,True,,BIJNOR(DISTRICT MAGISTRATE BIJNOR_IDA)
207735,"Zone-4, Ward No. 60, Molakaundanpalayam Government Middle School, 4th Road, near the installation of a 9 Mtr (Hight Mast Light) small tower Electric Light (1 Nos) (2025-26)",Normal/Others,K E PRAKASH,ERODE,Tamil Nadu,Lok Sabha,450000.0,2026-01-21T00:00:00.000Z,True,,ERODE(DISTRICT_COLLECTORE_ERODE_IDA)
199895,Betul Block ke Gram Panchayat me Yatri prtikshalaya,Normal/Others,Durga Das Uikey ,BETUL,Madhya Pradesh,Lok Sabha,259942.0,2026-01-21T00:00:00.000Z,True,,BETUL(DISTRICT COLLECTOR BETUL_IDA)
144131,"CONSTRUCTION OF CC ROAD AND DRAIN FROM OMPRAKASH'S HOUSE TO IRSHAD'S HOUSE IN THE VILLAGE OF NAGLA BHAJJA EHTEMALI, BLOCK ALLEHPUR (Provincial Co-operative Construction and Development Ltd., Bijnor).",Normal/Others,CHANDRA SHEKHAR,NAGINA,Uttar Pradesh,Lok Sabha,1713009.0,2026-01-21T00:00:00.000Z,True,,BIJNOR(DISTRICT MAGISTRATE BIJNOR_IDA)
212211,Installation of 10 solar light in ward no 6,Normal/Others,RAJEEV BHARDWAJ,KANGRA,Himachal Pradesh,Lok Sabha,127050.0,2026-01-21T00:00:00.000Z,False,,KANGRA(DEPUTY COMMISSIONER KANGRA_IDA)
169919,Installation work of a semi high mast light 6 way near Kadiya intersection in Gram Panchayat Bhedauri village Belrayon.,Normal/Others,UTKARSH VERMA MADHUR,KHERI,Uttar Pradesh,Lok Sabha,166033.0,2026-01-21T00:00:00.000Z,True,,KHERI(DISTRICT MAGISTRAE KHERI_IDA)
218987,Installation of 18 Solar lights at various public places in Palampur Constituency,Normal/Others,RAJEEV BHARDWAJ,KANGRA,Himachal Pradesh,Lok Sabha,228690.0,2026-01-21T00:00:00.000Z,False,,KANGRA(DEPUTY COMMISSIONER KANGRA_IDA)
161072,One Semi Hight Mast light (6 Lights 200 Watt)in Every village,Normal/Others,ANAND BHADAURIYA,DHAURAHRA,Uttar Pradesh,Lok Sabha,166017.0,2026-01-21T00:00:00.000Z,True,,KHERI(DISTRICT MAGISTRAE KHERI_IDA)
169855,Installation work of a semi high mast light 6 way near Shani Maharaj Mandir intersection in Mo. Patelnagar Chaudharypurwa Nagar Panchayt Nighasan.,Normal/Others,UTKARSH VERMA MADHUR,KHERI,Uttar Pradesh,Lok Sabha,166033.0,2026-01-21T00:00:00.000Z,True,,KHERI(DISTRICT MAGISTRAE KHERI_IDA)
169250,Installation work of a semi high mast light 6 way near Mamri Bazar intersection in village Mamri.,Normal/Others,UTKARSH VERMA MADHUR,KHERI,Uttar Pradesh,Lok Sabha,166033.0,2026-01-21T00:00:00.000Z,False,,KHERI(DISTRICT MAGISTRAE KHERI_IDA)
169227,Installation work of a semi high mast light 6 way near Gurudwara Singh Sabha intersection in Gram Panchayat Sisauna.,Normal/Others,UTKARSH VERMA MADHUR,KHERI,Uttar Pradesh,Lok Sabha,166050.0,2026-01-21T00:00:00.000Z,True,,KHERI(DISTRICT MAGISTRAE KHERI_IDA)
169048,Installation work of a semi high mast light 6 way near the temple intersection in village Karanpur in Gram Panchayat Karanpur.,Normal/Others,UTKARSH VERMA MADHUR,KHERI,Uttar Pradesh,Lok Sabha,166050.0,2026-01-21T00:00:00.000Z,False,,KHERI(DISTRICT MAGISTRAE KHERI_IDA)
169042,Installation work of a semi high mast light 6 way near Durga Mandir intersection in village Jagdishpur of Gram Panchayat Saidapur Bhau.,Normal/Others,UTKARSH VERMA MADHUR,KHERI,Uttar Pradesh,Lok Sabha,166050.0,2026-01-21T00:00:00.000Z,False,,KHERI(DISTRICT MAGISTRAE KHERI_IDA)
204499,GRAM SABHA SATHRI TERHU KA PURWA TIRAHE PAR BLOCK MASODHA 8960339100,Normal/Others,AWADHESH PRASAD,FAIZABAD,Uttar Pradesh,Lok Sabha,245311.0,2026-01-21T00:00:00.000Z,True,,AYODHYA(DISTRICT MAGISTRAE FAIZABAD_IDA)
169025,Installation work of a semi high mast light 6way near the intersection of Narendra Kumar Verma Purv pradhan  house in village Chahamalpur.,Normal/Others,UTKARSH VERMA MADHUR,KHERI,Uttar Pradesh,Lok Sabha,166033.0,2026-01-21T00:00:00.000Z,True,,KHERI(DISTRICT MAGISTRAE KHERI_IDA)
146954,RADHESHYAM YADAV S\O LAL JI YADAV VILL BHATWA CHAK RAMPUR NADDI K GHAR 01 NAG SOLAR LIGHT,Normal/Others,PRIYA SAROJ,MACHHLISHAHR,Uttar Pradesh,Lok Sabha,20879.0,2026-01-21T00:00:00.000Z,True,,JAUNPUR(DISTRICT MAGISTRATE JAUNPUR_IDA)
147034,PEER MOHAMMAD S\O MOHD ABDULLAH K GHAR 01 NAG SOLAR LIGHT,Normal/Others,PRIYA SAROJ,MACHHLISHAHR,Uttar Pradesh,Lok Sabha,20879.0,2026-01-21T00:00:00.000Z,True,,JAUNPUR(DISTRICT MAGISTRATE JAUNPUR_IDA)
147038,"1- PARAS NATH YADAV S\O MUNNI LAL YADAV, 2- BRIJ LAL PATEL S\O RAJ NARAYAN PATEL K GHAR KUL 02 NAG SOLAR LIGHT",Normal/Others,PRIYA SAROJ,MACHHLISHAHR,Uttar Pradesh,Lok Sabha,41756.0,2026-01-21T00:00:00.000Z,True,,JAUNPUR(DISTRICT MAGISTRATE JAUNPUR_IDA)
147054,RAJ KUMAR YADAV S\O NAKSHATRA BALI YADAV K GHAR 01 NAG SOLAR LIGHT,Normal/Others,PRIYA SAROJ,MACHHLISHAHR,Uttar Pradesh,Lok Sabha,20879.0,2026-01-21T00:00:00.000Z,True,,JAUNPUR(DISTRICT MAGISTRATE JAUNPUR_IDA)
169283,Installation work of a semi high mast light 6 way  near Gurudwara intersection in village Subhashnagar.,Normal/Others,UTKARSH VERMA MADHUR,KHERI,Uttar Pradesh,Lok Sabha,166033.0,2026-01-21T00:00:00.000Z,False,,KHERI(DISTRICT MAGISTRAE KHERI_IDA)
257079,"Supply of Laboratory Equipments to Government Hiher Secondary School, Vengambakkam Panchayat, Thirukalukundram Panchayat Union, Chengalpattu District",Normal/Others,Dr. M. Dhanapal (2025-31),Sitting Rajya Sabha,Tamil Nadu,Rajya Sabha,625000.0,2026-01-22T00:00:00.000Z,True,,CHENGALPATTU(District Collector Chengalpattu_IDA)
214936,Pro-siltation  measures to protect Hatipota pt - II arean from erosion of river Gaurang under MPLAD 2024-25,Normal/Others,RAKIBUL HUSSAIN,DHUBRI,Assam,Lok Sabha,299974.0,2026-01-22T00:00:00.000Z,True,,DHUBRI(DEPUTY COMMISSIONER DHUBRI_IDA)
216035,"BLOCK BASREHAR PANDIT DEENDAYAL UPADHYAY AVASIY VIDHAYLAY NAGLA HEERALAL KUMHAVAR ROD M CHAMANPURA TIRAHA KE PASS HIGH MAST LIGHT SHRI VEERPAL SINGH 9759379961,9259529809",Normal/Others,JITENDRA KUMAR DOHARE,ETAWAH,Uttar Pradesh,Lok Sabha,269969.0,2026-01-22T00:00:00.000Z,True,,ETAWAH(DISTRICT MAGISTRATE ETAWAH_IDA)
198910,"Manch construction at Badka Tola in Gram Panchayat - Manaura, Marwahi.",Normal/Others,Jyotsna Charandas Mahant ,KORBA,Chhattisgarh,Lok Sabha,350000.0,2026-01-22T00:00:00.000Z,True,,Gaurela-Pendra-Marwahi(Collector GPM_IDA)
194729,"Junagadh District,Visavadar Taluka,Lalpur Village, Paver block work from Pratapbhai shop to Lovejibhai house in Lalpur village",Normal/Others,Rajeshbhai Naranbhai Chudasama,JUNAGADH,Gujarat,Lok Sabha,250000.0,2026-01-22T00:00:00.000Z,True,,JUNAGADH(DISTRICT COLLECTOR JUNAGADH_IDA)
146965,MOHAN LAL YADAV S\O NIKHIDDI YADAV K GHAR 01 NAG SOLAR LIGHT,Normal/Others,PRIYA SAROJ,MACHHLISHAHR,Uttar Pradesh,Lok Sabha,20879.0,2026-01-22T00:00:00.000Z,True,,JAUNPUR(DISTRICT MAGISTRATE JAUNPUR_IDA)
226094,Construction of CC road from the house of Tulshi God to the residence of Moti God.,Normal/Others,Smt. Ranjeet Ranjan (2022-28),Sitting Rajya Sabha,Chhattisgarh,Rajya Sabha,1000000.0,2026-01-22T00:00:00.000Z,False,,Balodabazar-Bhatapara(Collector Baloda Bazar_IDA)
194279,15 solar lights at different public places,Normal/Others,Smt. Geeta alias Chandraprabha (2020-26),Sitting Rajya Sabha,Uttar Pradesh,Rajya Sabha,749984.0,2026-01-22T00:00:00.000Z,True,,AURAIYA(DISTRICT MAGISTRATE AURAIYA_IDA)
59983,Baby feeding center at police station bidhuna,Normal/Others,Smt. Geeta alias Chandraprabha (2020-26),Sitting Rajya Sabha,Uttar Pradesh,Rajya Sabha,329584.0,2026-01-22T00:00:00.000Z,True,,AURAIYA(DISTRICT MAGISTRATE AURAIYA_IDA)
137954,1.High Mast Light Shankar jee ke mandir ke pass,Normal/Others,AJENDRA SINGH LODHI,HAMIRPUR,Uttar Pradesh,Lok Sabha,321480.0,2026-01-22T00:00:00.000Z,False,,MAHOBA(DISTRICT MAGISTRAE MAHOBA_IDA)
136180,"4 dead body frezzer boxes within the area of nagar panchayat dibiyapur and phaphund 
Amount 250000 per box",Normal/Others,Smt. Geeta alias Chandraprabha (2020-26),Sitting Rajya Sabha,Uttar Pradesh,Rajya Sabha,999934.0,2026-01-22T00:00:00.000Z,True,,AURAIYA(DISTRICT MAGISTRATE AURAIYA_IDA)
141006,MS Pole with LED semi High Mast Light,Normal/Others,NARAYAN DAS AHIRWAR,JALAUN,Uttar Pradesh,Lok Sabha,211299.0,2026-01-22T00:00:00.000Z,False,,JHANSI(DISTRICT MAGISTRAE JHANSI_IDA)
227258,Gram Nagla Imaliya mai Veerpal Divakar kai Ghar se Dojiram Divakar kai Plot hotai hue Bhupendra Thakur kai plot ki tarf 125 meeter Interlocking work.,Normal/Others,ANOOP PRADHAN BALMIKI,HATHRAS,Uttar Pradesh,Lok Sabha,1310390.0,2026-01-23T00:00:00.000Z,False,,HATHRAS(DISTRICT MAGISTRATE HATHRAS_IDA)
146944,MANBODH KUMAR PAL S/O JOKHU RAM PAL K GHAR 01 NAG SOLAR LIGHT,Normal/Others,PRIYA SAROJ,MACHHLISHAHR,Uttar Pradesh,Lok Sabha,20879.0,2026-01-23T00:00:00.000Z,True,,JAUNPUR(DISTRICT MAGISTRATE JAUNPUR_IDA)
146949,JITENDRA PARATAP YADAV S\O SAHAB LAL YADAV K GHAR 01 NAG SOLAR LIGHT,Normal/Others,PRIYA SAROJ,MACHHLISHAHR,Uttar Pradesh,Lok Sabha,20879.0,2026-01-23T00:00:00.000Z,True,,JAUNPUR(DISTRICT MAGISTRATE JAUNPUR_IDA)
220112,Block Ramkola ke Gram Panchayat Sidhaven mein Kamesan ke ghar se Ramashray ke ghar tak 100 meter CC road ka nirmaan karya.,Normal/Others,Shri Ratanjit Pratap Narain Singh (2024-30),Sitting Rajya Sabha,Uttar Pradesh,Rajya Sabha,829204.0,2026-01-23T00:00:00.000Z,True,,Kushinagar(DISTRICT MAGISTRATE KUSHINAGAR PADRAUNA_IDA)
147547,LAL JI SAROJ S\O RAM NIHOR SAROJ K GHAR 01 NAG SOLAR LIGHT,Normal/Others,PRIYA SAROJ,MACHHLISHAHR,Uttar Pradesh,Lok Sabha,20879.0,2026-01-23T00:00:00.000Z,True,,JAUNPUR(DISTRICT MAGISTRATE JAUNPUR_IDA)
147998,JAY PRAKASH YADAV S\O MAHADEV YADAV K GHAR 01 NAG SOLAR LIGHT,Normal/Others,PRIYA SAROJ,MACHHLISHAHR,Uttar Pradesh,Lok Sabha,20879.0,2026-01-23T00:00:00.000Z,False,,JAUNPUR(DISTRICT MAGISTRATE JAUNPUR_IDA)
148000,RAMESH KUMAR PATEL S\O SUDHAKAR PATEL K GHAR 01 NAG SOLAR LIGHT,Normal/Others,PRIYA SAROJ,MACHHLISHAHR,Uttar Pradesh,Lok Sabha,20879.0,2026-01-23T00:00:00.000Z,False,,JAUNPUR(DISTRICT MAGISTRATE JAUNPUR_IDA)
203382,SITC of 10 Mtr Highmast with 180 watt Light with complete wiring and earthing of the Highmast with control panel and protection relay to carry the system Vill and GP-Khajoori PS-Jahazpur,Normal/Others,DAMODAR AGARWAL,BHILWARA,Rajasthan,Lok Sabha,206157.0,2026-01-23T00:00:00.000Z,True,,Shahpura(DISTRICT COLLECTOR Shahpura_IDA)
207453,NAGAR PANCHAYAT MATHAULI KE WARD NO 9 RAVINDRANATH TAGORE NAGAR ME TRILOKI CHAURASIYA KE GHAR SE SHIVBALAK KUSHWAHA KE GHAR TAK 100M C.C. SADAK KA NIRMAN KARY,Normal/Others,Shri Ratanjit Pratap Narain Singh (2024-30),Sitting Rajya Sabha,Uttar Pradesh,Rajya Sabha,895388.0,2026-01-23T00:00:00.000Z,True,,Kushinagar(DISTRICT MAGISTRATE KUSHINAGAR PADRAUNA_IDA)
153862,Purchase of mobile water tanker in village Ambi,Normal/Others,Gajendra Singh Patel,KHARGONE,Madhya Pradesh,Lok Sabha,166026.0,2026-01-23T00:00:00.000Z,False,,BARWANI(DISTRICT COLLECTOR BADWANI_IDA)
141789,Construction of two toilets in Govt High School Lalochi,Normal/Others,DR DHARAMVIRA GANDHI,PATIALA,Punjab,Lok Sabha,150000.0,2026-01-23T00:00:00.000Z,True,,PATIALA(DEPUTY COMMISSIONER PATIALA_IDA)
217078,Mandvi talukana kathda gaame gau shala chok ma gau shala shed,Normal/Others,Vinod Chavda,KACHCHH,Gujarat,Lok Sabha,500000.0,2026-01-23T00:00:00.000Z,True,,KACHCHH(DISTRICT COLLECTOR KUTCH_IDA)
147061,ABHAY RAJ YADAV S\O KAL MANI YADAV K GHAR 01 NAG SOLAR LIGHT,Normal/Others,PRIYA SAROJ,MACHHLISHAHR,Uttar Pradesh,Lok Sabha,20879.0,2026-01-23T00:00:00.000Z,True,,JAUNPUR(DISTRICT MAGISTRATE JAUNPUR_IDA)
60011,Multi purpose waiting hall for passengers and police personnel etc,Normal/Others,Smt. Geeta alias Chandraprabha (2020-26),Sitting Rajya Sabha,Uttar Pradesh,Rajya Sabha,989512.0,2026-01-23T00:00:00.000Z,True,,AURAIYA(DISTRICT MAGISTRATE AURAIYA_IDA)
214934,Pro-siltation  measures to protect KathuIipara area from erosion of river Tipkai under MPLAD 2024-25,Normal/Others,RAKIBUL HUSSAIN,DHUBRI,Assam,Lok Sabha,299829.0,2026-01-24T00:00:00.000Z,True,,DHUBRI(DEPUTY COMMISSIONER DHUBRI_IDA)
241297,"Interlocking work from Gram Sabha Narsada, Block Arazilines Rajatalab Jakhini Pitch Road to Shivshankar Singh Pateljis house. Length 185.00 m",Normal/Others,Shri Narendra Modi,VARANASI,Uttar Pradesh,Lok Sabha,880786.0,2026-01-24T00:00:00.000Z,True,,VARANASI(DISTRICT MAGISTRAE VARANASI_IDA)
177392,Construction of lane and drain from house of Nisar Ahmad Hazari up to Nisar Shala at Sehyar Jamalata,Normal/Others,AGA SYED RUHULLAH MEHDI,SRINAGAR,Jammu And Kashmir,Lok Sabha,226140.0,2026-01-24T00:00:00.000Z,True,,SRINAGAR(DEPUTY COMMISSIONER SRINAGAR_IDA)
165081,constraction of Rangmanch at Gram Panchayat Ghoghri janpad amarwara,Normal/Others,BUNTY VIVEK SAHU,CHHINDWARA,Madhya Pradesh,Lok Sabha,200000.0,2026-01-24T00:00:00.000Z,False,,CHHINDWARA(DISTRICT COLLECTOR CHHINDWARA_IDA)
199048,construction of embankment on both sides of bud kohl and lokut kohl at khalisa jagir parigam,Normal/Others,AGA SYED RUHULLAH MEHDI,SRINAGAR,Jammu And Kashmir,Lok Sabha,708500.0,2026-01-24T00:00:00.000Z,True,,PULWAMA(Deputy Commissioner  Pulwama_IDA)
137720,15 solar lights at different public places amount 50000 par light,Normal/Others,Smt. Geeta alias Chandraprabha (2020-26),Sitting Rajya Sabha,Uttar Pradesh,Rajya Sabha,749927.0,2026-01-27T00:00:00.000Z,True,,AURAIYA(DISTRICT MAGISTRATE AURAIYA_IDA)
188284,"Construction of a cemetery at Thavilpada, Surgana, Chikadi, Mouje (ST) (No. 418))",Normal/Others,BHASKAR MURLIDHAR BHAGARE,DINDORI,Maharashtra,Lok Sabha,698000.0,2026-01-27T00:00:00.000Z,True,,NASHIK(DISTRICT COLLECTOR NASHIK_IDA)
136168,17 solar lights at different public places amount 50000 per light,Normal/Others,Smt. Geeta alias Chandraprabha (2020-26),Sitting Rajya Sabha,Uttar Pradesh,Rajya Sabha,849916.0,2026-01-27T00:00:00.000Z,True,,AURAIYA(DISTRICT MAGISTRATE AURAIYA_IDA)
149572,VIJAY BAHADUR S\O SHRI RAM YADAV K GHAR 01 NAG SOLAR LIGHT,Normal/Others,PRIYA SAROJ,MACHHLISHAHR,Uttar Pradesh,Lok Sabha,20896.0,2026-01-27T00:00:00.000Z,False,,JAUNPUR(DISTRICT MAGISTRATE JAUNPUR_IDA)
150403,"1- PINTOO YADAV S\O RAJ BALI YADAV, 2- SALIM S\O ALAI K GHAR KUL 02 NAG SOLAR LIGHT",Normal/Others,PRIYA SAROJ,MACHHLISHAHR,Uttar Pradesh,Lok Sabha,41792.0,2026-01-27T00:00:00.000Z,False,,JAUNPUR(DISTRICT MAGISTRATE JAUNPUR_IDA)
194463,Provision and Laying of Synthetic Track,Normal/Others,Bansuri Swaraj,NEW DELHI,Delhi,Lok Sabha,2879532.0,2026-01-27T00:00:00.000Z,True,,SOUTH(COMMISSIONER SOUTH)
150499,GYANENDRA YADAV S\O SHIV ADHAR YADAV K GHAR 01 NAG SOLAR LIGHT,Normal/Others,PRIYA SAROJ,MACHHLISHAHR,Uttar Pradesh,Lok Sabha,20896.0,2026-01-27T00:00:00.000Z,False,,JAUNPUR(DISTRICT MAGISTRATE JAUNPUR_IDA)
178973,"G.I. coated water tanker capacity 5000 liter with fire fighter pump. Implementing Agency - Manager, M.P. Agro Industries development corporation limited.",Normal/Others,Smt Himadri Singh,SHAHDOL,Madhya Pradesh,Lok Sabha,198723.0,2026-01-27T00:00:00.000Z,False,,SHAHDOL(District Collector Shahdol_IDA)
207337,Drilling of a new borewell for scheme source near Dargha of Venkatagiri (V),Normal/Others,BASTIPATI NAGARAJU PANCHALINGALA,KURNOOL,Andhra Pradesh,Lok Sabha,199955.0,2026-01-27T00:00:00.000Z,True,,KURNOOL(DISTRICT COLLECTOR KURNOOL_IDA)
154245,"beneficiary name hariram gurjar son of rambagas gurjar, having disability, contact no 7587935551",Normal/Others,DARSHAN SINGH CHOUDHARY,HOSHANGABAD,Madhya Pradesh,Lok Sabha,95000.0,2026-01-27T00:00:00.000Z,True,,NARMADAPURAM(DISTRICT COLLECTOR NARMADAPURAM_IDA)
145908,L.No. 177 Dt 07.10.24 Gram panchayat  Badora me nagdeo mandir ke pass,Normal/Others,Durga Das Uikey ,BETUL,Madhya Pradesh,Lok Sabha,259942.0,2026-01-27T00:00:00.000Z,True,,BETUL(DISTRICT COLLECTOR BETUL_IDA)
145917,L.No. 177 Dt 07.10.24 Gram panchayat Sirdi ke multai raod par,Normal/Others,Durga Das Uikey ,BETUL,Madhya Pradesh,Lok Sabha,259942.0,2026-01-27T00:00:00.000Z,True,,BETUL(DISTRICT COLLECTOR BETUL_IDA)
168600,"Installation of Hand Pump at common place near the house of Shri Mahesh Mandal, village Kenari Mahadalit Tola, Panchayat-Teswar, Block Mohanpur, District Gaya",Normal/Others,JITAN RAM MANJHI,GAYA,Bihar,Lok Sabha,74500.0,2026-01-27T00:00:00.000Z,True,,GAYA(DISTRICT PLANNING OFFICER GAYA_IDA)
145923,L.No. 177 Dt 07.10.24 Gram panchayat Majri ke majri ramnagar road par,Normal/Others,Durga Das Uikey ,BETUL,Madhya Pradesh,Lok Sabha,259942.0,2026-01-27T00:00:00.000Z,True,,BETUL(DISTRICT COLLECTOR BETUL_IDA)
207039,Drilling of new borewell near SC Colony Burial ground of Varkur (V),Normal/Others,BASTIPATI NAGARAJU PANCHALINGALA,KURNOOL,Andhra Pradesh,Lok Sabha,199939.0,2026-01-27T00:00:00.000Z,True,,KURNOOL(DISTRICT COLLECTOR KURNOOL_IDA)
222361,Construction of Multi purpose building at Najegoundenpudhur H.o Santhegoundenpalayam Village Panchayat,Normal/Others,ESWARASAMY K,POLLACHI,Tamil Nadu,Lok Sabha,869618.0,2026-01-28T00:00:00.000Z,False,,COIMBATORE(DISTRICT COLLECTOR COIMBATORE_IDA)
147763,SUBASH PATEL S\O RAM YASH PATEL K GHAR 01 NAG SOLAR LIGHT,Normal/Others,PRIYA SAROJ,MACHHLISHAHR,Uttar Pradesh,Lok Sabha,20879.0,2026-01-28T00:00:00.000Z,False,,JAUNPUR(DISTRICT MAGISTRATE JAUNPUR_IDA)
147202,"1- SHAILESH KUMAR MAURYA S\O SARJOO RAM MAURYA, 2- DHARMENDRA YADAV PRADHAN S\O RAM KHELAWAN YADAV K GHAR KUL 02 NAG SOLAR LIGHT",Normal/Others,PRIYA SAROJ,MACHHLISHAHR,Uttar Pradesh,Lok Sabha,41756.0,2026-01-28T00:00:00.000Z,True,,JAUNPUR(DISTRICT MAGISTRATE JAUNPUR_IDA)
147185,"1- SHESH MANI YADAV S\O SATYA NARAYAN YADAV, 2- 
BACHCHAN YADAV WAKIL S\O LALTA PRASAD K GHAR KUL 02 NAG SOLAR LIGHT",Normal/Others,PRIYA SAROJ,MACHHLISHAHR,Uttar Pradesh,Lok Sabha,41756.0,2026-01-28T00:00:00.000Z,True,,JAUNPUR(DISTRICT MAGISTRATE JAUNPUR_IDA)
146200,L.No. 179 Dt. 07.10.24 Gram Panchayat Khedisawaligarh,Normal/Others,Durga Das Uikey ,BETUL,Madhya Pradesh,Lok Sabha,190546.0,2026-01-28T00:00:00.000Z,True,,BETUL(DISTRICT COLLECTOR BETUL_IDA)
246804,HEND PUMP KHANAN PRATISTHPANA KARYA (SURESH JAISAWAL GHAR KE PASS),Normal/Others,KAMLESH JANGDE,JANJGIR CHAMPA,Chhattisgarh,Lok Sabha,138507.0,2026-01-28T00:00:00.000Z,True,,SAKTI(COLLECTOR SAKTI_IDA)
234205,"Junagadh District,Mangrol Taluka,Chotili Virdi Village,Paver block work on the road from Mandabhai Dayabhai Khambhala house to Bhaveshbhai Lakhabhai Garchar farm in Chotili Virdi village (ST)",Normal/Others,Rajeshbhai Naranbhai Chudasama,JUNAGADH,Gujarat,Lok Sabha,299950.0,2026-01-28T00:00:00.000Z,True,,JUNAGADH(DISTRICT COLLECTOR JUNAGADH_IDA)
246808,HEND PUMP KHANAN PRATISTHPANA KARYA (HANUMAN MANDIR KE PASS),Normal/Others,KAMLESH JANGDE,JANJGIR CHAMPA,Chhattisgarh,Lok Sabha,150000.0,2026-01-28T00:00:00.000Z,True,,SAKTI(COLLECTOR SAKTI_IDA)
172929,IMPROVEMENT OF STREET LIGHTING SYSTEM WITH 200 WATT LED LIGHT FITTINGS AT DIFFERENT PARTS OF WARD NO 101 UNDER JADAVPUR AC,Normal/Others,SAYANI GHOSH,JADAVPUR,West Bengal,Lok Sabha,597944.0,2026-01-28T00:00:00.000Z,True,,KOLKATA(COMMISSIONER KOLKATA MUNICIPAL CORPORATION_IDA)
15150,Ragarding to Interlocks on paths in village Talwan,Normal/Others,Shri Sant Balbir Singh (2022-28),Sitting Rajya Sabha,Punjab,Rajya Sabha,499765.0,2026-01-28T00:00:00.000Z,True,,JALANDHAR(DEPUTY COMMISSIONER JALANDHAR_IDA)
193131,"Construction of boundary wall and soil filling work of the playground in Govt HS School at Village Rohra Khurd, Gram Panchayat Haripura, District Dausa",Normal/Others,Smt. Sonia Gandhi (2024-30),Sitting Rajya Sabha,Rajasthan,Rajya Sabha,949097.0,2026-01-28T00:00:00.000Z,False,,DAUSA(DISTRICT COLLECTOR DAUSA_IDA)
152036,Construction of CC Open drain with Cover slab from Sekhar house to Culvert at Erragudipadu HW H/O Erragudipadu GP in Srikalahasti Mandal.,Normal/Others,Maddila Gurumoorthy,TIRUPATI,Andhra Pradesh,Lok Sabha,1038081.0,2026-01-28T00:00:00.000Z,True,,Tirupati(DISTRICT COLLECTOR TIRUPATI_IDA)
240394,"The CC block from Bharatbhai Rokad house to Sharadbhai house in Gayatrinagar, Parvadi village",Normal/Others,BHARATBHAI MANUBHAI SUTARIYA,AMRELI,Gujarat,Lok Sabha,299704.0,2026-01-28T00:00:00.000Z,True,,BHAVNAGAR(DISTRICT COLLECTOR BHAVNAGAR_IDA)
175880,35 NAG SOLAR STREET LIGHTS KA INSTTALATION,Normal/Others,DR. RAJESH MISHRA,SIDHI,Madhya Pradesh,Lok Sabha,1157705.0,2026-01-29T00:00:00.000Z,False,,SHAHDOL(District Collector Shahdol_IDA)
175883,35 NAG SOLAR STREET LIGHTS KA INSTTALATION,Normal/Others,DR. RAJESH MISHRA,SIDHI,Madhya Pradesh,Lok Sabha,1157705.0,2026-01-29T00:00:00.000Z,False,,SHAHDOL(District Collector Shahdol_IDA)
183913,CC Road Nirman,Normal/Others,Vijay Baghel,DURG,Chhattisgarh,Lok Sabha,1000000.0,2026-01-29T00:00:00.000Z,True,,DURG(DISTRICT COLLECTOR DURG_IDA)
141636,Pavar Block work at Valjibhai Talshibhai Rojasara House to Munabhai Nanjibhai House at Village Madhavipur,Normal/Others,PARSHOTTAMBHAI RUPALA,RAJKOT,Gujarat,Lok Sabha,297783.0,2026-01-29T00:00:00.000Z,False,,RAJKOT(DISTRICT COLLECTOR RAJKOT_IDA)
213854,Purchase of books for library.,Normal/Others,RAJ BHUSHAN CHOUDHARY,MUZAFFARPUR,Bihar,Lok Sabha,1000000.0,2026-01-29T00:00:00.000Z,True,,MUZAFFARPUR(DISTRICT PLANNING OFFICER MUZAFFARPUR_IDA)
222990,bandibar game patel faliyu anas road thi babadev sudhi c.c.road nu kam,Normal/Others,Jaswantsinh Sumanbhai Bhabhor,DAHOD,Gujarat,Lok Sabha,248388.0,2026-01-29T00:00:00.000Z,True,,Dahod(DISTRICT COLLECTOR DOHAD_IDA)
146223,L.No. 179 Dt. 07.10.24 Gram Panchayat Valvi ke Valni me,Normal/Others,Durga Das Uikey ,BETUL,Madhya Pradesh,Lok Sabha,190546.0,2026-01-29T00:00:00.000Z,True,,BETUL(DISTRICT COLLECTOR BETUL_IDA)
169462,Construction of Street by laying Interlock tiles From House of Jarnail Singh to house of Gurdas Singh via house of Jagseer Singh and house of Gagandeep Singh in Vill. Gurri Sangar Distt. Sri Muktsar Sahib,Normal/Others,AMRINDER SINGH RAJA WARRING,LUDHIANA,Punjab,Lok Sabha,285411.0,2026-01-29T00:00:00.000Z,False,,SRI MUKTSAR SAHIB(DEPUTY COMMISSIONER SRI MUKTSAR SAHIB_IDA)
154062,Vikas Khand Aspur Devsara ke gram Ramaipur Nevada me Pakki Sadak se Shyam Shankar ke ghar hote hue Yadav Basti tak Interlocking road.,Normal/Others,DR. S P SINGH,PRATAPGARH,Uttar Pradesh,Lok Sabha,385000.0,2026-01-29T00:00:00.000Z,False,,PRATAPGARH(DISTRICT MAGISTRAE PRATAPGARH_IDA)
208966,Manch construction at Bhagwat Parisar.,Normal/Others,Jyotsna Charandas Mahant ,KORBA,Chhattisgarh,Lok Sabha,500000.0,2026-01-29T00:00:00.000Z,True,,KORBA(Collector-Korba)
224925,rachharda game natvarbhai mastar na ghar thi kalubhai maganbhai na ghar sudhi rohit vas ma c.c.road nu kam,Normal/Others,Jaswantsinh Sumanbhai Bhabhor,DAHOD,Gujarat,Lok Sabha,247460.0,2026-01-29T00:00:00.000Z,True,,Dahod(DISTRICT COLLECTOR DOHAD_IDA)
111873,Construction of CC Road,,Smt. Sumitra Balmik (2022-28),Sitting Rajya Sabha,Madhya Pradesh,Rajya Sabha,2498206.0,2026-01-30T00:00:00.000Z,True,,AGRA(DISTRICT MAGISTRAE AGRA_IDA)
182950,Installation of Solar Light at Creamation Ground.,Normal/Others,SAMBIT PATRA,PURI,Odisha,Lok Sabha,40000.0,2026-01-30T00:00:00.000Z,True,,PURI(DISTRICT COLLECTOR PURI_IDA)
139553,"Construction of Concreat Road from Saru Hajra House to Sahidul Hajra House via Abdul Gani House  under Haranagar GP, Block Nakashipara, Nadia.",Normal/Others,Ms Mahua Moitra,KRISHNANAGAR,West Bengal,Lok Sabha,1645589.0,2026-01-30T00:00:00.000Z,True,,NADIA(DISTRICT MAGISTRATE NADIA_IDA)
178143,construction of cc road gram mutabai,Normal/Others,Dr. Sarfraz Ahmad (2024-30),Sitting Rajya Sabha,Jharkhand,Rajya Sabha,1248839.0,2026-01-30T00:00:00.000Z,True,,AGRA(DISTRICT MAGISTRAE AGRA_IDA)
239150,"Purchase of Books  Ward No 31, Doctor Thangaraj Salai, Study Centre (2025-2026)",Normal/Others,S Venkatesan,MADURAI,Tamil Nadu,Lok Sabha,82950.0,2026-01-30T00:00:00.000Z,True,,MADURAI(DISTRICT COLLECTOR MADURAI_IDA)
237513,Installing of Hand Pump,Normal/Others,SURENDRA PRASAD YADAV,JAHANABAD,Bihar,Lok Sabha,74238.0,2026-01-31T00:00:00.000Z,True,,ARWAL(District Planning Officer Arwal_IDA)
226061,Construction of CC Step at Kubi in Darak Village,Normal/Others,Kiren Rijiju,ARUNACHAL WEST,Arunachal Pradesh,Lok Sabha,500000.0,2026-02-02T00:00:00.000Z,True,,"WEST SIANG(DEPUTY COMMISSIONER, WEST SIANG (IDA))"
207379,Solar high mask light work near main road intersection forest post in Gram Panchayat Amara Dakshini in Block Chakiya,Normal/Others,CHHOTELAL,ROBERTSGANJ,Uttar Pradesh,Lok Sabha,87000.0,2026-02-02T00:00:00.000Z,True,,CHANDAULI(DISTRICT MAGISTRATE CHANDAULI_IDA)
189597,Construction of Shed in Bazigar Basti,Normal/Others,Smt Harsimrat Kaur Badal,BHATINDA,Punjab,Lok Sabha,149989.0,2026-02-02T00:00:00.000Z,True,,MANSA(DEPUTY COMMISSIONER MANSA_IDA)
220022,Internal road at Gothan Vasti,Normal/Others,CHHATRAPATI SHAHU SHAHAJI,KOLHAPUR,Maharashtra,Lok Sabha,1500000.0,2026-02-02T00:00:00.000Z,True,,KOLHAPUR(DISTRICT COLLECTOR KOLHAPUR_IDA)
177236,Janpad Nainital ke antargat gram Mhatoliya Gaon PahadPani vikaskhand Dhari Mein Vidyut sarvjanik Sthan Mein Transformer Mein Vidyut line shift karne Hetu,Normal/Others,Ajay Bhatt,NAINITAL UDHAM SINGH NAG.,Uttarakhand,Lok Sabha,251547.0,2026-02-02T00:00:00.000Z,True,,NAINITAL(DISTRICT MAGISTRATE NAINITAL_IDA)
225192,G.I. FIREFIGHTER WATER SYSTEM CAPACITY 5000 LIT.,Normal/Others,Smt Sandhya Ray,BHIND,Madhya Pradesh,Lok Sabha,199604.0,2026-02-02T00:00:00.000Z,True,,DATIA(District Collector Datia_IDA)
228076,"Supply of CCTV Surveillance System to Govt, Hr, sec, school, Manali, Chennai.",Normal/Others,Kalanidhi Veeraswamy,CHENNAI NORTH,Tamil Nadu,Lok Sabha,990000.0,2026-02-02T00:00:00.000Z,True,,CHENNAI(COMMISSIONER MUNCIPAL CORPORATION CHENNAI_IDA)
153961,Construction of Community hall in Arekatika wada,Normal/Others,Arvind Dharmapuri,NIZAMABAD,Telangana,Lok Sabha,266899.0,2026-02-02T00:00:00.000Z,False,,Jagitial(DISTRICT COLLECTOR JAGTIAL_IDA)
148769,"1- ASHISH YADAV S\O NANHAKOO YADAV, 2- SANTOSH BIND S\O NAND LAL BIND K GHAR KUL 02 NAG SOLAR LIGHT",Normal/Others,PRIYA SAROJ,MACHHLISHAHR,Uttar Pradesh,Lok Sabha,41792.0,2026-02-02T00:00:00.000Z,False,,JAUNPUR(DISTRICT MAGISTRATE JAUNPUR_IDA)
238139,shootar ganj hospital ghat ke pas avam chunni ganj sthit sudarshan nagar basti me teen ghante wale mandir 02 nag submersible pump ke adhisthapan .,Normal/Others,RAMESH AWASTHI,KANPUR,Uttar Pradesh,Lok Sabha,352000.0,2026-02-02T00:00:00.000Z,True,,KANPUR NAGAR(DISTRICT MAGISTRAE KANPUR NAGAR_IDA)
238141,Usmanpur me iswar prem ashram ke nikat avam hanuman vihar anandeshwar ke samne 02 nag submersible pump ke adhisthapan .,Normal/Others,RAMESH AWASTHI,KANPUR,Uttar Pradesh,Lok Sabha,351689.0,2026-02-02T00:00:00.000Z,True,,KANPUR NAGAR(DISTRICT MAGISTRAE KANPUR NAGAR_IDA)
210529,PIHRID ME BOR KHANAN AVM MOTAR PUMP PRATISTHAPNA KARYA (DAYARAM JATWAR GHAR KE  PASS),Normal/Others,KAMLESH JANGDE,JANJGIR CHAMPA,Chhattisgarh,Lok Sabha,200000.0,2026-02-02T00:00:00.000Z,True,,SAKTI(COLLECTOR SAKTI_IDA)
180069,Construction of public toilet near Brahmashri Narayana Guru Mandir in Rayee village of Bantwala taluk,Normal/Others,CAPTAIN BRIJESH CHOWTA,DAKSHINA KANNADA,Karnataka,Lok Sabha,499230.0,2026-02-02T00:00:00.000Z,True,,DAKSHINA KANNADA(DEPUTY COMMISSIONER DAKSHIN KANNAD MANGALORE_IDA)
214176,Work of installing 12 solar street lights in Gram Panchayat Lauwari Kala.,Normal/Others,CHHOTELAL,ROBERTSGANJ,Uttar Pradesh,Lok Sabha,169821.0,2026-02-02T00:00:00.000Z,True,,CHANDAULI(DISTRICT MAGISTRATE CHANDAULI_IDA)
237510,Installing of Hand Pump,Normal/Others,SURENDRA PRASAD YADAV,JAHANABAD,Bihar,Lok Sabha,74238.0,2026-02-03T00:00:00.000Z,True,,ARWAL(District Planning Officer Arwal_IDA)
144107,"Construction of Community Hall at Ward No.17,Lakshminagar,Chakur,District.Latur",Normal/Others,DR KALGE SHIVAJI BANDAPPA,LATUR,Maharashtra,Lok Sabha,1494640.0,2026-02-03T00:00:00.000Z,True,,LATUR(DISTRICT COLLECTOR LATUR_IDA)
162099,Construction of Bathroom and Toilet at Ravidasia Chaupal.,Normal/Others,Dr. Syed Naseer Hussain (2024-30),Sitting Rajya Sabha,Karnataka,Rajya Sabha,142176.0,2026-02-03T00:00:00.000Z,False,,KAITHAL(DC CUM NODAL OFFICERS MPLADS)
197618,Installetion a gym set up in favour of Canning Prantik Sangha under Canning-I Block,Normal/Others,Pratima Mondal ,JOYNAGAR,West Bengal,Lok Sabha,849874.0,2026-02-03T00:00:00.000Z,True,,South 24 Parganas(DISTRICT MAGISTRATE SOUTH TWENTY FOUR PARGANAS_IDA)
194520,Installation of water treatment plants in 19 high schools under Takarjala AC and Golaghati AC at the rate of Rs six lakhs each including maintenance for three years as per detail in letter No 4502 dated 5 April 2025 from DM and  Collector West Tripura  Agartala,Normal/Others,BIPLAB KUMAR DEB,TRIPURA WEST,Tripura,Lok Sabha,11322689.0,2026-02-03T00:00:00.000Z,False,,Sepahijala(DISTRICT MAGISTRATE and COLLECTOR SIPAHIJALA_IDA)
152879,"1- SABHAJEET SAROJ S\O HANSRAJ, 2- UPENDRA KUMAR YADAV S\O DAYA SHANKAR, 3- RADHEY SHYAM YADAV S\O RAGHU NANDAN YADAV, 4- NITYA NAND YADAV S\O SATY DEO YADAV K GHAR KUL 04 NAG SOLAR LIGHT",Normal/Others,PRIYA SAROJ,MACHHLISHAHR,Uttar Pradesh,Lok Sabha,83584.0,2026-02-03T00:00:00.000Z,False,,JAUNPUR(DISTRICT MAGISTRATE JAUNPUR_IDA)
166568,"Construction of Street in the Village, The working agency will be Gram Panchayat",Normal/Others,SUKHJINDER SINGH RANDHAWA,GURDASPUR,Punjab,Lok Sabha,500000.0,2026-02-03T00:00:00.000Z,False,,GURDASPUR(DEPUTY COMMISSIONER GURDASPUR_IDA)
152975,"1- MANOJ KUMAR YADAV S\O LATE. TEJ BAHADUR, 2- RAJESH YADAV S\O RAM KHELAWAN YADAV, 3- JAWAHIR YADAV S\O LATE. RAMJEET YADAV K GHAR KUL 03 NAG SOLAR LIGHT",Normal/Others,PRIYA SAROJ,MACHHLISHAHR,Uttar Pradesh,Lok Sabha,62688.0,2026-02-03T00:00:00.000Z,False,,JAUNPUR(DISTRICT MAGISTRATE JAUNPUR_IDA)
151592,LAXMAN PAL S\O RAM NATH PAL K GHAR 01 NAG SOLAR LIGHT,Normal/Others,PRIYA SAROJ,MACHHLISHAHR,Uttar Pradesh,Lok Sabha,20896.0,2026-02-03T00:00:00.000Z,False,,JAUNPUR(DISTRICT MAGISTRATE JAUNPUR_IDA)
166562,"Construction of Street in the Village, The working agency will be Gram Panchayat",Normal/Others,SUKHJINDER SINGH RANDHAWA,GURDASPUR,Punjab,Lok Sabha,300000.0,2026-02-03T00:00:00.000Z,False,,GURDASPUR(DEPUTY COMMISSIONER GURDASPUR_IDA)
177459,Solar street light construction work near the house of Kallu and Rajjav in village-Mangarhi.,Normal/Others,CHHOTELAL,ROBERTSGANJ,Uttar Pradesh,Lok Sabha,18976.0,2026-02-04T00:00:00.000Z,True,,CHANDAULI(DISTRICT MAGISTRATE CHANDAULI_IDA)
181768,PEWER BLOCK WORK IN CHAPKUI KHODABHAI FALIYA,Normal/Others,RAJPALSINH MAHENDRASINH JADAV,PANCHMAHAL,Gujarat,Lok Sabha,249501.0,2026-02-04T00:00:00.000Z,False,,KHEDA(DISTRICT COLLECTOR KHEDA_IDA)
214737,No. 3 Interlocking work in 300 m length from Ghiraus house to the pond in Sumerpur village panchayat.,Normal/Others,KARAN BHUSHAN SINGH,KAISERGANJ,Uttar Pradesh,Lok Sabha,1586026.0,2026-02-04T00:00:00.000Z,True,,GONDA(DISTRICT MAGISTRATE GONDA_IDA)
177432,Solar street light construction work in the middle of the house of Prabhu Chhaivar in village Semar Sadhopur.,Normal/Others,CHHOTELAL,ROBERTSGANJ,Uttar Pradesh,Lok Sabha,18976.0,2026-02-04T00:00:00.000Z,True,,CHANDAULI(DISTRICT MAGISTRATE CHANDAULI_IDA)
177457,Solar street light construction work near the house of Vinod and Vanshi in village-Mangarhi.,Normal/Others,CHHOTELAL,ROBERTSGANJ,Uttar Pradesh,Lok Sabha,18976.0,2026-02-04T00:00:00.000Z,True,,CHANDAULI(DISTRICT MAGISTRATE CHANDAULI_IDA)
177474,Installation of semi high mast street light near middle village intersection (Chaurahe ke paas) in village Pathraur,Normal/Others,CHHOTELAL,ROBERTSGANJ,Uttar Pradesh,Lok Sabha,194902.0,2026-02-04T00:00:00.000Z,True,,CHANDAULI(DISTRICT MAGISTRATE CHANDAULI_IDA)
225810,Village Mohammadpur BLock Marhara jila Etah Chhotey lal Ke Makaan ke Saamne High Mast Light,Normal/Others,AASHTIKAR PATIL NAGESH BAPURAO,HINGOLI,Maharashtra,Lok Sabha,240611.0,2026-02-04T00:00:00.000Z,False,,ETAH(DISTRICT MAGISTRATE ETAH_IDA)
200780,Shihora game khodiyar nag ma pipdiya main road thi prtapsinh blousing na ghar tariff R.C.C Road bannavvani kamgiri,Normal/Others,DR. HEMANG JOSHI,VADODARA,Gujarat,Lok Sabha,500000.0,2026-02-04T00:00:00.000Z,True,,VADODARA(DISTRICT COLLECTOR VADODARA_IDA)
239008,Installation of Solar Street Lights,Normal/Others,DR. RAJ KUMAR CHABBEWAL,HOSHIARPUR,Punjab,Lok Sabha,129000.0,2026-02-04T00:00:00.000Z,False,,HOSHIARPUR(DEPUTY COMMISSIONER HOSHIARPUR_IDA)
154464,garuiya mandir par pyau,Normal/Others,ADITYA YADAV,BADAUN,Uttar Pradesh,Lok Sabha,267962.0,2026-02-04T00:00:00.000Z,True,,BUDAUN(DISTRICT MAGISTRATE BUDAUN_IDA)
152223,Providing R.O. Plant along with Shed at Narvakatpalli OC Colony in Narvakatpalli Village of Vontimitta Mandal,Normal/Others,Shri Meda Raghunadha Reddy (2024-30),Sitting Rajya Sabha,Andhra Pradesh,Rajya Sabha,499495.0,2026-02-04T00:00:00.000Z,True,,Y.S.R. Kadapa(DISTRICT COLLECTOR CUDDAPAH_IDA)
234955,High Mast LED Light (16 mtrs MS Pole with 12 LED Light 200 W),Normal/Others,Shri B.L. Verma (2020-26),Sitting Rajya Sabha,Uttar Pradesh,Rajya Sabha,941994.0,2026-02-04T00:00:00.000Z,True,,BUDAUN(DISTRICT MAGISTRATE BUDAUN_IDA)
211993,CC road construction work including culvert from the farm of father Rupji towards the house of Rekha Hukamchand Sevna Padar,Normal/Others,Shri Chunnilal Garasiya (2024-30),Sitting Rajya Sabha,Rajasthan,Rajya Sabha,997504.0,2026-02-05T00:00:00.000Z,False,,BANSWARA(DISTRICT COLLECTOR BANSWARA_IDA)
200268,Solar Hi mask light Instalation,Normal/Others,Durga Das Uikey ,BETUL,Madhya Pradesh,Lok Sabha,364247.0,2026-02-05T00:00:00.000Z,True,,HARDA(District Collector Harda_IDA)
200264,Solar Hi mask light Instalation,Normal/Others,Durga Das Uikey ,BETUL,Madhya Pradesh,Lok Sabha,364247.0,2026-02-05T00:00:00.000Z,True,,HARDA(District Collector Harda_IDA)
200258,Solar Hi mask light Instalation,Normal/Others,Durga Das Uikey ,BETUL,Madhya Pradesh,Lok Sabha,364247.0,2026-02-05T00:00:00.000Z,True,,HARDA(District Collector Harda_IDA)
245400,"Construction of CC Road from Community Hall to Gouda Sahi of Village - Rashijhiri, GP - Talajhari, Block - Kashipur",Normal/Others,Saptagiri Sankar Ulaka,KORAPUT,Odisha,Lok Sabha,177967.0,2026-02-05T00:00:00.000Z,False,,RAYAGADA(DISTRICT COLLECTOR RAYAGADA_IDA)
77739,"construction of ambedkar community hall
park for colony
volleyball ground",Normal/Others,Shri Harbhajan Singh (2022-28),Sitting Rajya Sabha,Punjab,Rajya Sabha,1000000.0,2026-02-05T00:00:00.000Z,True,,JALANDHAR(DEPUTY COMMISSIONER JALANDHAR_IDA)
137512,"LED SEMI HIGH MAST LIGHT (6 LED) WITH 150 WATT, 9 METER POLE",Normal/Others,Shri Baburam Nishad (2022-28),Sitting Rajya Sabha,Uttar Pradesh,Rajya Sabha,241902.0,2026-02-05T00:00:00.000Z,True,,MAHOBA(DISTRICT MAGISTRAE MAHOBA_IDA)
160113,"Block-Bhubaneswar, Installation of Cold Drinking Water at Radhakanta Mandir, GP-Barimund",Normal/Others,Smt Aparajita Sarangi,BHUBANESWAR,Odisha,Lok Sabha,100000.0,2026-02-05T00:00:00.000Z,True,,KHORDHA(DISTRICT COLLECTOR KHORDHA_IDA)
252616,Construction of cement concrete road from Joyram Sardar House to Banshi Das house of sansad no 08 at Nalpur GP under A.C -174,Normal/Others,Prasun Banerjee,HOWRAH,West Bengal,Lok Sabha,348998.0,2026-02-05T00:00:00.000Z,True,,HOWRAH(DISTRICT MAGISTRATE HOWRAH_IDA)
137528,"LED SEMI HIGH MAST LIGHT (6 LED) WITH 150 WATT, 9 METER POLE",Normal/Others,Shri Baburam Nishad (2022-28),Sitting Rajya Sabha,Uttar Pradesh,Rajya Sabha,241902.0,2026-02-05T00:00:00.000Z,True,,MAHOBA(DISTRICT MAGISTRAE MAHOBA_IDA)
144703,Ramswroop S/o Bhaggi ke Ghar ke samne Handpump,Normal/Others,PUSHPENDRA SAROJ,KAUSHAMBI,Uttar Pradesh,Lok Sabha,73920.0,2026-02-05T00:00:00.000Z,True,,KAUSHAMBI(DISTRICT MAGISTRAE KAUSHAMBI_IDA)
144699,Phoolchandra S/o Kallu ram ke Ghar ke samne Handpump,Normal/Others,PUSHPENDRA SAROJ,KAUSHAMBI,Uttar Pradesh,Lok Sabha,73920.0,2026-02-05T00:00:00.000Z,True,,KAUSHAMBI(DISTRICT MAGISTRAE KAUSHAMBI_IDA)
144607,Virendra Yadav S/o Rajendra Shrivastav Ke Ghar ke samane Handpump,Normal/Others,PUSHPENDRA SAROJ,KAUSHAMBI,Uttar Pradesh,Lok Sabha,73920.0,2026-02-05T00:00:00.000Z,True,,KAUSHAMBI(DISTRICT MAGISTRAE KAUSHAMBI_IDA)
158075,Construction of Korapparambu – Chittiyamkonam Road,Normal/Others,Shri Jose K. Mani (2024-30),Sitting Rajya Sabha,Kerala,Rajya Sabha,407926.0,2026-02-05T00:00:00.000Z,True,,THIRUVANANTHAPURAM(DISTRICT COLLECTOR THIRUVANANTHAPURAM_IDA)
144386,Panchyat Bhawan Shiv Mandir ke Pass Siriyawan me Handpump,Normal/Others,PUSHPENDRA SAROJ,KAUSHAMBI,Uttar Pradesh,Lok Sabha,73926.0,2026-02-05T00:00:00.000Z,True,,KAUSHAMBI(DISTRICT MAGISTRAE KAUSHAMBI_IDA)
144616,Man SIngh S/o Amrit lal ke Ghar ke samane Handpump,Normal/Others,PUSHPENDRA SAROJ,KAUSHAMBI,Uttar Pradesh,Lok Sabha,73920.0,2026-02-05T00:00:00.000Z,True,,KAUSHAMBI(DISTRICT MAGISTRAE KAUSHAMBI_IDA)
144256,Sudheer Saroj S/o Ghunna Lal ke Ghar ke samne Handpump,Normal/Others,PUSHPENDRA SAROJ,KAUSHAMBI,Uttar Pradesh,Lok Sabha,73934.0,2026-02-05T00:00:00.000Z,True,,KAUSHAMBI(DISTRICT MAGISTRAE KAUSHAMBI_IDA)
143668,Dayashankar Yadav S/o Ram Prasad Yadav ke Ghar ke samne Handpump,Normal/Others,PUSHPENDRA SAROJ,KAUSHAMBI,Uttar Pradesh,Lok Sabha,73934.0,2026-02-05T00:00:00.000Z,True,,KAUSHAMBI(DISTRICT MAGISTRAE KAUSHAMBI_IDA)
143679,Vijai Pasi S/o Durjan Pasi ke Ghar ke samne Handpump,Normal/Others,PUSHPENDRA SAROJ,KAUSHAMBI,Uttar Pradesh,Lok Sabha,73934.0,2026-02-05T00:00:00.000Z,True,,KAUSHAMBI(DISTRICT MAGISTRAE KAUSHAMBI_IDA)
184259,"CC road construction work from Raja Jharia ji house towards Prabhat Kesarwani house in Maharaja Agrasen Ward, Vijay Nagar, Jabalpur",Normal/Others,Smt. Sumitra Balmik (2022-28),Sitting Rajya Sabha,Madhya Pradesh,Rajya Sabha,223046.0,2026-02-05T00:00:00.000Z,True,,JABALPUR(DISTRICT COLLECTOR JABALPUR_IDA)
197009,gram koronaa ka wada me samudayik bhavan me khidki darwaaje evm savardhan ka karya,Repair and Renovation,MAHIMA KUMARI MEWAR,RAJSAMAND,Rajasthan,Lok Sabha,499936.0,2026-02-06T00:00:00.000Z,True,,RAJSAMAND(DISTRICT COLLECTOR RAJSAMAND_IDA)
170173,Renovation Of Sreekrishnapuram Kulakkattukurussi Annadambil to Neelamangalam Road in Sreekrishnapuram Gramapanchayath.,Repair and Renovation,Vellalath Kochukrishnan Nair Sreekandan,PALAKKAD,Kerala,Lok Sabha,690821.0,2026-02-06T00:00:00.000Z,True,,PALAKKAD(DISTRICT COLLECTOR PALAKKAD_IDA)
224430,"Construction of a Seerani Arangam(Drama Stage) at Chathirapatti, Kannudayanpatti Panchayat,  Manapparai Panchayat Union, Thiruvarangam Assembly Constituency",Normal/Others,DURAI VAIKO,TIRUCHIRAPPALLI,Tamil Nadu,Lok Sabha,998508.0,2026-02-06T00:00:00.000Z,False,,TIRUCHIRAPPALLI(DISTRICT COLLECTOR TIRUCHIRAPPALLI_IDA)
221000,Construction of Check dam at Sarotha Nala gp Utip,Normal/Others,Shri Harsh Mahajan (2024-30),Sitting Rajya Sabha,Himachal Pradesh,Rajya Sabha,250000.0,2026-02-06T00:00:00.000Z,True,,CHAMBA(DEPUTY COMMISSIONER CHAMBA_IDA)
136534,construction of community hall in above mentioned NGO,Trust and Society,Dr. Ashok Kumar Mittal (2022-28),Sitting Rajya Sabha,Punjab,Rajya Sabha,997135.0,2026-02-06T00:00:00.000Z,True,,JALANDHAR(DEPUTY COMMISSIONER JALANDHAR_IDA)
236347,CONSTRUCTION OF C.C ROAD FROM GUNJA-KIYADAR ROAD TOWARDS VILLAGE CHOWK,Normal/Others,HARIBHAI PATEL,MAHESANA,Gujarat,Lok Sabha,110000.0,2026-02-06T00:00:00.000Z,True,,MAHESANA(DISTRICT COLLECTOR MAHESANA_IDA)
45809,"1) Installation of High Mask Light near community center, Village Dagoh(Uprala Bramana). G.P. Badhera, Dev. Block Nadaun, Distt. Hamirpur

2)Installation of High Mask Light near community center (near sidh), Village Dagoh (Lower Bramana). G.P. Badhera, Dev. Block Nadaun, Distt. Hamirpur

3)Installation of High Mask Light between the house of Smt. Sheela Devi (Ex-Ward Punch) & Sh. Rajkumar Village Dagoh(Harijan Basti). G.P. Badhera, Dev. Block Nadaun, Distt. Hamirpur 

(Executing agency BDO)",Normal/Others,Dr. Sikander Kumar (2022-28),Sitting Rajya Sabha,Himachal Pradesh,Rajya Sabha,300000.0,2026-02-06T00:00:00.000Z,False,,HAMIRPUR(DEPUTY COMMISSIONER HAMIRPUR_IDA)
161612,"DEVELOPMENT OF RAKHI SANGHA AT 27, PARAMHANGSHA DEV ROAD IN WARD - 82.",Normal/Others,Mala Roy ,KOLKATA DAKSHIN,West Bengal,Lok Sabha,645209.0,2026-02-06T00:00:00.000Z,False,,KOLKATA(COMMISSIONER KOLKATA MUNICIPAL CORPORATION_IDA)
179857,Construction Of Rungmanch At Devgarh,Normal/Others,BUNTY VIVEK SAHU,CHHINDWARA,Madhya Pradesh,Lok Sabha,150000.0,2026-02-06T00:00:00.000Z,True,,CHHINDWARA(DISTRICT COLLECTOR CHHINDWARA_IDA)
155942,"DEVELOPMENT OF STREET LIGHTING SYSTEM BY INSTALLING POLES AND LED FITTINGS AT KASTODANGA MAIN ROAD, BANERJEE PARA BY LANE, SARSUNA RAKSHIT PARA, AND OTHER ADJACENT AREAS IN WARD 127 UNDER BOROUGH XIV.",Normal/Others,Mala Roy ,KOLKATA DAKSHIN,West Bengal,Lok Sabha,878611.0,2026-02-07T00:00:00.000Z,True,,KOLKATA(COMMISSIONER KOLKATA MUNICIPAL CORPORATION_IDA)
135928,PRATAVIPUR-SRAVAN CHHETRA PICH MARG SE BAHORIKPUR SARHAD TAK MITTI AND KHADANJA KARYA DURI 600M,Normal/Others,LALJI VERMA,AMBEDKAR NAGAR,Uttar Pradesh,Lok Sabha,1344467.0,2026-02-07T00:00:00.000Z,False,,AMBEDKAR NAGAR(DISTRICT MAGISTRATE AMBEDKAR NAGAR_IDA)
214861,"Construction work of 20x25 Room with Varanda in Community Center, Village Than Mathooi, PS Rajgarh",Normal/Others,Rahul Kaswan,CHURU,Rajasthan,Lok Sabha,883049.0,2026-02-07T00:00:00.000Z,True,,CHURU(DISTRICT COLLECTOR CHURU_IDA)
164614,Purchase of Books for School,Normal/Others,Vijay Baghel,DURG,Chhattisgarh,Lok Sabha,100000.0,2026-02-07T00:00:00.000Z,True,,DURG(DISTRICT COLLECTOR DURG_IDA)
164622,Purchase of books for School,Normal/Others,Vijay Baghel,DURG,Chhattisgarh,Lok Sabha,100000.0,2026-02-07T00:00:00.000Z,True,,DURG(DISTRICT COLLECTOR DURG_IDA)
134035,Construction of Entry and Exit gates at Mahuwar stadium park,Normal/Others,SUDHAKAR SINGH,BUXAR,Bihar,Lok Sabha,966987.0,2026-02-07T00:00:00.000Z,False,,KAIMUR (BHABUA)(DISTRICT PLANNING OFFICER KAIMUR BHABUA_IDA)
156792,ward no 9 bavan gam adivashi smashan (kukarvada rd) ma highmas besadvani kamgiri,Normal/Others,Mansukhbhai Dhanjibhai Vasava,BHARUCH,Gujarat,Lok Sabha,65682.0,2026-02-07T00:00:00.000Z,True,,BHARUCH(DISTRICT COLLECTOR BROACH_IDA)
164626,Purchase of books for School,Normal/Others,Vijay Baghel,DURG,Chhattisgarh,Lok Sabha,100000.0,2026-02-07T00:00:00.000Z,True,,DURG(DISTRICT COLLECTOR DURG_IDA)
196155,Construction of Protection work at Jeep Road Chambi,Normal/Others,Shri Harsh Mahajan (2024-30),Sitting Rajya Sabha,Himachal Pradesh,Rajya Sabha,150000.0,2026-02-07T00:00:00.000Z,True,,CHAMBA(DEPUTY COMMISSIONER CHAMBA_IDA)
226877,Internal road at Balinga,Normal/Others,CHHATRAPATI SHAHU SHAHAJI,KOLHAPUR,Maharashtra,Lok Sabha,1000000.0,2026-02-09T00:00:00.000Z,True,,KOLHAPUR(DISTRICT COLLECTOR KOLHAPUR_IDA)
186244,5500 ltr GI water tanker in village Budpura block babina.,Normal/Others,Anurag Sharma ,JHANSI,Uttar Pradesh,Lok Sabha,249100.0,2026-02-09T00:00:00.000Z,False,,JHANSI(DISTRICT MAGISTRAE JHANSI_IDA)
186261,5500 ltr GI water tanker in village Tahroli khas block Gursrai.,Normal/Others,Anurag Sharma ,JHANSI,Uttar Pradesh,Lok Sabha,249100.0,2026-02-09T00:00:00.000Z,False,,JHANSI(DISTRICT MAGISTRAE JHANSI_IDA)
251500,Providing the Kabaddi Mat for Gram Panchayat Kiloi Dopana,Normal/Others,DEEPENDER SINGH HOODA,ROHTAK,Haryana,Lok Sabha,449925.0,2026-02-09T00:00:00.000Z,True,,ROHTAK(DEPUTY COMMISSIONER ROHTAK_IDA)
245432,"Construction of CC Road at Reli Sahi of Village Pohandi, GP - Podapadi, Block - Kashipur",Normal/Others,Saptagiri Sankar Ulaka,KORAPUT,Odisha,Lok Sabha,200000.0,2026-02-09T00:00:00.000Z,False,,RAYAGADA(DISTRICT COLLECTOR RAYAGADA_IDA)
170877,"Construction of Bus Shelter at Anoor Panchayat, Thirukalukundram Panchayat Union.",Normal/Others,Ganesan Selvam,KANCHEEPURAM,Tamil Nadu,Lok Sabha,498141.0,2026-02-09T00:00:00.000Z,True,,CHENGALPATTU(District Collector Chengalpattu_IDA)
190225,Purcahse of Mobile water Tanker (Steel)(Capacity 3000 Ltrs) at Village manget Ker,Normal/Others,SHER SINGH GHUBAYA,FIROZPUR,Punjab,Lok Sabha,240570.0,2026-02-10T00:00:00.000Z,False,,SRI MUKTSAR SAHIB(DEPUTY COMMISSIONER SRI MUKTSAR SAHIB_IDA)
216906,Installing a big hand pump (India Mark III) at a public place,Normal/Others,Dr. Bhim Singh (2024-30),Sitting Rajya Sabha,Bihar,Rajya Sabha,84714.0,2026-02-10T00:00:00.000Z,True,,AURANGABAD(DISTRICT PLANNING OFFICER AURANGABAD_IDA)
150462,Om Prakash Saroj Son of Maharanideen Add.- Prewa Narayanpur Kunda ke Ghar ke samne hundpump,Normal/Others,PUSHPENDRA SAROJ,KAUSHAMBI,Uttar Pradesh,Lok Sabha,50781.0,2026-02-10T00:00:00.000Z,True,,PRATAPGARH(DISTRICT MAGISTRAE PRATAPGARH_IDA)
232810,CC Road Construction in Village Padhera,Normal/Others,Smt. Darshana Singh (2022-28),Sitting Rajya Sabha,Uttar Pradesh,Rajya Sabha,992051.0,2026-02-10T00:00:00.000Z,True,,BAREILLY(DISTRICT MAGISTRAE BAREILLY_IDA)
254885,Gram Tedwa ke mahadalit basti me sri Ram Bhajan ram ke ghar ke pas chapakal ka nirman karya,Normal/Others,MANOJ KUMAR,SASARAM,Bihar,Lok Sabha,223078.0,2026-02-10T00:00:00.000Z,False,,KAIMUR (BHABUA)(DISTRICT PLANNING OFFICER KAIMUR BHABUA_IDA)
245482,"Construction of CC Road at Village - Thutibar Colony, GP - Dudukabahal, Block - Kashipur",Normal/Others,Saptagiri Sankar Ulaka,KORAPUT,Odisha,Lok Sabha,300000.0,2026-02-10T00:00:00.000Z,False,,RAYAGADA(DISTRICT COLLECTOR RAYAGADA_IDA)
209977,"Prakhand - Barun, Panchayat - Gothauli, Dhanauti Pul ke pass road ke bagal me sarvajanik jagah per Chapakal",Normal/Others,RAJA RAM SINGH,KARAKAT,Bihar,Lok Sabha,73864.0,2026-02-10T00:00:00.000Z,True,,AURANGABAD(DISTRICT PLANNING OFFICER AURANGABAD_IDA)
214690,Providing 16m LED Hightmast Light at Mohaidheen Andavar East Pallivasal Street in Puliyangudi Municipality,Normal/Others,DR RANI SRI KUMAR,TENKASI,Tamil Nadu,Lok Sabha,900000.0,2026-02-10T00:00:00.000Z,True,,TENKASI(DISTRICT COLLECTOR TENKASI_IDA)
241600,"Construction of Cultural Mandap (Asbestes Steel) Nera Yatra Dungri at Bhundubahal, GP Chantipali",Normal/Others,PRADEEP PUROHIT,BARGARH,Odisha,Lok Sabha,500000.0,2026-02-10T00:00:00.000Z,True,,Baragada(DISTRICT COLLECTOR BARAGARH_IDA)
158826,Retaining wall plus 60 feet PCC road. Infront of Jainandand yadav house pine par.,Normal/Others,RAJA RAM SINGH,KARAKAT,Bihar,Lok Sabha,495242.0,2026-02-10T00:00:00.000Z,True,,AURANGABAD(DISTRICT PLANNING OFFICER AURANGABAD_IDA)
208422,"Construction of Nishanimunda at Pitaimaliguda Village, Bodo Suku GP, Koraput Block",Normal/Others,Saptagiri Sankar Ulaka,KORAPUT,Odisha,Lok Sabha,250000.0,2026-02-11T00:00:00.000Z,False,,KORAPUT(District Collector Koraput_IDA)
208324,"Construction of Community Hall at Kendubeda, Debighat GP, Koraput Block",Normal/Others,Saptagiri Sankar Ulaka,KORAPUT,Odisha,Lok Sabha,300000.0,2026-02-11T00:00:00.000Z,False,,KORAPUT(District Collector Koraput_IDA)
213453,Development work in village. The working agency will be Gram Panchayat,Normal/Others,SUKHJINDER SINGH RANDHAWA,GURDASPUR,Punjab,Lok Sabha,499994.0,2026-02-11T00:00:00.000Z,False,,GURDASPUR(DEPUTY COMMISSIONER GURDASPUR_IDA)
208416,"Construction of Community hall At Chappar Village, Umuri GP, Koraput Block",Normal/Others,Saptagiri Sankar Ulaka,KORAPUT,Odisha,Lok Sabha,300000.0,2026-02-11T00:00:00.000Z,False,,KORAPUT(District Collector Koraput_IDA)
158983,"Construction of toilet complex near house of Shakeel Ahmed s/o Mohd. Ibrahim, Ward no. 06, Pyt. Dhanmasta –B, Village Tajnihal, Ramsoo, Ramban",Normal/Others,Jitendra Singh,UDHAMPUR,Jammu And Kashmir,Lok Sabha,183000.0,2026-02-11T00:00:00.000Z,True,,RAMBAN(Deputy Commissioner Ramban_IDA)
150827,"Ravi Shankar Pal S o Ayodha Prasad Add.- Durga singh ka purwa, bhitara Bihar ke ghar ke samne hundpump",Normal/Others,PUSHPENDRA SAROJ,KAUSHAMBI,Uttar Pradesh,Lok Sabha,50781.0,2026-02-11T00:00:00.000Z,True,,PRATAPGARH(DISTRICT MAGISTRAE PRATAPGARH_IDA)
216116,Installation of Solar Lights The working agency will be gram Panchayat,Normal/Others,SUKHJINDER SINGH RANDHAWA,GURDASPUR,Punjab,Lok Sabha,250000.0,2026-02-11T00:00:00.000Z,False,,GURDASPUR(DEPUTY COMMISSIONER GURDASPUR_IDA)
148810,Construction of Urinal Shed at Tipa V-II (Bus stand),Normal/Others,RICHARD VANLALHMANGAIHA,MIZORAM,Mizoram,Lok Sabha,250000.0,2026-02-11T00:00:00.000Z,False,,"Siaha(Deputy Commissioner, Siaha)"
174963,Work of CC road in Ughroz village from Main Highway towards Garasiawas,Normal/Others,CHANDUBHAI CHHAGANBHAI SHIHORA,SURENDRANAGAR,Gujarat,Lok Sabha,499663.0,2026-02-11T00:00:00.000Z,True,,Ahmedabad(DISTRICT COLLECTOR AHMADABAD_IDA)
213991,Construction of box culvert at Daloabari Bagicha near Rasing  Bhagat house with approach road under Daloabari VCDC.,Normal/Others,JOYANTA BASUMATARY,KOKRAJHAR,Assam,Lok Sabha,1199393.0,2026-02-11T00:00:00.000Z,True,,KOKRAJHAR(DEPUTY COMMISSIONER KOKRAJHAR_IDA)
142807,"Construction of RO Plant at Merku Cheyyur, Lathur Panchayat Union.",Normal/Others,Ganesan Selvam,KANCHEEPURAM,Tamil Nadu,Lok Sabha,749986.0,2026-02-11T00:00:00.000Z,True,,CHENGALPATTU(District Collector Chengalpattu_IDA)
206619,"MPLADS 2025-26) Construction of Near Sivan kovil Enathi Village, Enathi Panchayat",Normal/Others,Shri Karti P Chidambaram ,SIVAGANGA,Tamil Nadu,Lok Sabha,699258.0,2026-02-11T00:00:00.000Z,True,,PUDUKKOTTAI(DISTRICT COLLECTOR PUDUKKOTTAI_IDA)
151086,Priyam Tripathi Son of Jagat Nayaran Add.- ward no 9 Eandha Babaganj ke ghar ke samne hundpump,Normal/Others,PUSHPENDRA SAROJ,KAUSHAMBI,Uttar Pradesh,Lok Sabha,50781.0,2026-02-11T00:00:00.000Z,True,,PRATAPGARH(DISTRICT MAGISTRAE PRATAPGARH_IDA)
141184,Construction of Shed in shamshaan ghaat at Patti Nathu,Normal/Others,SARABJEET SINGH KHALSA,FARIDKOT,Punjab,Lok Sabha,100000.0,2026-02-11T00:00:00.000Z,True,,MOGA(Deputy Commissioner Moga)
150535,Subham Saroj Son of Govind Saroj Add.- Nadai ka purwa Saraimahasingh ke Ghar ke samne hundpump,Normal/Others,PUSHPENDRA SAROJ,KAUSHAMBI,Uttar Pradesh,Lok Sabha,50781.0,2026-02-12T00:00:00.000Z,True,,PRATAPGARH(DISTRICT MAGISTRAE PRATAPGARH_IDA)
150533,Kamlesh Yadav Son of Shyam Sunder Add.- Janupur Chauraha ke Ghar ke samne hundpump,Normal/Others,PUSHPENDRA SAROJ,KAUSHAMBI,Uttar Pradesh,Lok Sabha,50781.0,2026-02-12T00:00:00.000Z,True,,PRATAPGARH(DISTRICT MAGISTRAE PRATAPGARH_IDA)
187848,Construction of Street and Drains,Normal/Others,DR. RAJ KUMAR CHABBEWAL,HOSHIARPUR,Punjab,Lok Sabha,500000.0,2026-02-12T00:00:00.000Z,True,,KAPURTHALA(DEPUTY COMMISSIONER KAPURTHALA_IDA)
206140,gram suneda me sc basti me workers hetu common work shed nirman,Normal/Others,Shri Anil Firojiya,UJJAIN,Madhya Pradesh,Lok Sabha,800000.0,2026-02-12T00:00:00.000Z,True,,UJJAIN(DISTRICT COLLECTOR UJJAIN_IDA)
175918,35 NAG SOLAR STREET LIGHTS KA INSTTALATION,Normal/Others,DR. RAJESH MISHRA,SIDHI,Madhya Pradesh,Lok Sabha,1157705.0,2026-02-12T00:00:00.000Z,False,,SHAHDOL(District Collector Shahdol_IDA)
221400,Goraiyakothi Prakahnd ke Panchayt Mahammadpur Antargat Gram Mahammadpur me Nadi ke Kinare Ghat ka Nirman Karya,Normal/Others,Shri Janardan Singh Sigriwal ,MAHARAJGANJ,Bihar,Lok Sabha,796819.0,2026-02-12T00:00:00.000Z,True,,SIWAN(DISTRICT PLANNING OFFICER SIWAN_IDA)
210359,Soler Street Lights,Normal/Others,Smt Harsimrat Kaur Badal,BHATINDA,Punjab,Lok Sabha,594501.0,2026-02-12T00:00:00.000Z,True,,BATHINDA(DEPUTY COMMISSIONER BHATINDA_IDA)
211036,GP BHISWA LALA MATHIYA ME RADHE SHARMA KE KHET NAHAR PUL SE MADHUSHUDHAN KE GHAR TAK INTERLOKING NIRMAN KARRY,Normal/Others,Vijay Kumar Dubey,KUSHI NAGAR,Uttar Pradesh,Lok Sabha,498051.0,2026-02-12T00:00:00.000Z,True,,Kushinagar(DISTRICT MAGISTRATE KUSHINAGAR PADRAUNA_IDA)
162978,"5 (Five light) 30 watt solar led 6 meter poll, 5 years full warranty from manufacture company. The working agency will be XEN, PWD",Normal/Others,SUKHJINDER SINGH RANDHAWA,GURDASPUR,Punjab,Lok Sabha,85042.0,2026-02-13T00:00:00.000Z,False,,PATHANKOT(DEPUTY COMMISSIONER PATHANKOT_IDA)
138092,Cement interlocking kharanja Nirman may nali Jagan ke Ghar se Hari ke Ghar ki or va Anya galiyan malaha work agency GP malaha,Normal/Others,SANJNA JATAV,BHARATPUR,Rajasthan,Lok Sabha,499205.0,2026-02-13T00:00:00.000Z,True,,BHARATPUR(DISTRICT COLLECTOR BHARATPUR_IDA)
164221,"5 (Five light) 30 watt solar led 6 meter poll, 5 years full warranty from manufacture company. The working agency will be XEN, PWD",Normal/Others,SUKHJINDER SINGH RANDHAWA,GURDASPUR,Punjab,Lok Sabha,85042.0,2026-02-13T00:00:00.000Z,False,,PATHANKOT(DEPUTY COMMISSIONER PATHANKOT_IDA)
203463,SITC of 10 Mtr Highmast with 180 watt Light with complete wiring and earthing of the Highmast with control panel and protection relay to carry the system Vill and GP-DaulatGarh PS-Asind,Normal/Others,DAMODAR AGARWAL,BHILWARA,Rajasthan,Lok Sabha,205004.0,2026-02-13T00:00:00.000Z,False,,BHILWARA(DISTRICT COLLECTOR BHILWARA_IDA)
234190,"Installation of fixed garden gym equipment at Park,  Celebrity Classic layout, Doddathoguru, Electronic City Phase 1, Bangalore  10, Bangalore South Taluk, Bangalore Urban District, Karnaraka State.",Normal/Others,DR C N MANJUNATH,BANGALORE RURAL,Karnataka,Lok Sabha,493810.0,2026-02-13T00:00:00.000Z,False,,BENGALURU URBAN(DEPUTY COMMISSIONER BANGALORE URBAN_IDA)
198981,Construction of side wall and concreting of Kolliyode,Normal/Others,Dr Shashi Tharoor,THIRUVANANTHAPURAM,Kerala,Lok Sabha,485782.0,2026-02-13T00:00:00.000Z,True,,THIRUVANANTHAPURAM(DISTRICT COLLECTOR THIRUVANANTHAPURAM_IDA)
236975,"Construction of protection wall from the govt. Primary School Upper Mehtabpur, Ward no. 2, Pyt. Mehtabpur, Village Mehtabpur, Block Kathua, Kathua.",Normal/Others,Jitendra Singh,UDHAMPUR,Jammu And Kashmir,Lok Sabha,160000.0,2026-02-13T00:00:00.000Z,True,,KATHUA(DISTRICT DEVELOPMENT COMMISSIONER KATHUA_IDA)
220795,"Providing CC Roads at SKS Extension sathyam Nagar ward no 17,  (188 mtr) in Kurinjipadi Town Panchayat",Normal/Others,Shri S. Kalyanasundaram (2022-28),Sitting Rajya Sabha,Tamil Nadu,Rajya Sabha,1500000.0,2026-02-13T00:00:00.000Z,True,,CUDDALORE(DISTRICT COLLECTOR CUDDALORE_IDA)
136175,"2 high mast light at different public places 
Amount 280000 per light",Normal/Others,Smt. Geeta alias Chandraprabha (2020-26),Sitting Rajya Sabha,Uttar Pradesh,Rajya Sabha,559913.0,2026-02-14T00:00:00.000Z,True,,AURAIYA(DISTRICT MAGISTRATE AURAIYA_IDA)
179344,"Installation of hand pump near by Dogra Mandir Palli Morh, Ward No. 8, Pyt.- Palli, Village-Chak Shahzada, Barnoti, Kathua",Normal/Others,Jitendra Singh,UDHAMPUR,Jammu And Kashmir,Lok Sabha,215842.0,2026-02-14T00:00:00.000Z,True,,KATHUA(DISTRICT DEVELOPMENT COMMISSIONER KATHUA_IDA)
143308,building extension of Higher Secondary School,Normal/Others,RICHARD VANLALHMANGAIHA,MIZORAM,Mizoram,Lok Sabha,500000.0,2026-02-15T00:00:00.000Z,True,,KOLASIB(Deputy Commissioner Kolasib)
193528,"Development work of Playground (Constrcution work of Stage and Public Gallary) in Givt Sen Sec School Playground, Vill Udsar Lodera, Sardarshahar",Normal/Others,Rahul Kaswan,CHURU,Rajasthan,Lok Sabha,991343.0,2026-02-16T00:00:00.000Z,True,,CHURU(DISTRICT COLLECTOR CHURU_IDA)
229624,Construction of 100 mtr. Interlocking Work,Normal/Others,Dr. K. Laxman (2022-28),Sitting Rajya Sabha,Uttar Pradesh,Rajya Sabha,548047.0,2026-02-16T00:00:00.000Z,True,,PRATAPGARH(DISTRICT MAGISTRAE PRATAPGARH_IDA)
188557,"CC Road from Krishna Prasad House to Nagaraju House in Eguvaamilepalli (V), Amilepalli (G P)",Normal/Others,Midhun Reddy,RAJAMPET,Andhra Pradesh,Lok Sabha,199962.0,2026-02-16T00:00:00.000Z,True,,Annamayya(DISTRICT COLLECTOR ANNAMAYYA_IDA)
61294,Installation of high mast light with 12.5 meter pole and 6 lights of 200 watt each,Normal/Others,Smt. Geeta alias Chandraprabha (2020-26),Sitting Rajya Sabha,Uttar Pradesh,Rajya Sabha,569586.0,2026-02-16T00:00:00.000Z,True,,AURAIYA(DISTRICT MAGISTRATE AURAIYA_IDA)
253721,Sattar Kataiya Prakhand antargat Rakiya panchayat ke rakiya ward no-3 Brahmsthaan ke saamne High Mast Light ka Adhisthapan.,Normal/Others,Dinesh Chandra Yadav,MADHEPURA,Bihar,Lok Sabha,697000.0,2026-02-16T00:00:00.000Z,True,,SAHARSA(DISTRICT PLANNING OFFICER SAHARSA_IDA)
216631,Construction of pavers block on the road from Panchayat Pandari village Navatand Dubatiya to Shahadat Ghar of Block Gandey.,Normal/Others,Dr. Sarfraz Ahmad (2024-30),Sitting Rajya Sabha,Jharkhand,Rajya Sabha,250000.0,2026-02-16T00:00:00.000Z,False,,GIRIDIH(Deputy Commissioner Giridh_IDA)
61959,"Solar light 30 watt
At 10 places",Normal/Others,Smt. Geeta alias Chandraprabha (2020-26),Sitting Rajya Sabha,Uttar Pradesh,Rajya Sabha,499952.0,2026-02-17T00:00:00.000Z,True,,AURAIYA(DISTRICT MAGISTRATE AURAIYA_IDA)
144747,"Smt Sangeeta Devi W/o Gyan Chandra, Faridpur newada ke ghar ke samne handpump",Normal/Others,PUSHPENDRA SAROJ,KAUSHAMBI,Uttar Pradesh,Lok Sabha,73920.0,2026-02-17T00:00:00.000Z,True,,KAUSHAMBI(DISTRICT MAGISTRAE KAUSHAMBI_IDA)
62114,Solar lights 30 watt at 11 places,Normal/Others,Smt. Geeta alias Chandraprabha (2020-26),Sitting Rajya Sabha,Uttar Pradesh,Rajya Sabha,549946.0,2026-02-17T00:00:00.000Z,True,,AURAIYA(DISTRICT MAGISTRATE AURAIYA_IDA)
250046,"Construction of Compound Wall along the North Side of the Mini Meeting Hall and IT Initiatives Cell at the Collectorate own site near Camp Office, Nandyal District",Normal/Others,DR BYREDDY SHABARI,NANDYAL,Andhra Pradesh,Lok Sabha,472130.0,2026-02-17T00:00:00.000Z,True,,Nandyal(DISTRICT COLLECTOR NANDYAL_IDA)
205150,Construction of link road Hadiyanju top Dharot ward no 2 G.P Prahnavi,Normal/Others,RAJEEV BHARDWAJ,KANGRA,Himachal Pradesh,Lok Sabha,398400.0,2026-02-17T00:00:00.000Z,True,,CHAMBA(DEPUTY COMMISSIONER CHAMBA_IDA)
181778,Construction of cement concrete road in open land of Gram Panchayat or Government owned land within the village at Tiruka  Taluka Jalkot (Scheduled Caste or Tribe area component),Normal/Others,DR KALGE SHIVAJI BANDAPPA,LATUR,Maharashtra,Lok Sabha,995269.0,2026-02-17T00:00:00.000Z,True,,LATUR(DISTRICT COLLECTOR LATUR_IDA)
175937,35 NAG SOLAR STREET LIGHTS KA INSTTALATION,Normal/Others,DR. RAJESH MISHRA,SIDHI,Madhya Pradesh,Lok Sabha,1157705.0,2026-02-17T00:00:00.000Z,False,,SHAHDOL(District Collector Shahdol_IDA)
175930,35 NAG SOLAR STREET LIGHTS KA INSTTALATION,Normal/Others,DR. RAJESH MISHRA,SIDHI,Madhya Pradesh,Lok Sabha,1157705.0,2026-02-17T00:00:00.000Z,False,,SHAHDOL(District Collector Shahdol_IDA)
62109,Solar lights 30 watt at 15 places,Normal/Others,Smt. Geeta alias Chandraprabha (2020-26),Sitting Rajya Sabha,Uttar Pradesh,Rajya Sabha,749926.88,2026-02-17T00:00:00.000Z,True,,AURAIYA(DISTRICT MAGISTRATE AURAIYA_IDA)
201375,SITC of 10 Mtr Highmast with 180 watt Light with complete wiring and earthing of the Highmast with control panel and protection relay to carry the system Vill and GP-Sahara PS-Sahara,Normal/Others,DAMODAR AGARWAL,BHILWARA,Rajasthan,Lok Sabha,207884.0,2026-02-17T00:00:00.000Z,False,,BHILWARA(DISTRICT COLLECTOR BHILWARA_IDA)
201369,SITC of 10 Mtr Highmast with 180 watt Light with complete wiring and earthing of the Highmast with control panel and protection relay to carry the system Vill and GP-Koshithal PS-Sahara,Normal/Others,DAMODAR AGARWAL,BHILWARA,Rajasthan,Lok Sabha,207878.0,2026-02-17T00:00:00.000Z,False,,BHILWARA(DISTRICT COLLECTOR BHILWARA_IDA)
253047,"Supply of Sports Equipments to Government Higher Secondary School, Pali, Ulundurpet Kallakuruchi Dist.",Normal/Others,Shri S. Kalyanasundaram (2022-28),Sitting Rajya Sabha,Tamil Nadu,Rajya Sabha,485000.0,2026-02-17T00:00:00.000Z,False,,KALLAKURICHI(District Collector Kallakurichi_IDA)
167216,ROAD FROM GHOTAN KUMDHA FALIYA TO KISANBHAI MISHAL MAHOLLA,Normal/Others,DHAVAL LAXMANBHAI PATEL,VALSAD,Gujarat,Lok Sabha,500000.0,2026-02-17T00:00:00.000Z,True,,VALSAD(DISTRICT COLLECTOR VALSAD_IDA)
61228,Installation of high mast light with 12.5 meter pole and 6 lights of 200 watt each,Normal/Others,Smt. Geeta alias Chandraprabha (2020-26),Sitting Rajya Sabha,Uttar Pradesh,Rajya Sabha,569586.0,2026-02-17T00:00:00.000Z,True,,AURAIYA(DISTRICT MAGISTRATE AURAIYA_IDA)
61952,"Solar light 30 watt 
Total places: 11
Total amount: 11*50000. = 550000",Normal/Others,Smt. Geeta alias Chandraprabha (2020-26),Sitting Rajya Sabha,Uttar Pradesh,Rajya Sabha,549945.0,2026-02-17T00:00:00.000Z,True,,AURAIYA(DISTRICT MAGISTRATE AURAIYA_IDA)
213181,"Providing CC Road from Adi Narayana Murthy House to Kumara Chinnamulu House in P. Kondempudi Village, Butchayyapeta Mandal",Normal/Others,Shri Meda Raghunadha Reddy (2024-30),Sitting Rajya Sabha,Andhra Pradesh,Rajya Sabha,483621.0,2026-02-17T00:00:00.000Z,False,,Anakapalli(DISTRICT COLLECTOR ANAKAPALLI_IDA)
144605,Shivbabu S/o Gayadeen Ke Ghar ke samane Handpump,Normal/Others,PUSHPENDRA SAROJ,KAUSHAMBI,Uttar Pradesh,Lok Sabha,73920.0,2026-02-17T00:00:00.000Z,True,,KAUSHAMBI(DISTRICT MAGISTRAE KAUSHAMBI_IDA)
210464,Sanskritik Manch Nirman Kary Buddh dev Ke Paas Gram Ajaypur ward no.03 Village Panchayat Newra,Normal/Others,TOKHAN SAHU,BILASPUR,Chhattisgarh,Lok Sabha,500000.0,2026-02-17T00:00:00.000Z,False,,BILASPUR(DISTRICT COLLECTOR BILASPUR_IDA)
225123,Work of bridge (Nala),Normal/Others,JASHUBHAI BHILUBHAI RATHVA,CHHOTA UDAIPUR,Gujarat,Lok Sabha,250000.0,2026-02-18T00:00:00.000Z,True,,NARMADA(DISTRICT COLLECTOR NARMADA_IDA)
219782,To provide water tanker in Gram Panchayat Taruana,Normal/Others,SELJA,SIRSA,Haryana,Lok Sabha,175000.0,2026-02-18T00:00:00.000Z,True,,SIRSA(DEPUTY COMMISSIONER SIRSA_IDA)
234346,"Setting up of Laboratories at PM Shri Kendriya Vidyalaya, Koraput, Municipality Koraput",Normal/Others,Saptagiri Sankar Ulaka,KORAPUT,Odisha,Lok Sabha,975000.0,2026-02-18T00:00:00.000Z,False,,KORAPUT(District Collector Koraput_IDA)
164383,Constrcution of road from Kandegala village till Pundahalli,Normal/Others,YADUVEER KRISHNADATTA CHAMARAJA WADIYAR,MYSORE,Karnataka,Lok Sabha,200000.0,2026-02-18T00:00:00.000Z,True,,MYSURU(DEPUTY COMMISSIONER MYSORE_IDA)
225384,Providing Bench Desk 40 Sets at Govt High Sec School Sitheripattu,Normal/Others,MALAIYARASAN D,KALLAKURICHI,Tamil Nadu,Lok Sabha,835440.0,2026-02-18T00:00:00.000Z,False,,KALLAKURICHI(District Collector Kallakurichi_IDA)
164380,Construction of road from Bhuvanahalli village Yogannas house till Gopalashettys home,Normal/Others,YADUVEER KRISHNADATTA CHAMARAJA WADIYAR,MYSORE,Karnataka,Lok Sabha,250000.0,2026-02-18T00:00:00.000Z,True,,MYSURU(DEPUTY COMMISSIONER MYSORE_IDA)
164376,Construction of road from Kodihalli.K.G main road till Hongekatte,Normal/Others,YADUVEER KRISHNADATTA CHAMARAJA WADIYAR,MYSORE,Karnataka,Lok Sabha,250000.0,2026-02-18T00:00:00.000Z,True,,MYSURU(DEPUTY COMMISSIONER MYSORE_IDA)
225647,Installation of Solar Highmast Light in near by Pillaiyar kovil in Thenpathi Adhi Dhiravidar Kudiyiruppu at Eginivayal Pt (2024-2025),Normal/Others,Kani K Navas,RAMANATHAPURAM,Tamil Nadu,Lok Sabha,499998.0,2026-02-18T00:00:00.000Z,False,,PUDUKKOTTAI(DISTRICT COLLECTOR PUDUKKOTTAI_IDA)
225645,Installation of Solar Highmast Light in near by Vadakadu Bus Stop at Melapattu Pt (2024-2025),Normal/Others,Kani K Navas,RAMANATHAPURAM,Tamil Nadu,Lok Sabha,499998.0,2026-02-18T00:00:00.000Z,True,,PUDUKKOTTAI(DISTRICT COLLECTOR PUDUKKOTTAI_IDA)
176856,Supply and installation of open Gym equipment at Sector-A Pocket-B Vasant Kunj South Zone,Normal/Others,Ramvir Singh Bidhuri,SOUTH DELHI,Delhi,Lok Sabha,503656.0,2026-02-18T00:00:00.000Z,True,,SOUTH(COMMISSIONER SOUTH)
157113,Construction of footpath (earth work),Normal/Others,SALENG A SANGMA,TURA,Meghalaya,Lok Sabha,200000.0,2026-02-19T00:00:00.000Z,True,,NORTH GARO HILLS(DEPUTY COMMISSIONER NORTH GARO HILLS RESUBELPARA_IDA)
210308,GI cotted water tankar 5500 liter tayar 900x16 new,Normal/Others,SAVITRI THAKUR,DHAR,Madhya Pradesh,Lok Sabha,159212.0,2026-02-19T00:00:00.000Z,True,,DHAR(DISTRICT COLLECTOR DHAR_IDA)
220988,Hajipur Block Ke Senduari Basdeo Urf Chapta (Fatehbad) Me ChunChun Thakur Ke Ghar Se Rameshwar Ram ke Ghar Tak PCC Sadak Nirman,Normal/Others,CHIRAG PASWAN,HAJIPUR,Bihar,Lok Sabha,989418.0,2026-02-19T00:00:00.000Z,False,,VAISHALI(DISTRICT PLANNING OFFICER VAISHALI_IDA)
210305,GI cotted water tankar 5500 liter tayar 900x16 new,Normal/Others,SAVITRI THAKUR,DHAR,Madhya Pradesh,Lok Sabha,159212.0,2026-02-19T00:00:00.000Z,True,,DHAR(DISTRICT COLLECTOR DHAR_IDA)
252626,Providing Mini High Mast with Glow sign board at sansad no XVII near Nalpur Mollah Para of Nalpur GP under A.C -174,Normal/Others,Prasun Banerjee,HOWRAH,West Bengal,Lok Sabha,149784.0,2026-02-19T00:00:00.000Z,True,,HOWRAH(DISTRICT MAGISTRATE HOWRAH_IDA)
227820,roads and drainage at akbarpur village,Normal/Others,Shri Harbhajan Singh (2022-28),Sitting Rajya Sabha,Punjab,Rajya Sabha,499974.0,2026-02-19T00:00:00.000Z,True,,KAPURTHALA(DEPUTY COMMISSIONER KAPURTHALA_IDA)
240388,Work on the CC block road from Vipulbhai Kachadiya house to Bharatbhai Hirpara house in Piyava village,Normal/Others,BHARATBHAI MANUBHAI SUTARIYA,AMRELI,Gujarat,Lok Sabha,300000.0,2026-02-19T00:00:00.000Z,False,,AMRELI(DISTRICT COLLECTOR AMRELI_IDA)
210875,GI cotted water Tanker 5500 liter tyre 900x16 new,Normal/Others,SAVITRI THAKUR,DHAR,Madhya Pradesh,Lok Sabha,159212.0,2026-02-19T00:00:00.000Z,True,,DHAR(DISTRICT COLLECTOR DHAR_IDA)
164730,Setting up of Farmers Training Center and Common Facility Center for agro processing through NABARD,Normal/Others,Smt. Nirmala Sitharaman (2022-28),Sitting Rajya Sabha,Karnataka,Rajya Sabha,4886000.0,2026-02-19T00:00:00.000Z,True,,KOPPAL(DEPUTY COMMISSIONER KOPPAL_IDA)
198250,The benches for sitting in Moldi village,Normal/Others,BHARATBHAI MANUBHAI SUTARIYA,AMRELI,Gujarat,Lok Sabha,30000.0,2026-02-19T00:00:00.000Z,False,,AMRELI(DISTRICT COLLECTOR AMRELI_IDA)
176015,work of cremation roof in the scheduled tribes area,Normal/Others,Smt Poonamben Hematbhai Maadam,JAMNAGAR,Gujarat,Lok Sabha,499145.0,2026-02-20T00:00:00.000Z,True,,DEVBHUMI DWARKA(DISTRICT COLLECTOR DEVBHUMI DWARKA_IDA)
231940,"Construction of Marketing Shed at Nsunyu Village is a very need of the hours for the people of Tseminyu district , as being a fast growing semi-urban Town, requires essential infrastructure to support sustainable livelihood and ensure the welfare of its resident and travellers. this initiative will not only uplift the scio-economic of the people but also set a model for rural development in the region.",Normal/Others,Smt. S. Phangnon Konyak (2022-28),Sitting Rajya Sabha,Nagaland,Rajya Sabha,1000000.0,2026-02-20T00:00:00.000Z,True,,Tseminyu(Deputy Commissioner Tseminyu_IDA)
144827,Construction of community Hall H/O vallipuram panchayat.,Normal/Others,K Subbarayan,TIRUPPUR,Tamil Nadu,Lok Sabha,5260434.0,2026-02-20T00:00:00.000Z,True,,TIRUPPUR(DISTRICT COLLECTOR TIRUPPUR_IDA)
211620,Kochadhaman prakhand antergrat Bagalbari Panchayat ke Moujabari Shamsan Ghat ke Pass. (12M) High Mast Light.,Normal/Others,Dr Mohammad Jawed,KISHANGANJ,Bihar,Lok Sabha,649100.0,2026-02-20T00:00:00.000Z,True,,KISHANGANJ(DISTRICT PLANNING OFFICER KISHANGANJ_IDA)
248731,vagra gaame dasanaa faliyamaa bajrang chok maa shed nu kaam. (Majuro mate artisans shed),Normal/Others,Mansukhbhai Dhanjibhai Vasava,BHARUCH,Gujarat,Lok Sabha,349994.0,2026-02-20T00:00:00.000Z,True,,BHARUCH(DISTRICT COLLECTOR BROACH_IDA)
169208,CC Road And Drainage at Ashti Tq. Hadgaon Dist Nanded.,Normal/Others,AASHTIKAR PATIL NAGESH BAPURAO,HINGOLI,Maharashtra,Lok Sabha,4978547.0,2026-02-20T00:00:00.000Z,True,,NANDED(DISTRICT COLLECTOR NANDED_IDA)
213009,C.C. ROAD NIRMAN KARYA,Normal/Others,ROOP KUMARI CHOUDHARY,MAHASAMUND,Chhattisgarh,Lok Sabha,500000.0,2026-02-20T00:00:00.000Z,False,,MAHASAMUND(DISTRICT COLLECTOR MAHASAMUND_IDA)
211399,Kishanganj prakhand antergrat Teosa Panchayat ke Thahuapara Chowk me. (12M) High Mast Light.,Normal/Others,Dr Mohammad Jawed,KISHANGANJ,Bihar,Lok Sabha,649100.0,2026-02-20T00:00:00.000Z,True,,KISHANGANJ(DISTRICT PLANNING OFFICER KISHANGANJ_IDA)
147267,"Installation of Open Gym at G.P. Kudail, Dev. Block Baijnath, District Kangra as per the recommendation of Sh. Sunny Shukla.
Executing agency BDO, Baijnath.",Normal/Others,Dr. Sikander Kumar (2022-28),Sitting Rajya Sabha,Himachal Pradesh,Rajya Sabha,300000.0,2026-02-21T00:00:00.000Z,True,,KANGRA(DEPUTY COMMISSIONER KANGRA_IDA)
220461,"Construction of School rooms at Sri. Kengal Anjanayaswamy Rural Education Institute, Bannikuppe Village, Kailancha Hobli, Ramanagara Taluk, Bangalore South District, Karnataka State.",Normal/Others,DR C N MANJUNATH,BANGALORE RURAL,Karnataka,Lok Sabha,489812.0,2026-02-21T00:00:00.000Z,True,,Bengaluru South(DEPUTY COMMISSIONER RAMANAGARA_IDA)
224492,Harnaut block ke Kolawan Sudhari path par Chiraiya nadi pul ke pas Ganesh dham ke pas sidhi ghat ka nirman.,Normal/Others,Kaushalendra Kumar,NALANDA,Bihar,Lok Sabha,397620.0,2026-02-21T00:00:00.000Z,True,,NALANDA(DISTRICT PLANNING OFFICER NALANDA_IDA)
161978,"Mini Mast Light at Sankaramangalam Juma Masjid Centre ,Ward-8, in Pattambi Municipality",Normal/Others,Vellalath Kochukrishnan Nair Sreekandan,PALAKKAD,Kerala,Lok Sabha,184431.0,2026-02-22T00:00:00.000Z,True,,PALAKKAD(DISTRICT COLLECTOR PALAKKAD_IDA)
145214,Providing CC Road from Venkatasubbaiah House to Ramalayam,Normal/Others,Shri Meda Raghunadha Reddy (2024-30),Sitting Rajya Sabha,Andhra Pradesh,Rajya Sabha,199709.0,2026-02-23T00:00:00.000Z,True,,Y.S.R. Kadapa(DISTRICT COLLECTOR CUDDAPAH_IDA)
211116,Construction of Drama Stage in Sathya Nagar at Thozhupedu Panchayat,Normal/Others,THARANIVENTHAN M S,ARANI,Tamil Nadu,Lok Sabha,699196.0,2026-02-23T00:00:00.000Z,False,,TIRUVANNAMALAI(DISTRICT COLLECTOR TIRUVANNAMALAI_IDA)
205934,Installation of a small tower Electric Light with a height of 9 Mtr (Hight Mast Light)Ward No. 3 Near Santhaipettai in Arachalur Town Panchayat(1 Nos) (2025-26),Normal/Others,K E PRAKASH,ERODE,Tamil Nadu,Lok Sabha,450000.0,2026-02-23T00:00:00.000Z,True,,ERODE(DISTRICT_COLLECTORE_ERODE_IDA)
236450,Paver Block in the Patel Society in village Bagathala,Normal/Others,PARSHOTTAMBHAI RUPALA,RAJKOT,Gujarat,Lok Sabha,499816.0,2026-02-23T00:00:00.000Z,True,,MORBI(District collector Morbi_IDA)
189731,Construction of Interlock Tile House from Mehal Singh to Kashmir Singh House,Normal/Others,Smt Harsimrat Kaur Badal,BHATINDA,Punjab,Lok Sabha,67000.0,2026-02-23T00:00:00.000Z,True,,MANSA(DEPUTY COMMISSIONER MANSA_IDA)
230486,SHASAKIY UCHCHATAR MADHYAMIK VIDHYALAY CHARGODA JILA SINGRAULI ME WATER PURIFIER AND WATER COOLER LAGANA,Normal/Others,DR. RAJESH MISHRA,SIDHI,Madhya Pradesh,Lok Sabha,148300.0,2026-02-23T00:00:00.000Z,False,,SINGRAULI(District Collector Singrauli_IDA)
208794,water tanker -5000Litre,Normal/Others,Gyaneshwar Patil,KHANDWA,Madhya Pradesh,Lok Sabha,190930.0,2026-02-23T00:00:00.000Z,False,,DEWAS(DISTRICT COLLECTOR DEWAS_IDA)
208797,water tanker -5000Litre,Normal/Others,Gyaneshwar Patil,KHANDWA,Madhya Pradesh,Lok Sabha,190930.0,2026-02-23T00:00:00.000Z,False,,DEWAS(DISTRICT COLLECTOR DEWAS_IDA)
210117,Gym Equipment,Normal/Others,Smt Harsimrat Kaur Badal,BHATINDA,Punjab,Lok Sabha,500000.0,2026-02-24T00:00:00.000Z,True,,SRI MUKTSAR SAHIB(DEPUTY COMMISSIONER SRI MUKTSAR SAHIB_IDA)
236435,"Setting up of mini mast light at Muzhangadi junction, Ward no. 03, Ochira Panchayat",Normal/Others,Shri Abdul Wahab (2021-27),Sitting Rajya Sabha,Kerala,Rajya Sabha,214100.0,2026-02-24T00:00:00.000Z,True,,KOLLAM(DISTRICT COLLECTOR KOLLAM_IDA)
212935,"MIRGNJ KE -MANDANPUR, SUJATPUR,LABHEDA,GUGAI,NARELI RASOOLPUR, FATEHGANJ KE KATHOLA BENIRAM, PANTHARIYA, KERA, DHAUR SATUIYA, PACHTAUR, SHERGARH KE ABHAYPURA URF JOKHANPUR, DUNKI ME SHAMSHAN SHED KA NIRMAN",Normal/Others,CHHATRA PAL SINGH GANGWAR,BAREILLY,Uttar Pradesh,Lok Sabha,349253.0,2026-02-24T00:00:00.000Z,True,,BAREILLY(DISTRICT MAGISTRAE BAREILLY_IDA)
193405,Construction of retaining wall of Baha at Mukhraw(Nuaon),Normal/Others,SUDHAKAR SINGH,BUXAR,Bihar,Lok Sabha,759207.0,2026-02-24T00:00:00.000Z,False,,KAIMUR (BHABUA)(DISTRICT PLANNING OFFICER KAIMUR BHABUA_IDA)
175740,Construction of cremation,Normal/Others,ALOK SHARMA,BHOPAL,Madhya Pradesh,Lok Sabha,497586.0,2026-02-24T00:00:00.000Z,True,,SEHORE(DISTRICT COLLECTOR SEHORE_IDA)
210104,Bus Stand,Normal/Others,Smt Harsimrat Kaur Badal,BHATINDA,Punjab,Lok Sabha,100000.0,2026-02-24T00:00:00.000Z,True,,SRI MUKTSAR SAHIB(DEPUTY COMMISSIONER SRI MUKTSAR SAHIB_IDA)
160364,Improvements of road from hosada cross to nerekodl in kallabbe gram panchayath  kumta taluka,Normal/Others,VISHWESHWAR HEGDE KAGERI,UTTARA KANNADA,Karnataka,Lok Sabha,600000.0,2026-02-24T00:00:00.000Z,False,,UTTARA KANNADA(DEPUTY COMMISSIONER UTTARKANNADA KARWAR_IDA)
142435,Single Phase TyubeWell in Dhani of Leediya and Liluon ki dhani of Village Riya Shyamdas,Normal/Others,Shri Hanuman Beniwal,NAGAUR,Rajasthan,Lok Sabha,399877.0,2026-02-24T00:00:00.000Z,True,,NAGAUR(DISTRICT COLLECTOR NAGAUR_IDA)
164493,Construction of Samudaya Bavana near Mogata gram Panchayata in Ankola Taluka,Normal/Others,VISHWESHWAR HEGDE KAGERI,UTTARA KANNADA,Karnataka,Lok Sabha,800000.0,2026-02-24T00:00:00.000Z,False,,UTTARA KANNADA(DEPUTY COMMISSIONER UTTARKANNADA KARWAR_IDA)
196384,Providing Electrical Poles and Lines in 18th Ward (2.30 lakh) and in Pentayya Quarters (2.10 lakh) of Amadalavalasa Municipality,Normal/Others,Kinjarapu Ram Mohan Naidu,SRIKAKULAM,Andhra Pradesh,Lok Sabha,436090.0,2026-02-24T00:00:00.000Z,False,,SRIKAKULAM(District Collector Srikakulam_IDA)
234699,"Construction of CC road at Badanerka village, Goudaguda GP, Laxmipur Block",Normal/Others,Saptagiri Sankar Ulaka,KORAPUT,Odisha,Lok Sabha,250000.0,2026-02-25T00:00:00.000Z,True,,KORAPUT(District Collector Koraput_IDA)
164664,Roofing to Shedi kuli SC Colony Samudaya bavana in Babruvada Panchayata,Normal/Others,VISHWESHWAR HEGDE KAGERI,UTTARA KANNADA,Karnataka,Lok Sabha,600000.0,2026-02-25T00:00:00.000Z,False,,UTTARA KANNADA(DEPUTY COMMISSIONER UTTARKANNADA KARWAR_IDA)
188322,"STAINLESS STEEL BENCH FOR PUBLIC SITTING PURCHASE LOCATED AT UNJHA POLICE STATION-4,TALUKA PANCHAYAT-4,MAMALATDAR OFFICE-4,NAGARPALIKA OFFICE-4,UNAVA POLICE TATION-4",Normal/Others,HARIBHAI PATEL,MAHESANA,Gujarat,Lok Sabha,340000.0,2026-02-25T00:00:00.000Z,True,,MAHESANA(DISTRICT COLLECTOR MAHESANA_IDA)
148802,"PCC pavement of Internal Road at New Khawlek(Pu Lawma's house to Baptist
Church: 40 mtres)",Normal/Others,RICHARD VANLALHMANGAIHA,MIZORAM,Mizoram,Lok Sabha,250000.0,2026-02-25T00:00:00.000Z,False,,"LUNGLEI(Deputy Commissioner, Lunglei)"
157980,construction of footpath earth work at different places,Normal/Others,SALENG A SANGMA,TURA,Meghalaya,Lok Sabha,150000.0,2026-02-25T00:00:00.000Z,False,,WEST GARO HILLS(DEPUTY COMMISSIONER WEST GARO HILLS_IDA)
215181,"Construction of a protective shed for the RO water plant at RTC Bus Stand, Nandikotkur, to ensure safe drinking water access for the public and protection of equipment from weather conditions.",Normal/Others,DR BYREDDY SHABARI,NANDYAL,Andhra Pradesh,Lok Sabha,392789.0,2026-02-25T00:00:00.000Z,True,,Nandyal(DISTRICT COLLECTOR NANDYAL_IDA)
254779,"Drilling ofNew Borewell near RTC Bustand, Nandikotkur Mandal, Nandyal District",Normal/Others,DR BYREDDY SHABARI,NANDYAL,Andhra Pradesh,Lok Sabha,198098.0,2026-02-25T00:00:00.000Z,True,,Nandyal(DISTRICT COLLECTOR NANDYAL_IDA)
179159,"Construction of 600 feet PCC Road in Khanjahapur Ward No. 47, Mahadalit Tola Suraj Pokhra Manpur, from the house of Shri Gola Manjhi Ke ghar se Tuiya Manjhi, Sanjay Manjhi ke ghar hote huye Rambabu Ke ghar tak PCC and Naali Nirman",Normal/Others,JITAN RAM MANJHI,GAYA,Bihar,Lok Sabha,924355.0,2026-02-26T00:00:00.000Z,False,,GAYA(DISTRICT PLANNING OFFICER GAYA_IDA)
201052,Construction of PCC road from Chanchal Gorai house in Anila Nagar Kolakusma to Rajiv Singh house,Normal/Others,DULU MAHATO,DHANBAD,Jharkhand,Lok Sabha,400000.0,2026-02-26T00:00:00.000Z,True,,DHANBAD(DEPUTY COMMISSIONER DHANBAD_IDA)
256784,Providing 1 Nos of Mini Highmast Light,Normal/Others,Thalikkottai Rajuthevar Baalu,SRIPERUMBUDUR,Tamil Nadu,Lok Sabha,424635.0,2026-02-26T00:00:00.000Z,True,,Kancheepuram(DISTRICT COLLECTOR KANCHEEPURAM_IDA)
222585,Provide Minimast light at Malayil Vaidyankunnu ward in Veliyam GP,Normal/Others,Shri Suresh Kodikunnil,MAVELIKKARA,Kerala,Lok Sabha,228677.0,2026-02-26T00:00:00.000Z,False,,KOLLAM(DISTRICT COLLECTOR KOLLAM_IDA)
178544,Samudayik Bhawan Vistar Kary Vill-Danta Kalan GP-Lirdiya PS-Mandal,Normal/Others,DAMODAR AGARWAL,BHILWARA,Rajasthan,Lok Sabha,499833.0,2026-02-26T00:00:00.000Z,False,,BHILWARA(DISTRICT COLLECTOR BHILWARA_IDA)
145742,new library at adarsh vidhyalay in banthivada (Ajuhirola); village,Normal/Others,SHOBHANABEN MAHENDRASINH BARAIYA,SABARKANTHA,Gujarat,Lok Sabha,500000.0,2026-02-26T00:00:00.000Z,False,,ARVALLI(DISTRICT COLLECTOR ARVALLI_IDA)
243484,"Construction of CC Road with Side Drains in Pedakondayapalem Village, Ipuru Mandal",Normal/Others,Lavu Sri Krishna Devarayalu,NARASARAOPET,Andhra Pradesh,Lok Sabha,1599870.0,2026-02-27T00:00:00.000Z,False,,Palnadu(District Collector Palnadu_IDA)
180032,"Installation of high Mas Light at avadi Ward no 47, Sree Ram Nagar Entance",Normal/Others,Sasikanth Senthil,TIRUVALLUR,Tamil Nadu,Lok Sabha,430157.0,2026-02-27T00:00:00.000Z,True,,THIRUVALLUR(DISTRICT COLLECTOR TIRUVALLUR_IDA)
231965,CONSTRUCTION OF RETAINING WALL AT CULVERT,Normal/Others,GM Harish Balayogi,AMALAPURAM,Andhra Pradesh,Lok Sabha,499884.0,2026-02-27T00:00:00.000Z,True,,Dr. B.R. Ambedkar Konaseema(DISTRICT COLLECTOR Dr B R AMBEDKAR KONASEEMA_IDA)
234985,Installation of 9mtrs of height of high mast light in Virudhachalam - Ward No. 17 -,Normal/Others,M.K. VISHNUPRASAD,CUDDALORE,Tamil Nadu,Lok Sabha,449648.0,2026-02-27T00:00:00.000Z,True,,CUDDALORE(DISTRICT COLLECTOR CUDDALORE_IDA)
195972,Construction of Bus shelter in Housing board at Su.pallipattu,Normal/Others,CN Annadurai,TIRUVANNAMALAI,Tamil Nadu,Lok Sabha,600000.0,2026-02-27T00:00:00.000Z,True,,Tirupathur(District Collector Tirupathur_IDA)
226055,Construction of Kitchen cum Dining Hall at Khentseling School Rahyang Nafra Bichom District,Normal/Others,Kiren Rijiju,ARUNACHAL WEST,Arunachal Pradesh,Lok Sabha,1500000.0,2026-02-27T00:00:00.000Z,True,,WEST KAMENG(Deputy Commisioner West Kameng_IDA)
228686,Handpump,Normal/Others,SURENDRA PRASAD YADAV,JAHANABAD,Bihar,Lok Sabha,73706.0,2026-02-27T00:00:00.000Z,True,,ARWAL(District Planning Officer Arwal_IDA)
205675,"Shed construction at Govt Rashan Dukan at Meduka Gram Panchayat, Marwahi",Normal/Others,Jyotsna Charandas Mahant ,KORBA,Chhattisgarh,Lok Sabha,249570.0,2026-02-28T00:00:00.000Z,True,,Gaurela-Pendra-Marwahi(Collector GPM_IDA)
163420,"CONTINUE WORK OF CONSTRUCTION OF COMMUNITY BHAVAN OF DHARWAD ZILLA SAVITA SAMAJ (R) AT ARAVIND NAGAR, HUBLI CITY  WARD NO 55",Trust and Society,Pralhad Venkatesh Joshi,DHARWAD,Karnataka,Lok Sabha,896943.0,2026-03-01T00:00:00.000Z,True,,DHARWAD(DEPUTY COMMISSIONER DHARWAR_IDA)
158943,Rapar talukana Rav moti ravechinagar shiv mandir paase sanskrutik hall,Normal/Others,Vinod Chavda,KACHCHH,Gujarat,Lok Sabha,400000.0,2026-03-02T00:00:00.000Z,True,,KACHCHH(DISTRICT COLLECTOR KUTCH_IDA)
240366,Mini high mast light Choorithod Junction Ward 9,Normal/Others,Shri Rajmohan Unnithan ,KASARAGOD,Kerala,Lok Sabha,299170.0,2026-03-02T00:00:00.000Z,True,,KASARAGOD(DISTRICT COLLECTOR KASARAGOD_IDA)
225955,Construction of side drainage at road street in Karanai Panchayat,Normal/Others,THARANIVENTHAN M S,ARANI,Tamil Nadu,Lok Sabha,499800.0,2026-03-02T00:00:00.000Z,True,,TIRUVANNAMALAI(DISTRICT COLLECTOR TIRUVANNAMALAI_IDA)
243401,Gram Udri ke Churi name tok me Surcha Diwar ( working Agency Block),Normal/Others,Mala Rajya Laxmi Shah ,TEHRI GARHWAL,Uttarakhand,Lok Sabha,199589.0,2026-03-02T00:00:00.000Z,True,,Uttarkashi(DISTRICT COLLECTOR UTTARKASHI_IDA)
254383,vahivati ward 9 khate avel jhansirani circle pase avel ground ma pewarblock nakhvani kamgiri,Normal/Others,DR. HEMANG JOSHI,VADODARA,Gujarat,Lok Sabha,405044.0,2026-03-02T00:00:00.000Z,True,,VADODARA(DISTRICT COLLECTOR VADODARA_IDA)
202302,"To provide electricity connection to Dhani of Shri Subhash and Shri Kulwant Son of Shri Surja Ram, Village Badopal",Normal/Others,SELJA,SIRSA,Haryana,Lok Sabha,72000.0,2026-03-02T00:00:00.000Z,False,,FATEHABAD(Deputy Commissioner Fatehabad)
171204,Construction of BUS SHELTER in KOTIKAL  Village,Normal/Others,Parvatagouda Chandanagouda Gaddigoudar,BAGALKOT,Karnataka,Lok Sabha,787787.0,2026-03-03T00:00:00.000Z,True,,BAGALKOTE(DEPUTY COMMISSIONER BAGALKOT_IDA)
186638,"Installation of Solar High Mast on Kem Road, Patil wasti, Garad Wasti Chowk, at Kandar, Tal. Karmala, Dist. Solapur",Normal/Others,MOHITE PATIL DHAIRYASHEEL RAJSINH,MADHA,Maharashtra,Lok Sabha,215332.0,2026-03-04T00:00:00.000Z,False,,SOLAPUR(DISTRICT COLLECTOR SOLAPUR_IDA)
193529,"Construction work of 20 x 25 Room with Varanda in Givt Sen Sec School, BVill DHeerwas Chota, Taranagar",Normal/Others,Rahul Kaswan,CHURU,Rajasthan,Lok Sabha,811178.0,2026-03-04T00:00:00.000Z,True,,CHURU(DISTRICT COLLECTOR CHURU_IDA)
253544,"Smart class room for Government High School, Kanthadu, Marakkanam",Normal/Others,D Ravikumar ,VILUPPURAM,Tamil Nadu,Lok Sabha,200000.0,2026-03-04T00:00:00.000Z,False,,Viluppuram(DISTRICT COLLECTOR VILLUPURAM_IDA)
204846,War Memorial Construction Near the Ambedkar Park and nature Park Laxmangarh Sikar Ward no 01 Tehsil Lachhmangarh Land Allotment Kashra No 716,Normal/Others,Shri Pramod Tiwari (2022-28),Sitting Rajya Sabha,Rajasthan,Rajya Sabha,1481863.0,2026-03-04T00:00:00.000Z,True,,SIKAR(DISTRICT COLLECTOR SIKAR_IDA)
152005,construction of Multi purposes Building,Normal/Others,M.K. VISHNUPRASAD,CUDDALORE,Tamil Nadu,Lok Sabha,1349643.0,2026-03-04T00:00:00.000Z,True,,CUDDALORE(DISTRICT COLLECTOR CUDDALORE_IDA)
197301,Construction of Drama Stage at Kadalady Panchayat,Normal/Others,CN Annadurai,TIRUVANNAMALAI,Tamil Nadu,Lok Sabha,699580.0,2026-03-05T00:00:00.000Z,True,,TIRUVANNAMALAI(DISTRICT COLLECTOR TIRUVANNAMALAI_IDA)
258126,For Construction of Road,Normal/Others,Shri Gurjeet Singh Aujla,AMRITSAR,Punjab,Lok Sabha,499823.0,2026-03-05T00:00:00.000Z,False,,AMRITSAR(DEPUTY COMMISSIONER AMRITSAR_IDA)
222531,"Laying of CC Road from Water Tank to Gillakattula Suresh Goud (H) at Mohamad Nagar, Hamlet of Debbedaguda GP of Kandukur (M)",Normal/Others,KONDA VISHWESHWAR REDDY,CHELVELLA,Telangana,Lok Sabha,499430.0,2026-03-05T00:00:00.000Z,True,,RANGA REDDY(DISTRICT COLLECTOR RANGAREDDY_IDA)
211730,Construction of new bus shed in alagapuri village,Normal/Others,THANGA TAMILSELVAN,THENI,Tamil Nadu,Lok Sabha,798565.0,2026-03-06T00:00:00.000Z,True,,MADURAI(DISTRICT COLLECTOR MADURAI_IDA)
226058,Construction of Retaining wall at Archery Stadium at Lumla,Normal/Others,Kiren Rijiju,ARUNACHAL WEST,Arunachal Pradesh,Lok Sabha,1477491.0,2026-03-07T00:00:00.000Z,False,,TAWANG(Deputy Commisioner Tawang_IDA)
167392,PROVIDING BENCHES AT VARIOUS VILLAGES IN DHARMPUR TALUKA,Normal/Others,DHAVAL LAXMANBHAI PATEL,VALSAD,Gujarat,Lok Sabha,498000.0,2026-03-07T00:00:00.000Z,True,,VALSAD(DISTRICT COLLECTOR VALSAD_IDA)
246643,"Purchase of 15 Laptops for UIT, Pathiyoor Regional Centre",Normal/Others,K. C VENUGOPAL,ALAPPUZHA,Kerala,Lok Sabha,597375.0,2026-03-07T00:00:00.000Z,True,,ALAPPUZHA(DISTRICT COLLECTOR ALAPPUZHA_IDA)
210602,Installation of a high mast light near the main road intersection in village Allahpur in consultation with Sarvesh from my MP Local Area Development Fund (7895026493),Normal/Others,Mukesh Rajput,FARRUKHABAD,Uttar Pradesh,Lok Sabha,197295.0,2026-03-07T00:00:00.000Z,False,,ETAH(DISTRICT MAGISTRATE ETAH_IDA)
201493,Nileshbhai Punayambhai ni khari ni baju thi Ashwinbhai Gordhanbhai na ghar taraf no C.C. Road,Normal/Others,Mitesh Rameshbhai Bakabhai Patel,ANAND,Gujarat,Lok Sabha,479613.0,2026-03-07T00:00:00.000Z,False,,ANAND(District Collector ANAND_IDA)
246604,Installation of a Mini High Mast Light at Choolatheruvu Junction in the 2nd ward of Muthukulam GP,Normal/Others,K. C VENUGOPAL,ALAPPUZHA,Kerala,Lok Sabha,325388.0,2026-03-07T00:00:00.000Z,True,,ALAPPUZHA(DISTRICT COLLECTOR ALAPPUZHA_IDA)
202185,EAST CHAMPARAN- PRAKHAND SUGAULI VILL SUKUL PAKAR BELWALIA WARD NO-9 NIYAZ MIYA KE KHET SE IDGAH TAK -  PCC ROAD.,Normal/Others,Dr. Dharmshila Gupta (2024-30),Sitting Rajya Sabha,Bihar,Rajya Sabha,1494517.0,2026-03-07T00:00:00.000Z,False,,PURBI CHAMPARAN(DISTRICT PLANNING OFFICER MOTHIHARI EAST CHAMPARAN_IDA)
212993,"Construction of Paver Block Public Street from the House of Sh. Pawan to the House of Sh. Ashok Sharma, Street No. - 7, Ward No. - 11, Kaithal, Distt Kaithal, Haryana",Normal/Others,Shri Anil Kumar Yadav Mandadi (2024-30),Sitting Rajya Sabha,Telangana,Rajya Sabha,416831.0,2026-03-07T00:00:00.000Z,True,,KAITHAL(DC CUM NODAL OFFICERS MPLADS)
199644,Near Khair Bazaar Teen Muhana,Normal/Others,SUDAMA PRASAD,ARRAH,Bihar,Lok Sabha,500000.0,2026-03-07T00:00:00.000Z,False,,BHOJPUR(DISTRICT PLANNING OFFICER BHOJPUR ARRAH_IDA)
236732,PCC work of the path from the farm of Shri Alok Singh to Chhath Sthan in village Jhimliyan under Koini Panchayat,Normal/Others,Shri Manan Kumar Mishra (2024-28),Sitting Rajya Sabha,Bihar,Rajya Sabha,996445.0,2026-03-07T00:00:00.000Z,True,,GOPALGANJ(DISTRICT PLANNING OFFICER GOPALGANJ_IDA)
233863,Drilling of Bore well and Pump set near H.No. 1-77  of  Dharmaram Village of  Konaraopeta Mandal,Normal/Others,Sanjay Kumar Bandi,KARIMNAGAR,Telangana,Lok Sabha,199851.0,2026-03-07T00:00:00.000Z,True,,RAJANNA SIRCILLA(DISTRICT COLLECTOR RAJANNA SIRCILLA_IDA)
166576,"Installation open gym in the Village, The working agency will be Gram Panchayat",Normal/Others,SUKHJINDER SINGH RANDHAWA,GURDASPUR,Punjab,Lok Sabha,299950.0,2026-03-09T00:00:00.000Z,False,,GURDASPUR(DEPUTY COMMISSIONER GURDASPUR_IDA)
238076,CC Road (Shaymlal patel se school  maidan tak) singarpur jangal,Normal/Others,Santosh Pandey,RAJNANDGAON,Chhattisgarh,Lok Sabha,485000.0,2026-03-09T00:00:00.000Z,True,,Kabeerdham(DISTRICT COLLECTOR KABIRDHAM)
184026,MML NEAR IRICHAYAM PALLIMUKKU MUSLIM JAMA ATH IN NEDUMANGADU MUNCIPALITY,Normal/Others,Adv Adoor Prakash ,ATTINGAL,Kerala,Lok Sabha,250064.0,2026-03-09T00:00:00.000Z,True,,THIRUVANANTHAPURAM(DISTRICT COLLECTOR THIRUVANANTHAPURAM_IDA)
222043,Hilsa block ke panchayat chiksaura ke gram chiksaura dih me Bhola thakur ke ghar ke nikat se Utkaramit middle school tak pcc dhalai nirman.,Normal/Others,Kaushalendra Kumar,NALANDA,Bihar,Lok Sabha,299164.0,2026-03-10T00:00:00.000Z,True,,NALANDA(DISTRICT PLANNING OFFICER NALANDA_IDA)
152770,Gram mir pur chatti ke tirahe par,Normal/Others,RAJEEV RAI,GHOSI,Uttar Pradesh,Lok Sabha,206970.0,2026-03-10T00:00:00.000Z,True,,MAU(DISTRICT MAGISTRATE MAU_IDA)
249649,Gram Panchayat Maniyakhedi Lahadpur me Yatri Pratikshalay Nirman L.No. 184 dt.07.10.2024,Normal/Others,Durga Das Uikey ,BETUL,Madhya Pradesh,Lok Sabha,259942.0,2026-03-10T00:00:00.000Z,False,,HARDA(District Collector Harda_IDA)
252708,Block paving work naer to the Leuva Patel samaj vadi in Gopalgram village,Normal/Others,BHARATBHAI MANUBHAI SUTARIYA,AMRELI,Gujarat,Lok Sabha,300000.0,2026-03-10T00:00:00.000Z,True,,AMRELI(DISTRICT COLLECTOR AMRELI_IDA)
216128,"Providing of Installation in High Mass Solar Light 12 Mt, 100W, Solar LED Light 6 No. at Kilpappambadi Panchayat in Polur Block",Normal/Others,THARANIVENTHAN M S,ARANI,Tamil Nadu,Lok Sabha,743611.0,2026-03-10T00:00:00.000Z,False,,Viluppuram(DISTRICT COLLECTOR VILLUPURAM_IDA)
188616,"construction of wall compound at ward no 8 , near neharu statue , anjangaon surji",Normal/Others,BALWANT BASWANT WANKHADE,AMRAVATI,Maharashtra,Lok Sabha,1192287.0,2026-03-10T00:00:00.000Z,True,,AMRAVATI(DISTRICT COLLECTOR AMRAVATI_IDA)
219883,Installation of  an outdoor gym,Normal/Others,CHARANJIT SINGH CHANNI,JALANDHAR,Punjab,Lok Sabha,97338.0,2026-03-10T00:00:00.000Z,True,,JALANDHAR(DEPUTY COMMISSIONER JALANDHAR_IDA)
219877,Installation of  an outdoor gym,Normal/Others,CHARANJIT SINGH CHANNI,JALANDHAR,Punjab,Lok Sabha,97338.0,2026-03-10T00:00:00.000Z,True,,JALANDHAR(DEPUTY COMMISSIONER JALANDHAR_IDA)
231612,c.wall work navin gamtal devipujak vas 2024-2025,Normal/Others,GENIBEN NAGAJI THAKOR,BANASKANTHA,Gujarat,Lok Sabha,300000.0,2026-03-10T00:00:00.000Z,True,,BANAS KANTHA(DISTRICT COLLECTOR BANAS KANTHA_IDA)
152646,Gram achhar me achhar tirahe par,Normal/Others,RAJEEV RAI,GHOSI,Uttar Pradesh,Lok Sabha,206970.0,2026-03-10T00:00:00.000Z,True,,MAU(DISTRICT MAGISTRATE MAU_IDA)
199707,At gajraj ganj market,Normal/Others,SUDAMA PRASAD,ARRAH,Bihar,Lok Sabha,500000.0,2026-03-11T00:00:00.000Z,False,,BHOJPUR(DISTRICT PLANNING OFFICER BHOJPUR ARRAH_IDA)
162290,Installation of solar high mast lamp in Near Bhori Majjid at post Akluj,Normal/Others,MOHITE PATIL DHAIRYASHEEL RAJSINH,MADHA,Maharashtra,Lok Sabha,215332.0,2026-03-11T00:00:00.000Z,False,,SOLAPUR(DISTRICT COLLECTOR SOLAPUR_IDA)
152755,Gram raghauli ke chatti par vindhyachal ke dukaan ke saamne,Normal/Others,RAJEEV RAI,GHOSI,Uttar Pradesh,Lok Sabha,206970.0,2026-03-11T00:00:00.000Z,True,,MAU(DISTRICT MAGISTRATE MAU_IDA)
168933,For block paving on the embankment around the lake in the lakeside area at Morli Village,Normal/Others,C R Patil,NAVSARI,Gujarat,Lok Sabha,500000.0,2026-03-11T00:00:00.000Z,True,,NAVSARI(DISTRICT COLLECTOR NAVSARI_IDA)
196495,Installation of High Mast Light near Surya Mandir in Kabar Village of Kabar Panchayat Konch Block,Normal/Others,ABHAY KUMAR SINHA,AURANGABAD,Bihar,Lok Sabha,400000.0,2026-03-11T00:00:00.000Z,True,,GAYA(DISTRICT PLANNING OFFICER GAYA_IDA)
206093,"Ward No 83, High Mast Light, M.K.Puram Main Road, Near B6 Police station, Madurai(2024-2025)",Normal/Others,S Venkatesan,MADURAI,Tamil Nadu,Lok Sabha,349830.0,2026-03-11T00:00:00.000Z,True,,MADURAI(DISTRICT COLLECTOR MADURAI_IDA)
185334,Renovation of Amunihapatna Community Center,Normal/Others,BIBHU PRASAD TARAI,JAGATSINGHPUR,Odisha,Lok Sabha,200000.0,2026-03-11T00:00:00.000Z,True,,PURI(DISTRICT COLLECTOR PURI_IDA)
226031,Construction of Kitchan in Bhagwan Parshuram Dharamshala in Bhustala,Normal/Others,NAVEEN JINDAL,KURUKSHETRA,Haryana,Lok Sabha,326947.0,2026-03-11T00:00:00.000Z,True,,KURUKSHETRA(DEPUTY COMMISSIONER KURUKSHETRA_IDA)
160101,RO Drinking Water Unit for Government High School Haragi Village.,Normal/Others,Shri B Y Raghavendra ,SHIMOGA,Karnataka,Lok Sabha,300000.0,2026-03-11T00:00:00.000Z,True,,SHIVAMOGGA(DEPUTY COMMISSIONER SHIMOGA_IDA)
237093,Muktidham Nirman,Normal/Others,Virendra Kumar,TIKAMGARH,Madhya Pradesh,Lok Sabha,207638.0,2026-03-11T00:00:00.000Z,True,,TIKAMGARH(DISTRICT COLLECTOR TIKAMGARH_IDA)
199650,Near Pavna Police Station,Normal/Others,SUDAMA PRASAD,ARRAH,Bihar,Lok Sabha,500000.0,2026-03-11T00:00:00.000Z,False,,BHOJPUR(DISTRICT PLANNING OFFICER BHOJPUR ARRAH_IDA)
172142,Construction of Link Road and pathways,Normal/Others,Shri Harsh Mahajan (2024-30),Sitting Rajya Sabha,Himachal Pradesh,Rajya Sabha,250000.0,2026-03-11T00:00:00.000Z,False,,"BILASPUR(DEPUTY COMMISSIONER, BILASPUR)"
199658,Hasan Bazaar Playground,Normal/Others,SUDAMA PRASAD,ARRAH,Bihar,Lok Sabha,500000.0,2026-03-11T00:00:00.000Z,False,,BHOJPUR(DISTRICT PLANNING OFFICER BHOJPUR ARRAH_IDA)
196298,Installation of High Mast Light near Koeshwar Ji in Chitokar Village of Jalalpur Panchayat Block Tikari,Normal/Others,ABHAY KUMAR SINHA,AURANGABAD,Bihar,Lok Sabha,400000.0,2026-03-11T00:00:00.000Z,True,,GAYA(DISTRICT PLANNING OFFICER GAYA_IDA)
248431,Block paving work in Monpur village,Normal/Others,BHARATBHAI MANUBHAI SUTARIYA,AMRELI,Gujarat,Lok Sabha,500000.0,2026-03-11T00:00:00.000Z,False,,AMRELI(DISTRICT COLLECTOR AMRELI_IDA)
239736,Installation of RO with Water Cooler in Govt Primary School,Normal/Others,SARABJEET SINGH KHALSA,FARIDKOT,Punjab,Lok Sabha,90000.0,2026-03-11T00:00:00.000Z,True,,MOGA(Deputy Commissioner Moga)
142784,Construction of gutters  from Nayapura to Kodiyar Dham in Gram Tilgara JP Badnawar District Dhar,Normal/Others,Dr. Kavita Patidar (2022-28),Sitting Rajya Sabha,Madhya Pradesh,Rajya Sabha,400000.0,2026-03-12T00:00:00.000Z,True,,DHAR(DISTRICT COLLECTOR DHAR_IDA)
264868,"CONSTRUCTION OF COMMUNITY CENTER AT ATHAGARH MAHOSTAV FIELD, ATHAGARH NAC WARD NO.08, NEAR BLOCK OFFICE, ATHAGARH, CUTTACK",Normal/Others,Shri Bhartruhari Mahtab,CUTTACK,Odisha,Lok Sabha,950000.0,2026-03-12T00:00:00.000Z,True,,Kataka(DISTRICT COLLECTOR CUTTACK_IDA)
216866,Construction of bus shelter in madavakurichi at manur panchayat union,Normal/Others,ROBERT BRUCE C,TIRUNELVELI,Tamil Nadu,Lok Sabha,799714.0,2026-03-13T00:00:00.000Z,True,,TIRUNELVELI(DISTRICT COLLECTOR TIRUNELVELI_IDA)
147806,Purchase of mobile water tanker for village Dhanora,Normal/Others,Gajendra Singh Patel,KHARGONE,Madhya Pradesh,Lok Sabha,139388.0,2026-03-13T00:00:00.000Z,False,,BARWANI(DISTRICT COLLECTOR BADWANI_IDA)
250639,"Infrastructure Development of Sankardev Sishu Niketan, Sripani, Sissiborgaon LAC under MPLADS, 2025-26",Normal/Others,Pradan Baruah,LAKHIMPUR,Assam,Lok Sabha,499940.0,2026-03-13T00:00:00.000Z,True,,DHEMAJI(DEPUTY COMMISSIONER DHEMAJI_IDA)
273965,"Construction of Chenkulam Mangapara Ambazhachal road or pathway, Ward No. 03, Vellathooval Panchayat",Normal/Others,Shri Abdul Wahab (2021-27),Sitting Rajya Sabha,Kerala,Rajya Sabha,968677.0,2026-03-13T00:00:00.000Z,True,,IDUKKI(DISTRICT COLLECTOR IDUKKI_IDA)
213945,Construction of PCC road from Ajay Singh house in Jamadoba Cooperative Colony to Ramesh Pandey house,Normal/Others,DULU MAHATO,DHANBAD,Jharkhand,Lok Sabha,300000.0,2026-03-13T00:00:00.000Z,True,,DHANBAD(DEPUTY COMMISSIONER DHANBAD_IDA)
222540,Construction of PCC Road in ward no. 44 from House of Dr B. K. Prasad towards the house of Kapil Dev Ji under Patna Municipal Corporation.,Normal/Others,Dr. Faiyaz Ahmad (2022-28),Sitting Rajya Sabha,Bihar,Rajya Sabha,1481500.0,2026-03-13T00:00:00.000Z,True,,PATNA(DISTRICT PLANNING OFFICER PATNA_IDA)
179225,KALMESHWAR SABHA BHAVAN,Normal/Others,BASAVARAJ BOMMAI,HAVERI,Karnataka,Lok Sabha,500000.0,2026-03-13T00:00:00.000Z,True,,HAVERI(DEPUTY COMMISSIONER HAVERI_IDA)
184789,"Digging of bore well and installing handpump at  Talari Papaiah house, Pedda Munagala village of Konijerla mandal",Normal/Others,RAMASAHAYAM RAGHURAM REDDY,KHAMMAM,Telangana,Lok Sabha,71905.0,2026-03-13T00:00:00.000Z,True,,KHAMMAM(DISTRICT COLLECTOR KHAMMAM_IDA)
184657,Installation of Solar Light at Cremation Ground of Sukal Village.,Normal/Others,SAMBIT PATRA,PURI,Odisha,Lok Sabha,40000.0,2026-03-13T00:00:00.000Z,False,,PURI(DISTRICT COLLECTOR PURI_IDA)
250916,"Construction of Footpath with Protection wall at Konsin Mohallah, Chittibanday C.",Normal/Others,ABDUL RASHID SHEIKH,BARAMULLAH,Jammu And Kashmir,Lok Sabha,146489.0,2026-03-14T00:00:00.000Z,True,,BANDIPORA(Deputy Commissioner Bandipora_IDA)
184672,Installation of Solar Light at Cremation Ground of Balarampurgada Village.,Normal/Others,SAMBIT PATRA,PURI,Odisha,Lok Sabha,40000.0,2026-03-15T00:00:00.000Z,False,,PURI(DISTRICT COLLECTOR PURI_IDA)
216696,PURE BHIKHARI JYOTI NARAYAN GAUTAM KE GHAR KE PAAS,Normal/Others,VINOD KUMAR BIND,BHADOHI,Uttar Pradesh,Lok Sabha,107877.0,2026-03-16T00:00:00.000Z,True,,BHADOHI(DISTRICT MAGISTRATE BHADOHI_IDA)
216694,RAIPURI ME YOGENDRA GUPTA KE GHAR KE PAAS,Normal/Others,VINOD KUMAR BIND,BHADOHI,Uttar Pradesh,Lok Sabha,107877.0,2026-03-16T00:00:00.000Z,True,,BHADOHI(DISTRICT MAGISTRATE BHADOHI_IDA)
175718,"Construction of a new multipurpose building in Krishnapuram, Parakalakottai Panchayat, Pattukottai",Normal/Others,MURASOLI S,THANJAVUR,Tamil Nadu,Lok Sabha,1055760.0,2026-03-16T00:00:00.000Z,False,,THANJAVUR(DISTRICT COLLECTOR THANJAVUR_IDA)
184719,Sherpur Goplahan me Pankaj Chaudhari ke Chaurahe par,Normal/Others,VINOD KUMAR BIND,BHADOHI,Uttar Pradesh,Lok Sabha,107898.0,2026-03-16T00:00:00.000Z,True,,BHADOHI(DISTRICT MAGISTRATE BHADOHI_IDA)
201587,"Purchase of Smart Class Board for the Government Higher Secondary School, Aravakurichi",Normal/Others,Smt S Jothimani,KARUR,Tamil Nadu,Lok Sabha,199966.0,2026-03-16T00:00:00.000Z,True,,KARUR(DISTRICT COLLECTOR KARUR_IDA)
151963,Gram Sabha Bhori Mahjooda Arun kumar ke ghar ke pas trimuhani par,Normal/Others,VINOD KUMAR BIND,BHADOHI,Uttar Pradesh,Lok Sabha,118971.0,2026-03-16T00:00:00.000Z,True,,BHADOHI(DISTRICT MAGISTRATE BHADOHI_IDA)
221541,The work of block paving road in Rabhada village.,Normal/Others,BHARATBHAI MANUBHAI SUTARIYA,AMRELI,Gujarat,Lok Sabha,277362.0,2026-03-16T00:00:00.000Z,True,,AMRELI(DISTRICT COLLECTOR AMRELI_IDA)
151942,Gram Sabha Tez Singhpur me Chhedilal ke ghar ke samne,Normal/Others,VINOD KUMAR BIND,BHADOHI,Uttar Pradesh,Lok Sabha,118971.0,2026-03-16T00:00:00.000Z,True,,BHADOHI(DISTRICT MAGISTRATE BHADOHI_IDA)
164010,"Construction work walls of the playground of Government Higher Secondary School, Hatoondi G.P. Hatoondi P.S. Mandawar",Normal/Others,BHUPENDER YADAV,ALWAR,Rajasthan,Lok Sabha,1991060.0,2026-03-16T00:00:00.000Z,True,,Khairthal-Tijara(DISTRICT COLLECTOR KHAIRTHAL TIJARA_IDA)
163466,Construction of Open Gym at Sanghan Panchayt Ground (Near Sangatpura Road),Normal/Others,Shri Ashok Singh (2024-30),Sitting Rajya Sabha,Madhya Pradesh,Rajya Sabha,289754.0,2026-03-17T00:00:00.000Z,False,,KAITHAL(DC CUM NODAL OFFICERS MPLADS)
239250,Const. of Bwall Stadium Ch. Chotu Ram Stadium,Normal/Others,DEEPENDER SINGH HOODA,ROHTAK,Haryana,Lok Sabha,491140.0,2026-03-17T00:00:00.000Z,True,,JHAJJAR(DEPUTY COMMISSIONER cum NODAL OFFICER MPLADS JHAJJAR)
163464,Construction of Open Gym at Panchayat Akhad of Baba Ladana Village in the name of Baba Balak Nath,Normal/Others,Shri Ashok Singh (2024-30),Sitting Rajya Sabha,Madhya Pradesh,Rajya Sabha,280139.0,2026-03-17T00:00:00.000Z,False,,KAITHAL(DC CUM NODAL OFFICERS MPLADS)
224860,GRAM MOHANDI KHURD ME SHASKIYA PURV MADHYAMIK VIDHYALAYO KI PUSTAKALAYO ME PUSTAK KHARIDI,Normal/Others,KAMLESH JANGDE,JANJGIR CHAMPA,Chhattisgarh,Lok Sabha,10000.0,2026-03-17T00:00:00.000Z,True,,SAKTI(COLLECTOR SAKTI_IDA)
224849,GRAM BODASAGAR ME SHASKIYA PURV MADHYAMIK VIDHYALAYO KI PUSTAKALAYO ME PUSTAK KHARIDI,Normal/Others,KAMLESH JANGDE,JANJGIR CHAMPA,Chhattisgarh,Lok Sabha,10000.0,2026-03-17T00:00:00.000Z,True,,SAKTI(COLLECTOR SAKTI_IDA)
199607,Construction work of RCC Road and Draning Road system to Satpal Malik House to Dinesh House in Maholla Gali No 6 Ankit Vihar ward 31,Normal/Others,CHANDAN CHAUHAN,BIJNOR,Uttar Pradesh,Lok Sabha,395440.0,2026-03-17T00:00:00.000Z,True,,MUZAFFARNAGAR(DISTRICT MAGISTRATE MUZAFFARNAGAR_IDA)
178765,"Construction of boundary wall of Mukteswar Jew community centre , ward no -16, Daspalla NAC",Normal/Others,SUKANTA KUMAR PANIGRAHI,KANDHAMAL,Odisha,Lok Sabha,100000.0,2026-03-17T00:00:00.000Z,True,,Nayagada(DISTRICT COLLECTOR  NAYAGARH_IDA)
240649,Construction Culvert And Side Protection of Moothedam SC Unnathi Road in Ward No 11 Moothedam Mundoor Gramapanchayath,Normal/Others,Smt. P. T. Usha (2022-28),Nominated Rajya Sabha,Kerala,Rajya Sabha,1241115.0,2026-03-17T00:00:00.000Z,True,,PALAKKAD(DISTRICT COLLECTOR PALAKKAD_IDA)
258447,"Construction of cement road in Baby Amma Nagar, Chinnamma Pettai, Thiruvalangadu Panchayat Union.",Normal/Others,Sasikanth Senthil,TIRUVALLUR,Tamil Nadu,Lok Sabha,1499125.0,2026-03-17T00:00:00.000Z,False,,THIRUVALLUR(DISTRICT COLLECTOR TIRUVALLUR_IDA)
231749,Nagar palika parishad herbertpur ward no-6 Vivek Bihar me Punjab and Sindh Bank  wali gali me dehradun mukhyamarg se shri umed  ke ghar ke kone tak CC marg nirman- kar Santh- Nagar palika parishad herbertpur,Normal/Others,Shri Mahendra Bhatt (2024-30),Sitting Rajya Sabha,Uttarakhand,Rajya Sabha,1495580.0,2026-03-17T00:00:00.000Z,True,,DEHRADUN(DISTRICT MAGISTRATE DEHRADUN_IDA)
192445,"Construction work of slab culvert on Tuma road, Gram Panchayat Dadkasa, Janpad Panchayat Birsa Balaghat",Normal/Others,Smt. Sumitra Balmik (2022-28),Sitting Rajya Sabha,Madhya Pradesh,Rajya Sabha,2499990.0,2026-03-18T00:00:00.000Z,True,,BALAGHAT(DISTRICT COLLECTOR BALAGHAT_IDA)
240303,Construction of P.C.C. Road work,Normal/Others,Shri Satish Chandra Dubey (2022-28),Sitting Rajya Sabha,Bihar,Rajya Sabha,594719.0,2026-03-18T00:00:00.000Z,False,,PASHCHIM CHAMPARAN(DISTRICT PLANNING OFFICER WEST CHAMPARANBETTIAH_IDA)
245361,construction of footpath at Amingokgre village (earth work),Normal/Others,SALENG A SANGMA,TURA,Meghalaya,Lok Sabha,400000.0,2026-03-18T00:00:00.000Z,True,,WEST GARO HILLS(DEPUTY COMMISSIONER WEST GARO HILLS_IDA)
221626,"Laying of CC Road from Gugulothu Veeri (H) to Gugulothu Bhadru (H) at Patha Thanda in Ward No 10, Mahabubabad Town",Normal/Others,BALRAM NAIK PORIKA,MAHABUBABAD,Telangana,Lok Sabha,368113.0,2026-03-18T00:00:00.000Z,True,,MAHABUBABAD(DISTRICT COLLECTOR MAHABUBABAD_IDA)
246562,Installation of 4 High Mast Lights in Alappuzha Government Medical College Campus in the 2nd ward of Ambalappuzha North GP,Normal/Others,K. C VENUGOPAL,ALAPPUZHA,Kerala,Lok Sabha,1818969.0,2026-03-18T00:00:00.000Z,False,,ALAPPUZHA(DISTRICT COLLECTOR ALAPPUZHA_IDA)
160750,"Tehsil Karhal Block – Karhal, Mauza – Harer 
CC – 200 meters from Majra Piluahar to Ranipur in Mauza Harer. 
Shivpal Singh (Pradhan) –6396698810",Normal/Others,Smt Dimple Yadav,MAINPURI,Uttar Pradesh,Lok Sabha,1458234.0,2026-03-19T00:00:00.000Z,False,,MAINPURI(DISTRICT MAGISTRATE MAINPURI_IDA)
184726,Chandapur me Shiv Mandir ke Pas,Normal/Others,VINOD KUMAR BIND,BHADOHI,Uttar Pradesh,Lok Sabha,107898.0,2026-03-19T00:00:00.000Z,True,,BHADOHI(DISTRICT MAGISTRATE BHADOHI_IDA)
184754,Dighwat me Om Prakash ke Ghar ke Pas,Normal/Others,VINOD KUMAR BIND,BHADOHI,Uttar Pradesh,Lok Sabha,107898.0,2026-03-19T00:00:00.000Z,True,,BHADOHI(DISTRICT MAGISTRATE BHADOHI_IDA)
153206,No.14 Interlocking work in 150 meter length from Jiyavan Pandey's house in Gram Panchayat Belhari to outside Badki Belhari village.,Normal/Others,Kirti Vardhan Singh,GONDA,Uttar Pradesh,Lok Sabha,682132.0,2026-03-19T00:00:00.000Z,True,,GONDA(DISTRICT MAGISTRATE GONDA_IDA)
184766,Bahutara Khurd me Rajkumar Gautam ke Ghar ke Pas,Normal/Others,VINOD KUMAR BIND,BHADOHI,Uttar Pradesh,Lok Sabha,107898.0,2026-03-19T00:00:00.000Z,True,,BHADOHI(DISTRICT MAGISTRATE BHADOHI_IDA)
168611,"Installation of Hand Pump in Village Saraswati Bigha Mahadalit Tola at common place in Panchayat-Sadipur, Block-Manpur, District Gaya",Normal/Others,JITAN RAM MANJHI,GAYA,Bihar,Lok Sabha,74674.0,2026-03-19T00:00:00.000Z,False,,GAYA(DISTRICT PLANNING OFFICER GAYA_IDA)
169082,"Installation of Hand Pump at Public Place in Village Koilipur (near the house of Shri Musafir Manjhi), Panchayat-Sonaut, Block Manpur",Normal/Others,JITAN RAM MANJHI,GAYA,Bihar,Lok Sabha,74674.0,2026-03-19T00:00:00.000Z,False,,GAYA(DISTRICT PLANNING OFFICER GAYA_IDA)
222794,"Providing shooting training equipment to Shri Omprakash, son of Shri Naina Ram (Pistol Shooter, ID No. SHM0701199506), resident of Gram Panchayat Cheebi, Post Kharapar, Gida, District Balotra",Normal/Others,Smt. Sonia Gandhi (2024-30),Sitting Rajya Sabha,Rajasthan,Rajya Sabha,1922004.0,2026-03-19T00:00:00.000Z,True,,Balotra(DISTRICT COLLECTOR Balotra_IDA)
226057,Construction of RCC Reatining wall at River Festival Ground,Normal/Others,Kiren Rijiju,ARUNACHAL WEST,Arunachal Pradesh,Lok Sabha,1500000.0,2026-03-19T00:00:00.000Z,False,,WEST KAMENG(Deputy Commisioner West Kameng_IDA)
243991,"Construction of Concrete road from the Village CC road to the land of Dulal Chandra Hazra. Mouza - Chandannagar. JL No.. 232, Plot No. 270, under Daudpur.",Normal/Others,ABHIJIT GANGOPADHYAY,TAMLUK,West Bengal,Lok Sabha,307136.0,2026-03-19T00:00:00.000Z,False,,Purba Medinipur(DISTRICT MAGISTRATE PURBA MEDINIPUR_IDA)
226274,Chhatrapati Sambhajingar Mahanagar Pailika Soujanyangar Balaji Nagar Shaikh Yusuf to Jamdhade Construction of CC Road,Normal/Others,BHUMARE SANDIPANRAO ASARAM,AURANGABAD,Maharashtra,Lok Sabha,999000.0,2026-03-19T00:00:00.000Z,False,,Chhatrapati Sambhajinagar(DISTRICT COLLECTOR AURANGABAD_IDA)
243953,Formation of Road from Gutturu Thanda to Shanthi Cheruvu at Gutturu Thanda GP in Ramakuppam Mandal of Kuppam Constituency,Normal/Others,DAGGUMALLA PRASADA RAO,CHITTOOR,Andhra Pradesh,Lok Sabha,498458.0,2026-03-20T00:00:00.000Z,True,,CHITTOOR(DISTRICT COLLECTOR CHITTOOR_IDA)
175589,Paver block work in Shivpur village lying short,Normal/Others,CHANDUBHAI CHHAGANBHAI SHIHORA,SURENDRANAGAR,Gujarat,Lok Sabha,199864.0,2026-03-20T00:00:00.000Z,True,,MORBI(District collector Morbi_IDA)
193882,"Concreting of Kottavila - Thenguvila Road, Thenguvila Byroad 1, Thenguvila Byroad 2 at  ward 8 Keralapuram in Perinad Gramapanchayat in Kundara Constituency",Normal/Others,Shri NK Premachandran,KOLLAM,Kerala,Lok Sabha,835061.0,2026-03-20T00:00:00.000Z,False,,KOLLAM(DISTRICT COLLECTOR KOLLAM_IDA)
175573,CC road work in Ghanshyampur village from Bapsitaram Madhuli to Lakhman Bhik house,Normal/Others,CHANDUBHAI CHHAGANBHAI SHIHORA,SURENDRANAGAR,Gujarat,Lok Sabha,299889.0,2026-03-20T00:00:00.000Z,True,,MORBI(District collector Morbi_IDA)
164089,Construction of Side Drainage at Subedhar Street at Chetpet Subedharar Street                   (Ward No. 6),Normal/Others,THARANIVENTHAN M S,ARANI,Tamil Nadu,Lok Sabha,450000.0,2026-03-20T00:00:00.000Z,False,,TIRUVANNAMALAI(DISTRICT COLLECTOR TIRUVANNAMALAI_IDA)
228592,GRAM-SARADIH ME SHASKIYA HIGH SCHOOLO KI PUSTAKALAYO ME PUSTAK KHARIDI,Normal/Others,KAMLESH JANGDE,JANJGIR CHAMPA,Chhattisgarh,Lok Sabha,40000.0,2026-03-23T00:00:00.000Z,True,,SAKTI(COLLECTOR SAKTI_IDA)
228583,GRAM-KOTETARA ME SHASKIYA UCHHTAR MADHYAMIK VIDHYALAYO KI PUSTAKALAYO ME PUSTAK KHARIDI,Normal/Others,KAMLESH JANGDE,JANJGIR CHAMPA,Chhattisgarh,Lok Sabha,40000.0,2026-03-23T00:00:00.000Z,True,,SAKTI(COLLECTOR SAKTI_IDA)
188306,"Construction of a pavilion at the Senior Citizens Building in Vadner Bhairav Chandwad, Village Property No. 208 1A",Normal/Others,BHASKAR MURLIDHAR BHAGARE,DINDORI,Maharashtra,Lok Sabha,800000.0,2026-03-23T00:00:00.000Z,True,,NASHIK(DISTRICT COLLECTOR NASHIK_IDA)
208559,ward 6 high solar mast,Normal/Others,Gyaneshwar Patil,KHANDWA,Madhya Pradesh,Lok Sabha,364247.0,2026-03-23T00:00:00.000Z,True,,BURHANPUR(District Collector Burhanpur_IDA)
176690,Construction of Refresner Room for Transport Employees at Madurai City Branch (MCB) (Old SETC Panimanai) Madurai,Normal/Others,S Venkatesan,MADURAI,Tamil Nadu,Lok Sabha,999902.0,2026-03-23T00:00:00.000Z,True,,MADURAI(DISTRICT COLLECTOR MADURAI_IDA)
177566,At Pimpalkhuta yethe solar high mast basvine Tq Babhulgaon,Normal/Others,Sanjay Uttamrao Deshmukh,YAVATMAL-WASHIM,Maharashtra,Lok Sabha,393751.0,2026-03-23T00:00:00.000Z,True,,YAVATMAL(DISTRICT COLLECTOR YAVATMAL_IDA)
228577,GRAM-KHODHAR ME SHASKIYA UCHHTAR MADHYAMIK VIDHYALAYO KI PUSTAKALAYO ME PUSTAK KHARIDI,Normal/Others,KAMLESH JANGDE,JANJGIR CHAMPA,Chhattisgarh,Lok Sabha,40000.0,2026-03-23T00:00:00.000Z,True,,SAKTI(COLLECTOR SAKTI_IDA)
235051,For the construct of a community hall at Chijgam Village,Normal/Others,C R Patil,NAVSARI,Gujarat,Lok Sabha,500000.0,2026-03-23T00:00:00.000Z,True,,NAVSARI(DISTRICT COLLECTOR NAVSARI_IDA)
252582,Providing  Solar  RO  plant at Police station  Kaprada   Taluka Kaprada,Normal/Others,DHAVAL LAXMANBHAI PATEL,VALSAD,Gujarat,Lok Sabha,498300.0,2026-03-24T00:00:00.000Z,True,,VALSAD(DISTRICT COLLECTOR VALSAD_IDA)
221483,vachchhesar gam khate avel peta arogya Kendra ma pani mateno bore temaj motor ni kamgiri,Normal/Others,DR. HEMANG JOSHI,VADODARA,Gujarat,Lok Sabha,239714.0,2026-03-24T00:00:00.000Z,False,,VADODARA(DISTRICT COLLECTOR VADODARA_IDA)
204409,Providing 8 Meter LED Mini Mast Light at Malakkara Althara Junction in Aranmula Grama Panchayat.,Normal/Others,Anto Antony,PATHANAMTHITTA,Kerala,Lok Sabha,217562.0,2026-03-24T00:00:00.000Z,True,,PATHANAMTHITTA(DISTRICT COLLECTOR PATHANAMTHITTA_IDA)
237482,Purchase of furniture in MGGS Rampura GP Rampura PS Pindwara Dist Sirohi,Normal/Others,LUMBARAM,JALORE,Rajasthan,Lok Sabha,300000.0,2026-03-24T00:00:00.000Z,True,,SIROHI(DISTRICT COLLECTOR SIROHI_IDA)
197382,Construction of Bus Shelter in C.Namiyandal cross road,Normal/Others,CN Annadurai,TIRUVANNAMALAI,Tamil Nadu,Lok Sabha,599663.0,2026-03-25T00:00:00.000Z,False,,TIRUVANNAMALAI(DISTRICT COLLECTOR TIRUVANNAMALAI_IDA)
171380,"Installation of High Mast Flood lights near Sara Sambaiah (H) at Kammapally (V), Narsampet (M), Warangal Dist",Normal/Others,BALRAM NAIK PORIKA,MAHABUBABAD,Telangana,Lok Sabha,166998.0,2026-03-25T00:00:00.000Z,True,,WARANGAL(District Collector Warangal_IDA)
204417,Gram sofipur me interlocking kary,Normal/Others,DAROGA PRASAD SAROJ,LALGANJ,Uttar Pradesh,Lok Sabha,315725.0,2026-03-25T00:00:00.000Z,True,,AZAMGARH(DISTRICT MAGISTRATE AZAMGARH_IDA)
239003,"Installation of 6 Arm High Mast Flood Lights (1 Nos) at Crematorium in Akula Thanda (V), Narasampet (M)",Normal/Others,BALRAM NAIK PORIKA,MAHABUBABAD,Telangana,Lok Sabha,173956.0,2026-03-25T00:00:00.000Z,True,,WARANGAL(District Collector Warangal_IDA)
235093,"Construction of Artistic Gazebo Hexagonal at park near G-115, G Block, Kalkaji ward 175, CNZ",Normal/Others,Ramvir Singh Bidhuri,SOUTH DELHI,Delhi,Lok Sabha,637283.0,2026-03-25T00:00:00.000Z,True,,SOUTH(COMMISSIONER SOUTH)
225787,Providing of Paver block road in Aruppukottai - Valinokkam road to Rubasunthari Ammal House at Muthuramalingapuram Pt (2025-2026),Normal/Others,Kani K Navas,RAMANATHAPURAM,Tamil Nadu,Lok Sabha,499422.0,2026-03-25T00:00:00.000Z,False,,VIRUDHUNAGAR(DISTRICT COLLECTOR VIRUDHUNAGAR_IDA)
260353,Border Higher Secondary School E Library Projects,Normal/Others,MALVIKA DEVI,KALAHANDI,Odisha,Lok Sabha,500000.0,2026-03-25T00:00:00.000Z,False,,KALAHANDI(DISTRICT COLLECTOR KALAHANDI_IDA)
198874,As Per Attechment,Normal/Others,UMMEDA RAM BENIWAL,BARMER,Rajasthan,Lok Sabha,300000.0,2026-03-25T00:00:00.000Z,True,,BARMER(DISTRICT COLLECTOR BARMER_IDA)
199785,Construction of Boundary Wall of crematorium in village Seoli Tehsil Derabassi,Normal/Others,DR DHARAMVIRA GANDHI,PATIALA,Punjab,Lok Sabha,934831.0,2026-03-25T00:00:00.000Z,False,,S.A.S Nagar(DEPUTY COMMISSIONER SAHIBZADA AJIT SINGH NAGAR MOHALI_IDA)
180659,Construction of 02 Additional Rooms in School Parisar run by Society Shree Umiya patidar samaj Shaikshanik evam Boudhik Vikas samity in GP Tilllor Khurd JP Indore District  Indore,Trust and Society,Dr. Kavita Patidar (2022-28),Sitting Rajya Sabha,Madhya Pradesh,Rajya Sabha,700000.0,2026-03-25T00:00:00.000Z,True,,INDORE(DISTRICT COLLECTOR INDORE_IDA)
239015,"Installation of High Mast Flood lights beside Pendayala Mallesh (H) at Kammapally (V), Narsampet (M), Warangal Dist",Normal/Others,BALRAM NAIK PORIKA,MAHABUBABAD,Telangana,Lok Sabha,165993.0,2026-03-25T00:00:00.000Z,True,,WARANGAL(District Collector Warangal_IDA)
266787,"Formation of Foot Ball Ground at C Kalayanapuram Chennai Hr, Sec. School Div 46, zone,4",Normal/Others,Kalanidhi Veeraswamy,CHENNAI NORTH,Tamil Nadu,Lok Sabha,1944524.0,2026-03-25T00:00:00.000Z,True,,CHENNAI(COMMISSIONER MUNCIPAL CORPORATION CHENNAI_IDA)
195692,Gram panchayat me pani tankers hetu,Normal/Others,Ganesh Singh,SATNA,Madhya Pradesh,Lok Sabha,163424.0,2026-03-26T00:00:00.000Z,True,,SATNA(DISTRICT COLLECTOR SATNA_IDA)
147277,"Purchase of five computers / laptops for Vadikad Town LPS, Alappuzha",Normal/Others,K. C VENUGOPAL,ALAPPUZHA,Kerala,Lok Sabha,181000.0,2026-03-26T00:00:00.000Z,False,,ALAPPUZHA(DISTRICT COLLECTOR ALAPPUZHA_IDA)
180898,mudavada game prathamik shala ane sampni bajuma karigaro mate work shed nu kam,Normal/Others,Bharatsinhji Shankarji Dabhi,PATAN,Gujarat,Lok Sabha,500000.0,2026-03-26T00:00:00.000Z,True,,PATAN(DISTRICT COLLECTOR PATAN_IDA)
238409,CC Road work in Dumana village from Ajambai Devabhai Thakor house to the village kindergarten,Normal/Others,CHANDUBHAI CHHAGANBHAI SHIHORA,SURENDRANAGAR,Gujarat,Lok Sabha,498703.0,2026-03-27T00:00:00.000Z,True,,Ahmedabad(DISTRICT COLLECTOR AHMADABAD_IDA)
195714,Nagar panchayat me pani tankers hetu,Normal/Others,Ganesh Singh,SATNA,Madhya Pradesh,Lok Sabha,163424.0,2026-03-27T00:00:00.000Z,True,,SATNA(DISTRICT COLLECTOR SATNA_IDA)
221013,"Construction of Parammal Anganvadi - Parachina road or pathway, ward no. 12, Kodur Panchayat",Normal/Others,Shri Abdul Wahab (2021-27),Sitting Rajya Sabha,Kerala,Rajya Sabha,399174.0,2026-03-27T00:00:00.000Z,False,,MALAPPURAM(DISTRICT COLLECTOR MALAPPURAM_IDA)
187298,Construction of one room with veranda in the community building of Meghwal Basti in Khudana village,Normal/Others,BRIJENDRA SINGH OLA,JHUNJHUNU,Rajasthan,Lok Sabha,591770.0,2026-03-27T00:00:00.000Z,False,,JHUNJHUNU(DISTRICT COLLECTOR JHUNJHUNU_IDA)
193742,"Construction of Irrigation Drain in Village- Kamatanr, Jamabandi No.- 43, Daag No.- 255, Panchayat- Bochbandh",Normal/Others,NALIN SOREN,DUMKA,Jharkhand,Lok Sabha,125000.0,2026-03-28T00:00:00.000Z,False,,DEOGHAR(DEPUTY COMMISSIONER DEOGHAR_IDA)
247327,Construction of PCC Road in Village- Kolpara Purnima House to Rajkumar House,Normal/Others,NALIN SOREN,DUMKA,Jharkhand,Lok Sabha,299962.0,2026-03-28T00:00:00.000Z,False,,DEOGHAR(DEPUTY COMMISSIONER DEOGHAR_IDA)
263211,construction of interlocking road from river toward bhagwansinghs home agarri,Normal/Others,BHAJAN LAL JATAV,KARAULI-DHOLPUR,Rajasthan,Lok Sabha,499338.0,2026-03-28T00:00:00.000Z,False,,KARAULI(DISTRICT COLLECTOR KARAULI_IDA)
220764,Boundary wall in Govt Sr.Sec School Jaitoo GP Jaitoo PS Bagora Assembly Bhinmal Jalore,Normal/Others,LUMBARAM,JALORE,Rajasthan,Lok Sabha,499808.0,2026-03-29T00:00:00.000Z,False,,JALORE(DISTRICT COLLECTOR JALORE_IDA)
240618,Vikas Khand Lakshamanpur ke gram Udapur me pakki sadak se Sazid ke ghar ke aage basti tak Interlocking road.,Normal/Others,DR. S P SINGH,PRATAPGARH,Uttar Pradesh,Lok Sabha,304945.0,2026-03-30T00:00:00.000Z,True,,PRATAPGARH(DISTRICT MAGISTRAE PRATAPGARH_IDA)
165177,Providing CC Pavement in Mettupalayam road street at Malayanoor chakkadi,Normal/Others,CN Annadurai,TIRUVANNAMALAI,Tamil Nadu,Lok Sabha,199795.0,2026-03-30T00:00:00.000Z,True,,TIRUVANNAMALAI(DISTRICT COLLECTOR TIRUVANNAMALAI_IDA)
240481,Vikas Khand Patti ke gram Bhitar me mukhya marg se Ram Sevak ke ghar se aage basti tak Interlocking road.,Normal/Others,DR. S P SINGH,PRATAPGARH,Uttar Pradesh,Lok Sabha,300000.0,2026-03-30T00:00:00.000Z,True,,PRATAPGARH(DISTRICT MAGISTRAE PRATAPGARH_IDA)
162675,"Construction of Rangamancha at Bengabari Gaon, Baralimara, Behali",Normal/Others,Shri Pabitra Margherita (2022-28),Sitting Rajya Sabha,Assam,Rajya Sabha,1499999.44,2026-03-30T00:00:00.000Z,False,,Biswanath(Deputy Commissioner Biswanath_IDA)
142174,"Shri Jingar Samaj Panchayat Society Kota K Chatrawas Mai Kamre Nirman Ka Karya. Place-Ocf 6/2, Subhash Nagar, 2nd Kota,  Recommended Amount- 10.00 Lakh Rs., Implementing Agency - Uit Kota (05 Dated 18.09.2024)",Normal/Others,Om Birla,KOTA,Rajasthan,Lok Sabha,999278.0,2026-03-31T00:00:00.000Z,False,,KOTA(DISTRICT COLLECTOR KOTA_IDA)
175003,"Construction of C.C Road Work At Mitral, Gabbar Chakla towards Bhuva Talavdi area",Normal/Others,Devusinh Jesingbhai Chauhan,KHEDA,Gujarat,Lok Sabha,200000.0,2026-03-31T00:00:00.000Z,False,,KHEDA(DISTRICT COLLECTOR KHEDA_IDA)
186173,Construction of Internal CC Road from Nellore Ramanaiah House to Nellore Subrahmanyam House of Kothapalem Habitation of Purini Grama Panchayat in Allur Mandal,Normal/Others,PRABHAKAR REDDY VEMIREDDY,NELLORE,Andhra Pradesh,Lok Sabha,246351.0,2026-03-31T00:00:00.000Z,True,,Sri Potti Sriramulu Nellore(DISTRICT COLLECTOR NELLORE_IDA)
174993,"Construction of C.C Road Work At Rampur, garnara towards bharatbhai Prabhudas House Area",Normal/Others,Devusinh Jesingbhai Chauhan,KHEDA,Gujarat,Lok Sabha,300000.0,2026-03-31T00:00:00.000Z,False,,KHEDA(DISTRICT COLLECTOR KHEDA_IDA)
222554,"Laying of CC Road from Polepally Eshwaraiah (H) to Chitikela Kistaiah (H) at Chinna Tupra (V), Maheshwaram (M)",Normal/Others,KONDA VISHWESHWAR REDDY,CHELVELLA,Telangana,Lok Sabha,499446.0,2026-04-01T00:00:00.000Z,True,,RANGA REDDY(DISTRICT COLLECTOR RANGAREDDY_IDA)
219743,Installation of Submersible Motors for Drinking Water In Near Bus Stand Lakhveer Singh So Kirpal Singh Shop Village Katro Block Sherpur,Normal/Others,GURMEET SINGH MEET HAYER,SANGRUR,Punjab,Lok Sabha,70000.0,2026-04-01T00:00:00.000Z,True,,SANGRUR(DEPUTY COMMISSIONER SANGRUR_IDA)
195101,gram piplyabichha me internal CC road nirman,Normal/Others,Shri Anil Firojiya,UJJAIN,Madhya Pradesh,Lok Sabha,500000.0,2026-04-01T00:00:00.000Z,True,,UJJAIN(DISTRICT COLLECTOR UJJAIN_IDA)
228667,Handpump,Normal/Others,SURENDRA PRASAD YADAV,JAHANABAD,Bihar,Lok Sabha,74206.0,2026-04-01T00:00:00.000Z,True,,ARWAL(District Planning Officer Arwal_IDA)
219848,For the repair of Park,Repair and Renovation,CHARANJIT SINGH CHANNI,JALANDHAR,Punjab,Lok Sabha,96521.0,2026-04-01T00:00:00.000Z,True,,JALANDHAR(DEPUTY COMMISSIONER JALANDHAR_IDA)
178916,"Installation of semi high mast light at junction Sarvajanik Sthal near Madina Masjid, Nai Colony",Normal/Others,Shri Kapil Sibal (2022-28),Sitting Rajya Sabha,Uttar Pradesh,Rajya Sabha,176795.0,2026-04-01T00:00:00.000Z,True,,MORADABAD(DISTRICT MAGISTRATE MORADABAD_IDA)
205793,"The following facility work regarding installation of electricity pole , fixing till commissioning 11.00 M.T.R.G.I. Tuber Light Poles with 150 Volt 6 Flooded LEDs LIGHT ATTACHMENT AND LEADER WITH 1 EAR MAINTENANCE WORK NO-1,  Koli Faliya at Navi pardi villege, Taluka Kamrej, District Surat",Normal/Others,Prabhubhai Nagarbhai Vasava,BARDOLI,Gujarat,Lok Sabha,172500.0,2026-04-02T00:00:00.000Z,True,,SURAT(DISTRICT COLLECTOR SURAT_IDA)
251538,"Provisioning of Indoor Gym Machines in Vill. Khokhar, Sri Muktsar Sahib",Normal/Others,AMRINDER SINGH RAJA WARRING,LUDHIANA,Punjab,Lok Sabha,300000.0,2026-04-02T00:00:00.000Z,False,,SRI MUKTSAR SAHIB(DEPUTY COMMISSIONER SRI MUKTSAR SAHIB_IDA)
196667,"Providing of Installation in Mini Mass Solar Light 9 Mt, 100W, Solar LED Light 6 No.  at Vannankulam Panchayat, West Arani Block (savings)",Normal/Others,THARANIVENTHAN M S,ARANI,Tamil Nadu,Lok Sabha,550000.0,2026-04-02T00:00:00.000Z,False,,TIRUVANNAMALAI(DISTRICT COLLECTOR TIRUVANNAMALAI_IDA)
228392,Construction of 300 feet PCC road from  Sudarshan Prajapati  house to Thegu Prajapati house in Navka Tola of village Kumhwa,Normal/Others,Vishnu Dayal Ram,PALAMU,Jharkhand,Lok Sabha,449600.0,2026-04-02T00:00:00.000Z,True,,PALAMU(DEPUTY COMMISSIONER PALAMAU_IDA)
192788,Regarding for giving single walled fabrication of 5000 ltr water tanker to Village. 2mm stainless sheet AISI 304 Material etc. (SC),Normal/Others,Shri Sant Balbir Singh (2022-28),Sitting Rajya Sabha,Punjab,Rajya Sabha,365800.0,2026-04-02T00:00:00.000Z,False,,Tarn Taran(DEPUTY COMMOSSIONER TARN TARAN_IDA_2)
197540,Supply and Installation of Children Play Equipments,Normal/Others,Harsh Malhotra,EAST DELHI,Delhi,Lok Sabha,249180.0,2026-04-02T00:00:00.000Z,True,,EAST(COMMISSIONER EAST)
239931,"Gir Somnath District,Talala Taluka,Hadmatiya Village,Paver block work from Babubhai Mohanbhai Bhanderi house to Karshanbhai Jethabhai Markana house in Hadmatiya village",Normal/Others,Rajeshbhai Naranbhai Chudasama,JUNAGADH,Gujarat,Lok Sabha,299993.0,2026-04-02T00:00:00.000Z,True,,GIR SOMNATH(DISTRICT COLLECTOR GIR SOMNATH_IDA)
163178,"Drinking Water Tanker Work for Community Purposes to Umbel Gram Panchayat, Taluka Kamrej, District Surat",Normal/Others,Prabhubhai Nagarbhai Vasava,BARDOLI,Gujarat,Lok Sabha,259900.0,2026-04-02T00:00:00.000Z,True,,SURAT(DISTRICT COLLECTOR SURAT_IDA)
205229,"Providing Metal road from Seethampeta to Upparapalli Vai Moravapalli, Thatigunta Palli GP, Veeraballi Mandal",Normal/Others,Shri Meda Raghunadha Reddy (2024-30),Sitting Rajya Sabha,Andhra Pradesh,Rajya Sabha,1495017.0,2026-04-02T00:00:00.000Z,True,,Annamayya(DISTRICT COLLECTOR ANNAMAYYA_IDA)
161216,"Construction of PCC road at road no-2 and road no-4, under ward no.-27, Ranchi.",Normal/Others,Sanjay Seth ,RANCHI,Jharkhand,Lok Sabha,390600.0,2026-04-03T00:00:00.000Z,False,,RANCHI(DEPUTY COMMISSIONER RANCHI_IDA)
133873,Construction of community hall next to CMPDI in Kanke Road,Normal/Others,Shri Aditya Prasad (2022-28),Sitting Rajya Sabha,Jharkhand,Rajya Sabha,1450000.0,2026-04-03T00:00:00.000Z,False,,RANCHI(DEPUTY COMMISSIONER RANCHI_IDA)
162564,Construction of PCC road from the main road electricity pole west towards the house of Khushi Ram Jha in village Brajpur of Lahna Panchayat of Ratu block under Ranchi district.,Normal/Others,Shri Pradip Kumar Varma (2024-30),Sitting Rajya Sabha,Jharkhand,Rajya Sabha,230000.0,2026-04-03T00:00:00.000Z,False,,RANCHI(DEPUTY COMMISSIONER RANCHI_IDA)
162578,Construction of PCC road from Sarala Birla Campus main road towards Kameshwar Upadhyay's house in Mahilong Advocate Colony (Vaibhav) of Ara Panchayat of Namkum block under Ranchi district.,Normal/Others,Shri Pradip Kumar Varma (2024-30),Sitting Rajya Sabha,Jharkhand,Rajya Sabha,1400000.0,2026-04-03T00:00:00.000Z,False,,RANCHI(DEPUTY COMMISSIONER RANCHI_IDA)
162579,"Construction of PCC road from Sarala Birla Campus main road, Meena Mansion towards Rukmani Pandey's house in Mahilong of Ara Panchayat of Namkum block under Ranchi district.",Normal/Others,Shri Pradip Kumar Varma (2024-30),Sitting Rajya Sabha,Jharkhand,Rajya Sabha,1250000.0,2026-04-03T00:00:00.000Z,False,,RANCHI(DEPUTY COMMISSIONER RANCHI_IDA)
145826,"Construction of a Stage at Bhagwan Birsa Munda Adivasi Akhada (Palestra) under Sukurhuttu Panchayat Niche Toli, kanke Block.",Normal/Others,Sanjay Seth ,RANCHI,Jharkhand,Lok Sabha,984400.0,2026-04-03T00:00:00.000Z,False,,RANCHI(DEPUTY COMMISSIONER RANCHI_IDA)
183621,Construction of PCC road from R.E.O. Road Mundli Pahari to Mohan Ranas house via the main gate of the school under Power House located in Dandadih Panchayat of Jainagar Block,Normal/Others,Annpurna Devi ,KODARMA,Jharkhand,Lok Sabha,300000.0,2026-04-03T00:00:00.000Z,True,,KODERMA(DEPUTY COMMISSIONER KODARMA_IDA)
239913,Construction of pucca path from Prasino Devi land to Sandeep Parmar land ward no 6,Normal/Others,RAJEEV BHARDWAJ,KANGRA,Himachal Pradesh,Lok Sabha,249832.0,2026-04-04T00:00:00.000Z,False,,KANGRA(DEPUTY COMMISSIONER KANGRA_IDA)
157492,Construction of Sabhamandap on Gram Panchayat land near Sri Kshetra Ganpati Temple.,Normal/Others,BAJRANG MANOHAR SONWANE,BEED,Maharashtra,Lok Sabha,995447.0,2026-04-04T00:00:00.000Z,True,,BEED(DISTRICT COLLECTOR BEED_IDA)
223012,boardi inami game  parmar  faliya ma jivan bhai na ghar thi mukeshbhai parmar na faliya ma c.c.road nu kam,Normal/Others,Jaswantsinh Sumanbhai Bhabhor,DAHOD,Gujarat,Lok Sabha,250000.0,2026-04-04T00:00:00.000Z,True,,Dahod(DISTRICT COLLECTOR DOHAD_IDA)
226298,Drilling of new bore well at Lingaiah house,Normal/Others,DR.MALLU RAVI,NAGARKURNOOL,Telangana,Lok Sabha,99001.0,2026-04-04T00:00:00.000Z,True,,NAGARKURNOOL(DISTRICT COLLECTOR NAGARKURNOOL_IDA)
222652,Providing drinking water supply at KRK Colony,Normal/Others,GODAM NAGESH,ADILABAD,Telangana,Lok Sabha,146530.0,2026-04-05T00:00:00.000Z,True,,ADILABAD(DISTRICT COLLECTOR ADILABAD_IDA)
197296,Providing CC pavement in Ganapathy Nagar Kaliamman kovil near at Kalkuppam Panchayat,Normal/Others,CN Annadurai,TIRUVANNAMALAI,Tamil Nadu,Lok Sabha,299910.0,2026-04-06T00:00:00.000Z,True,,TIRUVANNAMALAI(DISTRICT COLLECTOR TIRUVANNAMALAI_IDA)
224283,VIKAS KHAND CHHAJLET KE GRAM MAHENDRI ME CHAURAHE KE PASS SARVJANIK STHAL PAR SEMI HIGH MAST LIGHT 6 LIGHT WALI,Normal/Others,RUCHI VIRA,MORADABAD,Uttar Pradesh,Lok Sabha,173499.0,2026-04-06T00:00:00.000Z,True,,MORADABAD(DISTRICT MAGISTRATE MORADABAD_IDA)
224282,VIKAS KHAND CHHAJLET KE GRAM MALLIWALA ME CHAURAHE KE PASS SARVJANIK STHAL PAR SEMI HIGH MAST LIGHT 6 LIGHT WALI,Normal/Others,RUCHI VIRA,MORADABAD,Uttar Pradesh,Lok Sabha,173499.0,2026-04-06T00:00:00.000Z,True,,MORADABAD(DISTRICT MAGISTRATE MORADABAD_IDA)
219909,work of children s playground play equipment in Shaishmalji Bagh which falls under Sayla Gram Panchayat,Normal/Others,Shri Kesridevsinh Jhala (2023-29),Sitting Rajya Sabha,Gujarat,Rajya Sabha,248850.0,2026-04-07T00:00:00.000Z,True,,SURENDRANAGAR(DISTRICT COLLECTOR SURENDRANAGAR_IDA)
203939,Construction of Street (Gurdev Singh son of Paramatma Singh to Gurudwara Sahib Gate),Normal/Others,Smt Harsimrat Kaur Badal,BHATINDA,Punjab,Lok Sabha,990000.0,2026-04-07T00:00:00.000Z,True,,BATHINDA(DEPUTY COMMISSIONER BHATINDA_IDA)
212131,GRAM NETWARI CHATURPUR ME SHRI DEEPAK VERMA KE GHAR SE SHRI VRUN VERMA KE GHAR TAK CC ROAD KARYA DURI 184M,Normal/Others,LALJI VERMA,AMBEDKAR NAGAR,Uttar Pradesh,Lok Sabha,975569.0,2026-04-07T00:00:00.000Z,True,,AYODHYA(DISTRICT MAGISTRAE FAIZABAD_IDA)
136629,construction of mask light near durga mandir of nagri village of nagri panchayat.,Normal/Others,Shri Chandra Prakash Choudhary,GIRIDIH,Jharkhand,Lok Sabha,149710.0,2026-04-07T00:00:00.000Z,False,,GIRIDIH(Deputy Commissioner Giridh_IDA)
181196,"Construction of Community Hall at H.No.3-1-189, CVRN Road in Division No.41 of Karimnagar Municipal Corporation",Normal/Others,Sanjay Kumar Bandi,KARIMNAGAR,Telangana,Lok Sabha,1974629.0,2026-04-07T00:00:00.000Z,False,,KARIMNAGAR(DISTRICT COLLECTOR KARIMNAGAR_IDA)
146401,,Normal/Others,Shri Anil Firojiya,UJJAIN,Madhya Pradesh,Lok Sabha,97830.0,2026-04-07T00:00:00.000Z,True,,UJJAIN(DISTRICT COLLECTOR UJJAIN_IDA)
243931,Installation of 40 NOS Solar Lights,Normal/Others,Shri Deepak (Dev) Adhikari ,GHATAL,West Bengal,Lok Sabha,1399468.0,2026-04-07T00:00:00.000Z,True,,Paschim Medinipur(DISTRICT MAGISTRATE PASCHIM MEDINIPUR_IDA)
148545,Purchase of mobile water tanker for village Amba,Normal/Others,Gajendra Singh Patel,KHARGONE,Madhya Pradesh,Lok Sabha,139388.0,2026-04-08T00:00:00.000Z,True,,Khargone (West Nimar)(DISTRICT COLLECTOR KHARGONE_IDA)
241002,Construction of CC Drain from K.Srinivasulu Shop to Sachivalayam in Donthali Village and GP in Nellore Rural,Normal/Others,PRABHAKAR REDDY VEMIREDDY,NELLORE,Andhra Pradesh,Lok Sabha,490445.0,2026-04-08T00:00:00.000Z,True,,Sri Potti Sriramulu Nellore(DISTRICT COLLECTOR NELLORE_IDA)
252240,Bhagwannagar Vistarma Naher pase Block Paving,Normal/Others,Mitesh Rameshbhai Bakabhai Patel,ANAND,Gujarat,Lok Sabha,269741.0,2026-04-08T00:00:00.000Z,True,,ANAND(District Collector ANAND_IDA)
185588,CONSTRUCTION OF COMMUNITY HALL NEAR  PANDYA MATA FALIYA,Normal/Others,RAJPALSINH MAHENDRASINH JADAV,PANCHMAHAL,Gujarat,Lok Sabha,495000.0,2026-04-08T00:00:00.000Z,True,,PANCH MAHALS(DISTRICT COLLECTOR PANCHMAHALS_IDA)
193711,Gravel and asphalting of the road from Kupwade Gawalgaon Prabhakar Shirsat Ghar to Torpwadi Gosaviwadi FY 2024-25,Normal/Others,NARAYAN TATU RANE,RATNAGIRI-SINDHUDURG,Maharashtra,Lok Sabha,499868.0,2026-04-08T00:00:00.000Z,True,,SINDHUDURG(DISTRICT COLLECTOR SINDHUDURG_IDA)
255701,Bhoi sureshbhai somabhai na ghar pase na vistarma block paving nu kam,Normal/Others,Mitesh Rameshbhai Bakabhai Patel,ANAND,Gujarat,Lok Sabha,99932.0,2026-04-08T00:00:00.000Z,True,,ANAND(District Collector ANAND_IDA)
148074,Construction  of New Anganwadi building at Vennandur Nadar Street (ward 5) H/o Vennandur Town Panchayat,Normal/Others,Shri K.R.N. Rajeshkumar (2022-28),Sitting Rajya Sabha,Tamil Nadu,Rajya Sabha,1850000.0,2026-04-08T00:00:00.000Z,True,,NAMAKKAL(DISTRICT COLLECTOR NAMAKKAL_IDA)
207828,Installation of Solar High Mast near Durgapur Primary School,Normal/Others,Shri Deepak (Dev) Adhikari ,GHATAL,West Bengal,Lok Sabha,289235.0,2026-04-09T00:00:00.000Z,True,,Paschim Medinipur(DISTRICT MAGISTRATE PASCHIM MEDINIPUR_IDA)
183189,Installation of Solar Light at Creamation Ground.,Normal/Others,SAMBIT PATRA,PURI,Odisha,Lok Sabha,40000.0,2026-04-09T00:00:00.000Z,False,,Nayagada(DISTRICT COLLECTOR  NAYAGARH_IDA)
271549,"Providing Try Motorised Electric Scooter to G Balaji Kumar Old Post Office Street, Rayachoty",Normal/Others,Midhun Reddy,RAJAMPET,Andhra Pradesh,Lok Sabha,90000.0,2026-04-09T00:00:00.000Z,True,,Annamayya(DISTRICT COLLECTOR ANNAMAYYA_IDA)
207866,Installation of Solar Street Lights 10NOS near Gobindanagar Samanta Para,Normal/Others,Shri Deepak (Dev) Adhikari ,GHATAL,West Bengal,Lok Sabha,349867.0,2026-04-09T00:00:00.000Z,True,,Paschim Medinipur(DISTRICT MAGISTRATE PASCHIM MEDINIPUR_IDA)
208631,Construction of Internal CC Road from Sudha House to Puttaiah House at Santhavellore ST Colony in Santhavellore GP of Varadaiahpalem Mandal.,Normal/Others,Maddila Gurumoorthy,TIRUPATI,Andhra Pradesh,Lok Sabha,497975.0,2026-04-09T00:00:00.000Z,True,,Tirupati(DISTRICT COLLECTOR TIRUPATI_IDA)
227978,Construction of additional class room Bandhamamadi Primary School,Normal/Others,BALABHADRA MAJHI,NABARANGPUR,Odisha,Lok Sabha,500000.0,2026-04-09T00:00:00.000Z,False,,MALKANGIRI(District Collector Malkangiri_IDA)
202769,"Installation of a mask light in muraidih panchayat near shiv mandir, jaherthan, samudayik bhavan, kali mandir chowk.",Normal/Others,Shri Chandra Prakash Choudhary,GIRIDIH,Jharkhand,Lok Sabha,640000.0,2026-04-09T00:00:00.000Z,True,,DHANBAD(DEPUTY COMMISSIONER DHANBAD_IDA)
138892,"Purchase of hospital equipment
Dead body freezer",Normal/Others,Gajendra Singh Patel,KHARGONE,Madhya Pradesh,Lok Sabha,236003.0,2026-04-09T00:00:00.000Z,True,,Khargone (West Nimar)(DISTRICT COLLECTOR KHARGONE_IDA)
207875,Installation of Solar Street Lights 10NOS near Banskhal,Normal/Others,Shri Deepak (Dev) Adhikari ,GHATAL,West Bengal,Lok Sabha,349867.0,2026-04-09T00:00:00.000Z,True,,Paschim Medinipur(DISTRICT MAGISTRATE PASCHIM MEDINIPUR_IDA)
207865,Installation of Solar Street Lights 10NOS near Haritala Football Ground,Normal/Others,Shri Deepak (Dev) Adhikari ,GHATAL,West Bengal,Lok Sabha,349867.0,2026-04-09T00:00:00.000Z,True,,Paschim Medinipur(DISTRICT MAGISTRATE PASCHIM MEDINIPUR_IDA)
207867,Installation of Solar Street Lights 10NOS near Chakboyalia Biswanath Rana Shop,Normal/Others,Shri Deepak (Dev) Adhikari ,GHATAL,West Bengal,Lok Sabha,349867.0,2026-04-09T00:00:00.000Z,True,,Paschim Medinipur(DISTRICT MAGISTRATE PASCHIM MEDINIPUR_IDA)
211124,Providing Cement Concrete Pavement in Ammaichar Amman Koil at Thenvanakkambadi Panchayat,Normal/Others,THARANIVENTHAN M S,ARANI,Tamil Nadu,Lok Sabha,199980.0,2026-04-10T00:00:00.000Z,True,,TIRUVANNAMALAI(DISTRICT COLLECTOR TIRUVANNAMALAI_IDA)
239876,Construction of 300 feet PCC road from main road to school in village Sargara,Normal/Others,Vishnu Dayal Ram,PALAMU,Jharkhand,Lok Sabha,449587.0,2026-04-10T00:00:00.000Z,True,,PALAMU(DEPUTY COMMISSIONER PALAMAU_IDA)
228389,Construction of 300 feet PCC road from Shiv Mandir to Somnath Tiwari house in Hamidganj Ward No. 11,Normal/Others,Vishnu Dayal Ram,PALAMU,Jharkhand,Lok Sabha,449600.0,2026-04-10T00:00:00.000Z,True,,PALAMU(DEPUTY COMMISSIONER PALAMAU_IDA)
183202,Installation of Solar Light at Creamation Ground.,Normal/Others,SAMBIT PATRA,PURI,Odisha,Lok Sabha,40000.0,2026-04-10T00:00:00.000Z,False,,Nayagada(DISTRICT COLLECTOR  NAYAGARH_IDA)
230698,Construction of 300 feet PCC road from Santosh Ram house to Bablu Singh house in Hamidganj ward number 12,Normal/Others,Vishnu Dayal Ram,PALAMU,Jharkhand,Lok Sabha,449600.0,2026-04-10T00:00:00.000Z,True,,PALAMU(DEPUTY COMMISSIONER PALAMAU_IDA)
183198,Installation of Solar Light at Creamation Ground.,Normal/Others,SAMBIT PATRA,PURI,Odisha,Lok Sabha,40000.0,2026-04-10T00:00:00.000Z,False,,Nayagada(DISTRICT COLLECTOR  NAYAGARH_IDA)
205969,"Gram panchayat Pondi Khurd, Janpad Panchayat Patan ke gram Madwa main Nali sahit CC Road Nirman, Jabalpur",Normal/Others,Shri Vivek K. Tankha (2022-28),Sitting Rajya Sabha,Madhya Pradesh,Rajya Sabha,600000.0,2026-04-13T00:00:00.000Z,True,,JABALPUR(DISTRICT COLLECTOR JABALPUR_IDA)
229909,Construction of P.C.C. Road,Normal/Others,Shri Satish Chandra Dubey (2022-28),Sitting Rajya Sabha,Bihar,Rajya Sabha,499607.0,2026-04-13T00:00:00.000Z,False,,PASHCHIM CHAMPARAN(DISTRICT PLANNING OFFICER WEST CHAMPARANBETTIAH_IDA)
225112,"Concreting of Kalilikkotta road  and raise the side of drainageand laying of covering slab     from  Kuttamukku via  puthiyaveettilmukk to  Madathilmukk of Vettamukk ward in Panmana Grama Panchayat,  in Chavara Constituency",Normal/Others,Shri NK Premachandran,KOLLAM,Kerala,Lok Sabha,1290686.0,2026-04-13T00:00:00.000Z,True,,KOLLAM(DISTRICT COLLECTOR KOLLAM_IDA)
132881,Construction of CC Road from the House of Gulab Lodhi to the House of Kop Singh,Repair and Renovation,Smt. Sumitra Balmik (2022-28),Sitting Rajya Sabha,Madhya Pradesh,Rajya Sabha,1500000.0,2026-04-13T00:00:00.000Z,False,,JABALPUR(DISTRICT COLLECTOR JABALPUR_IDA)
217831,Gram Firojpur Block Khurja me Surendra ke makan se Manoj ke makan ki aur interlocking wa nali ka nirman 110 meter,Normal/Others,Mahesh Sharma,GAUTAM BUDDHA NAGAR,Uttar Pradesh,Lok Sabha,777096.0,2026-04-13T00:00:00.000Z,True,,BULANDSHAHR(DISTRICT MAGISTRATE BULANDSHAHR_IDA)
172128,"12 solar street light installation work. Implementing Agency - PWD EM, Rewa Division",Normal/Others,Smt Himadri Singh,SHAHDOL,Madhya Pradesh,Lok Sabha,366964.0,2026-04-13T00:00:00.000Z,True,,ANUPPUR(DISTRICT COLLECTOR ANUPPUR_IDA)
206356,RCC paving at Shindewadi. Taluka Lanja FY 2024-25,Normal/Others,NARAYAN TATU RANE,RATNAGIRI-SINDHUDURG,Maharashtra,Lok Sabha,75000.0,2026-04-13T00:00:00.000Z,False,,RATNAGIRI(District Collector Ratnagiri_IDA)
217824,Gram Ghatal Block Arniya main Mahesh Tomar ke Ghar se Transformar ki aur interlocking va Nali Nirman 84 meter,Normal/Others,Mahesh Sharma,GAUTAM BUDDHA NAGAR,Uttar Pradesh,Lok Sabha,910417.0,2026-04-13T00:00:00.000Z,True,,BULANDSHAHR(DISTRICT MAGISTRATE BULANDSHAHR_IDA)
172130,"12 solar street light installation work. Implementing Agency - PWD EM, Rewa Division",Normal/Others,Smt Himadri Singh,SHAHDOL,Madhya Pradesh,Lok Sabha,366964.0,2026-04-13T00:00:00.000Z,True,,ANUPPUR(DISTRICT COLLECTOR ANUPPUR_IDA)
219829,Purchase of gym equipment GP Sukhpura Block Sehna,Normal/Others,GURMEET SINGH MEET HAYER,SANGRUR,Punjab,Lok Sabha,240000.0,2026-04-13T00:00:00.000Z,True,,BARNALA(DEPUTY COMMISSIONER BARNALA_IDA)
201356,Construction of road with interlock tiles from the house of Sh.Karnail Singh Son of Sh. Munsha Singh to link road Rajla to Basti Gobindnagar with approx length of 600 feet by 10 feet in village basti gobindnagar block samana,Normal/Others,DR DHARAMVIRA GANDHI,PATIALA,Punjab,Lok Sabha,250000.0,2026-04-13T00:00:00.000Z,True,,PATIALA(DEPUTY COMMISSIONER PATIALA_IDA)
1643,"Pramendra Singh Thakur ke makan se Tiwari ji ke makan tak evam Singrol ji ke makan se Chaturvedi ji ke makan tak, Damlikaran kary, Gwarighat ward, Vidhan Sabha Pashchim, District Jabalpur (mention in letter no.3126 at column no.5)",Normal/Others,Shri Vivek K. Tankha (2022-28),Sitting Rajya Sabha,Madhya Pradesh,Rajya Sabha,140000.0,2026-04-14T00:00:00.000Z,True,,JABALPUR(DISTRICT COLLECTOR JABALPUR_IDA)
224790,Tube well mining with Motor pump installation including recharge pit for public use  in dubey ka Bagicha in Sunita Bangar Ji Lane Ward 47 VS Indore-5 District Indore,Normal/Others,Shankar Lalwani,INDORE,Madhya Pradesh,Lok Sabha,437135.0,2026-04-14T00:00:00.000Z,True,,INDORE(DISTRICT COLLECTOR INDORE_IDA)
97888,Construction of CC Road,Normal/Others,Smt. Sumitra Balmik (2022-28),Sitting Rajya Sabha,Madhya Pradesh,Rajya Sabha,229000.0,2026-04-15T00:00:00.000Z,True,,JABALPUR(DISTRICT COLLECTOR JABALPUR_IDA)
240474,Gram Panchayat Labheta mein Virendra Shakya ke ghar ke pass,Normal/Others,DEVESH SHAKYA,ETAH,Uttar Pradesh,Lok Sabha,240824.0,2026-04-15T00:00:00.000Z,False,,ETAH(DISTRICT MAGISTRATE ETAH_IDA)
194836,icchapur mandir k pas 35 kw ongrid solar system development,Normal/Others,Gyaneshwar Patil,KHANDWA,Madhya Pradesh,Lok Sabha,2450000.0,2026-04-15T00:00:00.000Z,True,,BURHANPUR(District Collector Burhanpur_IDA)
179611,Gram jaitpur kalan me Shamshaad ke dukan se najeer ke makan tak cc road evm nali nirman kary. 140 meter,Normal/Others,IMRAN MASOOD,SAHARANPUR,Uttar Pradesh,Lok Sabha,626592.0,2026-04-15T00:00:00.000Z,True,,SAHARANPUR(DISTRICT MAGISTRAE SAHARANPUR_IDA)
245117,Ramnagar Rijor Hiralal ke ghar ke pass,Normal/Others,DEVESH SHAKYA,ETAH,Uttar Pradesh,Lok Sabha,240824.0,2026-04-15T00:00:00.000Z,False,,ETAH(DISTRICT MAGISTRATE ETAH_IDA)
223980,Construction of Kitchen shed or mid day meal shed in Govt High School Binaheri block nabha,Normal/Others,DR DHARAMVIRA GANDHI,PATIALA,Punjab,Lok Sabha,200000.0,2026-04-15T00:00:00.000Z,True,,PATIALA(DEPUTY COMMISSIONER PATIALA_IDA)
210449,"CONSTRUCTION OF CLASS ROOMS OF J.P. HIGH SCHOOL, JAGANNATHPRASAD, SARADHAPUR G.P.",Normal/Others,Shri Bhartruhari Mahtab,CUTTACK,Odisha,Lok Sabha,559983.0,2026-04-16T00:00:00.000Z,True,,Kataka(DISTRICT COLLECTOR CUTTACK_IDA)
222282,Jangbahadur Late Gayadeen Jajaoli,Normal/Others,PUSHPENDRA SAROJ,KAUSHAMBI,Uttar Pradesh,Lok Sabha,73911.0,2026-04-16T00:00:00.000Z,True,,KAUSHAMBI(DISTRICT MAGISTRAE KAUSHAMBI_IDA)
222095,Mohanlal Mahesh Prasad Dadi Arka Fatehpur,Normal/Others,PUSHPENDRA SAROJ,KAUSHAMBI,Uttar Pradesh,Lok Sabha,73919.0,2026-04-16T00:00:00.000Z,True,,KAUSHAMBI(DISTRICT MAGISTRAE KAUSHAMBI_IDA)
222110,Nathanlal Deshraj Pali Uparhar,Normal/Others,PUSHPENDRA SAROJ,KAUSHAMBI,Uttar Pradesh,Lok Sabha,73919.0,2026-04-16T00:00:00.000Z,True,,KAUSHAMBI(DISTRICT MAGISTRAE KAUSHAMBI_IDA)
222264,Balram Ram Naresh Gopalpur Tenshah Alamabad,Normal/Others,PUSHPENDRA SAROJ,KAUSHAMBI,Uttar Pradesh,Lok Sabha,73911.0,2026-04-16T00:00:00.000Z,True,,KAUSHAMBI(DISTRICT MAGISTRAE KAUSHAMBI_IDA)
200053,Single phase tube well with electricity connection for drinking water near the farm of Shri Nanuram Mavliya son of Shri Mangalaram ji Balaji Johda village Ladpur Gram Panchayat Malikpur ps Khandela,Normal/Others,AMRARAM,SIKAR,Rajasthan,Lok Sabha,599883.0,2026-04-16T00:00:00.000Z,True,,SIKAR(DISTRICT COLLECTOR SIKAR_IDA)
222111,Shyamlal Bodhi Chunaiya Ka Pura Pali Uparhar,Normal/Others,PUSHPENDRA SAROJ,KAUSHAMBI,Uttar Pradesh,Lok Sabha,73919.0,2026-04-16T00:00:00.000Z,True,,KAUSHAMBI(DISTRICT MAGISTRAE KAUSHAMBI_IDA)
222189,Vijay Lal Hanuman Prasad Behan Pura Bijiya Chauraha Koshan Inam,Normal/Others,PUSHPENDRA SAROJ,KAUSHAMBI,Uttar Pradesh,Lok Sabha,73919.0,2026-04-16T00:00:00.000Z,True,,KAUSHAMBI(DISTRICT MAGISTRAE KAUSHAMBI_IDA)
174772,"Laying of 5 Street Electrical Poles in A. Velagavalasa  Village, Bobbili Mandal",Normal/Others,Appalanaidu Kalisetti,VIZIANAGARAM,Andhra Pradesh,Lok Sabha,101841.0,2026-04-16T00:00:00.000Z,False,,VIZIANAGARAM(DISTRICT COLLECTOR VIZIANAGARAM_IDA)
237904,"INSTALLATION OF SEMI HI MAST LIGHT NEAR MARDAMEKHA CHHAKA MAHAVIR BAZAR, JODUM G.P.(100WATTX4 NOS)",Normal/Others,Shri Bhartruhari Mahtab,CUTTACK,Odisha,Lok Sabha,150000.0,2026-04-16T00:00:00.000Z,True,,Kataka(DISTRICT COLLECTOR CUTTACK_IDA)
210718,talavadi faliya ma rohitbhai jayantibhai na ghar pase boremotor nu kam,Normal/Others,Mansukhbhai Dhanjibhai Vasava,BHARUCH,Gujarat,Lok Sabha,100000.0,2026-04-17T00:00:00.000Z,True,,BHARUCH(DISTRICT COLLECTOR BROACH_IDA)
222228,Shivmohan Jagdev Bhakhanda Uparhar,Normal/Others,PUSHPENDRA SAROJ,KAUSHAMBI,Uttar Pradesh,Lok Sabha,73919.0,2026-04-17T00:00:00.000Z,True,,KAUSHAMBI(DISTRICT MAGISTRAE KAUSHAMBI_IDA)
193775,Abdasa talukana chhachhi gaame masjid ni bajuma karigar common workshed,Normal/Others,Vinod Chavda,KACHCHH,Gujarat,Lok Sabha,400000.0,2026-04-17T00:00:00.000Z,True,,KACHCHH(DISTRICT COLLECTOR KUTCH_IDA)
229021,Work details at S No 23 Construction of drain from Lalan Yadav house to the road via community building in Makhdumpur Nagar Panchayat ward no 10 village-Kansara,Normal/Others,SURENDRA PRASAD YADAV,JAHANABAD,Bihar,Lok Sabha,297956.0,2026-04-18T00:00:00.000Z,True,,JEHANABAD(DISTRICT PLANNING OFFICER JEHANABAD_IDA)
173613,"Chikkamagaluru District, Chikkamagaluru Taluk Avuti Hobli, Basasarahalli Grama Panchayath Bettadamalali village Ramegowda, others house going road development work.",Normal/Others,KOTA SRINIVAS POOJARY,UDUPI CHIKMAGALUR,Karnataka,Lok Sabha,398638.0,2026-04-18T00:00:00.000Z,True,,CHIKKAMAGALURU(DEPUTY COMMISSIONER CHIKMAGALUR)
227533,"Manjhi Prakhand ke Gram Madansath me Shiv Mandir ke pas Khata No. 03, Sarve No. 2040 Par Ghat ka Nirman",Normal/Others,Shri Janardan Singh Sigriwal ,MAHARAJGANJ,Bihar,Lok Sabha,915536.0,2026-04-18T00:00:00.000Z,True,,SARAN(DISTRICT PLANNING OFFICE SARAN CHAPRA_IDA)
212145,C.O Tile road from Surinder Padha house to Prem Das house ward no 5,Normal/Others,RAJEEV BHARDWAJ,KANGRA,Himachal Pradesh,Lok Sabha,249989.0,2026-04-18T00:00:00.000Z,False,,KANGRA(DEPUTY COMMISSIONER KANGRA_IDA)
134799,Construction of Sabhamandap at Mhalsapur Tal. Sailu Dist. Parbhani,Normal/Others,Sanjay Haribhau Jadhav,PARBHANI,Maharashtra,Lok Sabha,999356.0,2026-04-18T00:00:00.000Z,True,,PARBHANI(DISTRICT COLLECTOR PARBHANI_IDA)
161971,Financial assistance for construction of classrooms to Mawtneng Upper Primary School,Normal/Others,ANDREW J. SYNGKON,SHILLONG,Meghalaya,Lok Sabha,300000.0,2026-04-20T00:00:00.000Z,True,,RI BHOI(DEPUTY COMMISSIONER RIBHOI NONGPOH_IDA)
250927,Construction of Irrigation Canal with Check Dam for Diversion of Water to irrigate Agricultural land of Kazpet at Naag Khul Vijhara Lowdara.,Normal/Others,ABDUL RASHID SHEIKH,BARAMULLAH,Jammu And Kashmir,Lok Sabha,70000.0,2026-04-20T00:00:00.000Z,True,,BANDIPORA(Deputy Commissioner Bandipora_IDA)
262167,Purchase and providing one water tanker to GP for drinking water purposes,Normal/Others,Shri  Dharambir Singh,BHIWANI MAHENDRAGARH,Haryana,Lok Sabha,180000.0,2026-04-21T00:00:00.000Z,False,,BHIWANI(DC Cum Nodal Officer MPLADS Bhiwani)
262168,Purchase and providing one water tanker to GP Bamla 1st  for drinking water purposes,Normal/Others,Shri  Dharambir Singh,BHIWANI MAHENDRAGARH,Haryana,Lok Sabha,180000.0,2026-04-21T00:00:00.000Z,False,,BHIWANI(DC Cum Nodal Officer MPLADS Bhiwani)
228440,"Construction of C.C Road at Norajanakuppe (Taredakuppe) Village, Taredakuppe Grama Panchayath, Kunigal Taluk, Tumkur District, Karnataka State.",Normal/Others,DR C N MANJUNATH,BANGALORE RURAL,Karnataka,Lok Sabha,398734.0,2026-04-21T00:00:00.000Z,True,,TUMAKURU(DEPUTY COMMISSIONER TUMKUR_IDA)
258050,GRAM PANCHAYAT TARPOH ME 5000 LRT PANEE TENKAR KI KHAREED,Normal/Others,RAHUL SINGH LODHI,DAMOH,Madhya Pradesh,Lok Sabha,199604.0,2026-04-22T00:00:00.000Z,True,,SAGAR(DISTRICT COLLECTOR SAGAR_IDA)
217810,Provide minimast light at Panayara jn. Ummannoor GP,Normal/Others,Shri Suresh Kodikunnil,MAVELIKKARA,Kerala,Lok Sabha,225139.0,2026-04-22T00:00:00.000Z,True,,KOLLAM(DISTRICT COLLECTOR KOLLAM_IDA)
198061,"Providing pipe line from pws scheme to OHSR tank at Bodipativaripalle, Bodipativari palle",Normal/Others,Midhun Reddy,RAJAMPET,Andhra Pradesh,Lok Sabha,123106.0,2026-04-23T00:00:00.000Z,True,,CHITTOOR(DISTRICT COLLECTOR CHITTOOR_IDA)
190977,"Construction of common work sheds common covered sitting area Dharmshala Bhani Patti Near Kake DI Dairy, Sekha",Repair and Renovation,GURMEET SINGH MEET HAYER,SANGRUR,Punjab,Lok Sabha,200000.0,2026-04-23T00:00:00.000Z,True,,BARNALA(DEPUTY COMMISSIONER BARNALA_IDA)
257557,Construction of Pucca Path from Sakela to Amoga ward no 1,Normal/Others,RAJEEV BHARDWAJ,KANGRA,Himachal Pradesh,Lok Sabha,249946.0,2026-04-23T00:00:00.000Z,False,,CHAMBA(DEPUTY COMMISSIONER CHAMBA_IDA)
175611,Laying of pipeline from bevinahalli road of hitnal village to chilamar tayamma temple of koppal taluk under koppal parliamentary constituency.,Normal/Others,K. RAJASHEKAR BASAVARAJ HITNAL,KOPPAL,Karnataka,Lok Sabha,150000.0,2026-04-23T00:00:00.000Z,True,,KOPPAL(DEPUTY COMMISSIONER KOPPAL_IDA)
245923,"construction of P.C.C. Road from Viwah mandap in tolla baraini to house of nagendra mahto vill-Rampur, Panchait-Bari, Block-Chandwa",Normal/Others,KALI CHARAN SINGH,CHATRA,Jharkhand,Lok Sabha,249265.0,2026-04-23T00:00:00.000Z,False,,LATEHAR(Deputy Commissioner latehar_IDA)
175644,"Construction of khandnja from rajpal field to jaipal field village , length-500 meter",Normal/Others,DR RAJKUMAR SANGWAN,BAGHPAT,Uttar Pradesh,Lok Sabha,848157.0,2026-04-24T00:00:00.000Z,False,,BAGHPAT(DISTRICT MAGISTRATE BAGHPAT_IDA)
234075,Construction of Bridge Parachin Baowdi in Link Road Jamta to Sherli Kotab and Ghadat GP Nauni Executive Agency BDO Nahan,Normal/Others,Suresh Kumar Kashyap,SHIMLA,Himachal Pradesh,Lok Sabha,250000.0,2026-04-24T00:00:00.000Z,False,,SIRMAUR(DEPUTY COMMISSIONER SIRMOUR_IDA)
157368,Widening of Link Road Main road Habban to tikker-Kainchi Thari (Shaya) Harijan Basti GP neri Kotli Executive Agency BDO Rajgarh,Normal/Others,Suresh Kumar Kashyap,SHIMLA,Himachal Pradesh,Lok Sabha,300000.0,2026-04-25T00:00:00.000Z,False,,SIRMAUR(DEPUTY COMMISSIONER SIRMOUR_IDA)
137862,PURCHASE OF BOOK IN SCHOOL LIBRARY,Normal/Others,Shri Sudheer Gupta ,MANDSOUR,Madhya Pradesh,Lok Sabha,100000.0,2026-04-26T00:00:00.000Z,True,,NEEMUCH(District Collector Neemuch_IDA)
157316,GRAM SUJAWLI BLOCK SHIKARPUR ME HURTHLA MARG PAR SARVJANIK ISTHAL PAR OPEN GYM KA ADHITHAPAN KARY KARYDAYI SANSTHA PROVINCIAL CO. OPERATIVE CONSTRUCTION AND DEVELOPMENT LTD. (P.C.C.D) BULANDSHAHAR,Normal/Others,Shri Surendra Singh Nagar (2022-28),Sitting Rajya Sabha,Uttar Pradesh,Rajya Sabha,841491.0,2026-04-27T00:00:00.000Z,True,,BULANDSHAHR(DISTRICT MAGISTRATE BULANDSHAHR_IDA)
160075,Construction of Hi-tech toilet  at Scouts and Guide Bhawan in Shikaripura town.,Normal/Others,Shri B Y Raghavendra ,SHIMOGA,Karnataka,Lok Sabha,500000.0,2026-04-27T00:00:00.000Z,True,,SHIVAMOGGA(DEPUTY COMMISSIONER SHIMOGA_IDA)
158567,GRAM BAGHRAI KHURD BLOCK ARNIYA ME PRATHMIK VIDHYALY KE GROUND ME SARVJANIK ISTHAL PAR OPEN GYM KA ADHITHAPAN KARY KARYDAYI SANSTHA PROVINCIAL CO. OPERATIVE CONSTRUCTION AND DEVELOPMENT LTD. (P.C.C.D) BULANDSHAHAR,Normal/Others,Shri Surendra Singh Nagar (2022-28),Sitting Rajya Sabha,Uttar Pradesh,Rajya Sabha,841491.0,2026-04-27T00:00:00.000Z,True,,BULANDSHAHR(DISTRICT MAGISTRATE BULANDSHAHR_IDA)
183961,MML NEAR CHEMBOOR KULATHINKARA TEMPLE IN MUDAKKAL GRAMA PANCHAYATH,Normal/Others,Adv Adoor Prakash ,ATTINGAL,Kerala,Lok Sabha,250064.0,2026-04-28T00:00:00.000Z,True,,THIRUVANANTHAPURAM(DISTRICT COLLECTOR THIRUVANANTHAPURAM_IDA)
254754,GI cotted water tankar 5500liter tyre 900x16,Normal/Others,SAVITRI THAKUR,DHAR,Madhya Pradesh,Lok Sabha,159212.0,2026-04-28T00:00:00.000Z,True,,DHAR(DISTRICT COLLECTOR DHAR_IDA)
25120,"C/o Community hall at Vill Paneog G.P. Deeb Teh. Kumarsain, Dev Block Narkanda Distt. Shimla H.P. (Executive Agency, BDO Narkanda, Distt. Shimla )",Normal/Others,Dr. Sikander Kumar (2022-28),Sitting Rajya Sabha,Himachal Pradesh,Rajya Sabha,150000.0,2026-04-28T00:00:00.000Z,False,,SHIMLA(DEPUTY COMMISSIONER SHIMLA_IDA)
273488,"Installation of Solar street light at Saramuli, Bilamal",Normal/Others,SUKANTA KUMAR PANIGRAHI,KANDHAMAL,Odisha,Lok Sabha,100000.0,2026-04-28T00:00:00.000Z,True,,Kandhamala(DISTRICT COLLECTOR KANDHAMAL_IDA)
199719,Swinging and gym equipment in the park. The working agency will be Gram Panchayat,Normal/Others,SUKHJINDER SINGH RANDHAWA,GURDASPUR,Punjab,Lok Sabha,250000.0,2026-04-28T00:00:00.000Z,True,,GURDASPUR(DEPUTY COMMISSIONER GURDASPUR_IDA)
232293,Purchase of sports equipment for Swami VIVEKANAND GOVT. MODAL SCHOOL,Normal/Others,DAMODAR AGARWAL,BHILWARA,Rajasthan,Lok Sabha,294000.0,2026-04-28T00:00:00.000Z,True,,BUNDI(DISTRICT COLLECTOR BUNDI_IDA)
228796,Improvement of Road near Yadimayavva Temple in Raibag Rural in Raibag Taluka,Normal/Others,PRIYANKA SATISH JARKIHOLI,CHIKKODI,Karnataka,Lok Sabha,499731.0,2026-04-29T00:00:00.000Z,True,,BELAGAVI(DEPUTY COMMISSIONER BELGAUM_IDA)
186181,Formation of CC Road from Chenaga Madhavamma to Temple in Ramapuram Habitation of Allur Nagar Panchayat,Normal/Others,PRABHAKAR REDDY VEMIREDDY,NELLORE,Andhra Pradesh,Lok Sabha,376094.0,2026-04-29T00:00:00.000Z,False,,Sri Potti Sriramulu Nellore(DISTRICT COLLECTOR NELLORE_IDA)
243921,Gram Sarkhet me Saur Urja ki 08 Solar Street Light (Working Agency Lagu Sinchai vibhag d dun),Normal/Others,Mala Rajya Laxmi Shah ,TEHRI GARHWAL,Uttarakhand,Lok Sabha,192000.0,2026-04-29T00:00:00.000Z,False,,DEHRADUN(DISTRICT MAGISTRATE DEHRADUN_IDA)
226489,"Construction of Ceiling over Paika Panchasakha Statue of Ward No.4, Khordha,  Block-Khordha",Normal/Others,Smt Aparajita Sarangi,BHUBANESWAR,Odisha,Lok Sabha,600000.0,2026-04-30T00:00:00.000Z,True,,KHORDHA(DISTRICT COLLECTOR KHORDHA_IDA)
222159,Installation of Boom Barriers,Normal/Others,Kamaljeet Sehrawat,WEST DELHI,Delhi,Lok Sabha,407191.0,2026-04-30T00:00:00.000Z,True,,SOUTH WEST(COMMISSIONER MCD SOUTH WEST)
189770,"Providing of Drinking water source at ST Colony, Etapalli",Normal/Others,GODAM NAGESH,ADILABAD,Telangana,Lok Sabha,144658.0,2026-05-02T00:00:00.000Z,True,,KUMURAM BHEEM ASIFABAD(District Collector KB Asifabad_IDA)
241175,Providing New Borewell Near  Naseeb Jan House in Neelakantraopeta Village and GP,Normal/Others,Midhun Reddy,RAJAMPET,Andhra Pradesh,Lok Sabha,197365.0,2026-05-02T00:00:00.000Z,True,,Annamayya(DISTRICT COLLECTOR ANNAMAYYA_IDA)
249805,"Under the Member of Parliament Local Area Development Scheme, I recommend the allocation of up to seven lakh rupees from my MP fund for the construction of a damaged PCC road from the sub-health center to Bathua Banjari Road in Ward No. 09, 10, and 12 of Parsauni Khas village, Parsauni Khas Panchayat, Uchkagaon block, Gopalganj district.",Normal/Others,Alok Kumar Suman,GOPALGANJ,Bihar,Lok Sabha,694967.0,2026-05-02T00:00:00.000Z,True,,GOPALGANJ(DISTRICT PLANNING OFFICER GOPALGANJ_IDA)
209729,Six electrical Pools from ZP Road to Bangaramma Temple and Twelve Electrical Pools from WPS Shed to Burial Ground,Normal/Others,Gumma Thanuja Rani,ARAKU,Andhra Pradesh,Lok Sabha,254158.0,2026-05-04T00:00:00.000Z,True,,Parvathipuram Manyam(District Collector Parvathipuram Manyam_IDA)
248713,Erection of High Mast with LED Flood Lights near Bus stand in Chegur (V),Normal/Others,ARUNA. D. K,MAHABUBNAGAR,Telangana,Lok Sabha,249924.0,2026-05-04T00:00:00.000Z,True,,RANGA REDDY(DISTRICT COLLECTOR RANGAREDDY_IDA)
166444,formation of Gravel road from Park  (near Back side of Fire Station) to  Reddiottala jagannana Colony in Rangasamudram Village  GP of Porumamilla Mandal,Normal/Others,Y S Avinash Reddy,KADAPA,Andhra Pradesh,Lok Sabha,255748.0,2026-05-05T00:00:00.000Z,True,,Y.S.R. Kadapa(DISTRICT COLLECTOR CUDDAPAH_IDA)
208583,"Construction of CC Road from Gudipatipalli Village to Narasimha swamy Temple road in Gudipatipalli GP, Veligandla Mandal, Prakasam District.",Normal/Others,Shri Yerram Venkata Subba Reddy (2024-30),Sitting Rajya Sabha,Andhra Pradesh,Rajya Sabha,991784.0,2026-05-05T00:00:00.000Z,True,,PRAKASAM(DISTRICT COLLECTOR PRAKASAM_IDA)
233254,The block paving work is from Ramji Mandir towards Damjibhai Lukhi house (juni Lukhi Street)In Navagam village.,Normal/Others,BHARATBHAI MANUBHAI SUTARIYA,AMRELI,Gujarat,Lok Sabha,299535.0,2026-05-05T00:00:00.000Z,True,,BHAVNAGAR(DISTRICT COLLECTOR BHAVNAGAR_IDA)
154229,beneficiary is goverment middle school jasarwani for purchesing of Furniture,Normal/Others,DARSHAN SINGH CHOUDHARY,HOSHANGABAD,Madhya Pradesh,Lok Sabha,150000.0,2026-05-05T00:00:00.000Z,True,,NARMADAPURAM(DISTRICT COLLECTOR NARMADAPURAM_IDA)
241162,Interlocking work from Mithilesh house to Durga Mata Mandir in Sirsa Block Kashi Vidyapeeth village Length 53 m,Normal/Others,Shri Narendra Modi,VARANASI,Uttar Pradesh,Lok Sabha,260308.0,2026-05-05T00:00:00.000Z,True,,VARANASI(DISTRICT MAGISTRAE VARANASI_IDA)
176918,construction of sitting area at vyayam shala parisar contact person sh sonu maharaj mobile no 9685760911,Normal/Others,DARSHAN SINGH CHOUDHARY,HOSHANGABAD,Madhya Pradesh,Lok Sabha,200000.0,2026-05-06T00:00:00.000Z,True,,Narsimhapur(DISTRICT COLLECTOR NARSINGHPUR_IDA)
267561,Sattar Kataiya prakhand antargat Patauri Panchayat ke Supaul janewali main road me Azad Chowk Patauri par High Mast Light ka adhishthapan.,Normal/Others,Dinesh Chandra Yadav,MADHEPURA,Bihar,Lok Sabha,697000.0,2026-05-06T00:00:00.000Z,True,,SAHARSA(DISTRICT PLANNING OFFICER SAHARSA_IDA)
206415,"(MPLADS 2025-26) Construction of Drama Stage Near Punitha Arulanthar Alayam in Dhalirthalai Village, Marandai Panchayat",Normal/Others,Shri Karti P Chidambaram ,SIVAGANGA,Tamil Nadu,Lok Sabha,944896.0,2026-05-06T00:00:00.000Z,False,,SIVAGANGA(DISTRICT COLLECTOR SIVAGANGA_IDA)
182271,"Construction of Kodampil - Kallelibhagam road or pathway, Ward No.23, Thevalakkara Panchayat",Normal/Others,Shri Abdul Wahab (2021-27),Sitting Rajya Sabha,Kerala,Rajya Sabha,398780.0,2026-05-06T00:00:00.000Z,True,,KOLLAM(DISTRICT COLLECTOR KOLLAM_IDA)
226871,"Concreting of Pandarathundil  Roduvila Road in, Ward 17, Nedumpana Grama Panchayat, Kundara Constituency",Normal/Others,Shri NK Premachandran,KOLLAM,Kerala,Lok Sabha,650235.0,2026-05-07T00:00:00.000Z,False,,KOLLAM(DISTRICT COLLECTOR KOLLAM_IDA)
255763,installation of pawer blocks at machhar faliya udava,Normal/Others,Dr. Parmar Jashvantsinh Salamsinh (2024-30),Sitting Rajya Sabha,Gujarat,Rajya Sabha,200000.0,2026-05-07T00:00:00.000Z,True,,Mahisagar(COLLECTOR MAHISAGAR_IDA)
220660,"(MPLADS 2025-26) Construction in Drama Stage in Near Sri Karpaga Vinayagar Kovil in Vandakottai Village, Vandakottai Panchayat",Normal/Others,Shri Karti P Chidambaram ,SIVAGANGA,Tamil Nadu,Lok Sabha,794721.0,2026-05-08T00:00:00.000Z,True,,PUDUKKOTTAI(DISTRICT COLLECTOR PUDUKKOTTAI_IDA)
144969,Work of shifting the high tension line of electricity passing over the mohalla (populated area) of Meghwalo in village Kankaday,Normal/Others,Shri Hanuman Beniwal,NAGAUR,Rajasthan,Lok Sabha,128373.0,2026-05-08T00:00:00.000Z,True,,NAGAUR(DISTRICT COLLECTOR NAGAUR_IDA)
227707,"prakhand- nasriganj, panchayat- dhanaaw, gram- babhandih me mukesh paswan ke ghar se dasai mahto ke ghar ki or PCC",Normal/Others,RAJA RAM SINGH,KARAKAT,Bihar,Lok Sabha,198399.0,2026-05-08T00:00:00.000Z,True,,ROHTAS(District Planning Officer Rohtas_IDA)
258182,janpad panchayat thandla ki gram panchayat harinagar me pani ka tenkar savikrat kiya gaya,Normal/Others,ANITA NAGARSINGH CHOUHAN,RATLAM,Madhya Pradesh,Lok Sabha,159200.0,2026-05-08T00:00:00.000Z,False,,JHABUA(DISTRICT COLLECTOR JHABUA_IDA)
245795,"Development of the road from Pillangere Channel Bridge to Nagaraj Farm Under Pillanere Gram Panchayat limits, Shivamogga taluk.",Normal/Others,Shri B Y Raghavendra ,SHIMOGA,Karnataka,Lok Sabha,374250.0,2026-05-08T00:00:00.000Z,True,,SHIVAMOGGA(DEPUTY COMMISSIONER SHIMOGA_IDA)
239460,Purchase and installation of 16 meter high electric powered high mast LED lights,Normal/Others,TARIQ ANWAR,KATIHAR,Bihar,Lok Sabha,965000.0,2026-05-09T00:00:00.000Z,True,,KATIHAR(DISTRICT PLANNING OFFICER KATIHAR_IDA)
239445,Purchase and installation of 16 meter high electric powered high mast LED lights,Normal/Others,TARIQ ANWAR,KATIHAR,Bihar,Lok Sabha,965000.0,2026-05-09T00:00:00.000Z,True,,KATIHAR(DISTRICT PLANNING OFFICER KATIHAR_IDA)
198470,construction Room work in Government Higher Secondary School Mahar kala playground,Normal/Others,AMRARAM,SIKAR,Rajasthan,Lok Sabha,598703.0,2026-05-09T00:00:00.000Z,True,,Jaipur Gramin(DISTRICT COLLECTOR Jaipur Gramin_IDA)
261864,"for Purchasing of furnitures at,govt.middle school kothiya,contr.person princepal .sh.rajesh kumar bijoriya contr.no.8718864737",Normal/Others,DARSHAN SINGH CHOUDHARY,HOSHANGABAD,Madhya Pradesh,Lok Sabha,99620.0,2026-05-09T00:00:00.000Z,True,,Narsimhapur(DISTRICT COLLECTOR NARSINGHPUR_IDA)
257249,Providing CC Drain from D No  96 179 17 to 96 185 2 23 to 96 185 2 1 Utukuru 45th Division of Kadapa MC,Normal/Others,Y S Avinash Reddy,KADAPA,Andhra Pradesh,Lok Sabha,199317.0,2026-05-11T00:00:00.000Z,True,,Y.S.R. Kadapa(DISTRICT COLLECTOR CUDDAPAH_IDA)
274205,High Mast Light in Sports ground of Govt Higher Sec Schhol. Narwa Khurd,Normal/Others,Shri Hanuman Beniwal,NAGAUR,Rajasthan,Lok Sabha,59999.0,2026-05-11T00:00:00.000Z,False,,NAGAUR(DISTRICT COLLECTOR NAGAUR_IDA)
210797,CONSTRUCTION OF SHED,Normal/Others,Shri Sudheer Gupta ,MANDSOUR,Madhya Pradesh,Lok Sabha,400000.0,2026-05-11T00:00:00.000Z,False,,MANDSAUR(DISTRICT COLLECTOR MANDSAUR_IDA)
142680,"Providing Bituminous macadam road at 1st Street South Side in Chandralekha Nagar, Andarkottaram Village, Madurai District.",Normal/Others,Shri S. Kalyanasundaram (2022-28),Sitting Rajya Sabha,Tamil Nadu,Rajya Sabha,995281.0,2026-05-12T00:00:00.000Z,True,,MADURAI(DISTRICT COLLECTOR MADURAI_IDA)
176251,janpad Nainital ke antargat ward number 36 Dr B R Ambedkar Adarsh Vidyalaya Jawahar Jyoti Shivpuri damuwadunga mein science lab kaksh Nirman Karya Hetu,Normal/Others,Ajay Bhatt,NAINITAL UDHAM SINGH NAG.,Uttarakhand,Lok Sabha,249905.0,2026-05-12T00:00:00.000Z,True,,NAINITAL(DISTRICT MAGISTRATE NAINITAL_IDA)
261385,Construction of Community Hall at Periyar Nagar in Aruppukottai Muncipality,Normal/Others,Shri P. Wilson (2025-31),Sitting Rajya Sabha,Tamil Nadu,Rajya Sabha,4998159.0,2026-05-12T00:00:00.000Z,True,,VIRUDHUNAGAR(DISTRICT COLLECTOR VIRUDHUNAGAR_IDA)
200199,Water Tenkar,Normal/Others,Durga Das Uikey ,BETUL,Madhya Pradesh,Lok Sabha,190546.0,2026-05-13T00:00:00.000Z,True,,BETUL(DISTRICT COLLECTOR BETUL_IDA)
206162,Supply of books in School.,Normal/Others,ARUN BHARTI,JAMUI,Bihar,Lok Sabha,100000.0,2026-05-13T00:00:00.000Z,True,,MUNGER(DISTRICT PLANNING OFFICER MUNGER_IDA)
200213,Water Tenkar,Normal/Others,Durga Das Uikey ,BETUL,Madhya Pradesh,Lok Sabha,190546.0,2026-05-13T00:00:00.000Z,True,,BETUL(DISTRICT COLLECTOR BETUL_IDA)
200214,Water Tenkar,Normal/Others,Durga Das Uikey ,BETUL,Madhya Pradesh,Lok Sabha,190546.0,2026-05-13T00:00:00.000Z,True,,BETUL(DISTRICT COLLECTOR BETUL_IDA)
28575,"C/o Water Tank and Pipe Line at Thakur Basti Pujarli vill. Pujarli, G.P. Kedi, Dev. Block chopal, Distt. Shimla as per recommendation of Sh. Sushil Rathore (Executing agency, IPH Deptt.)",Normal/Others,Dr. Sikander Kumar (2022-28),Sitting Rajya Sabha,Himachal Pradesh,Rajya Sabha,200000.0,2026-05-13T00:00:00.000Z,False,,SHIMLA(DEPUTY COMMISSIONER SHIMLA_IDA)
240544,Vikas Khand Lalganj ke gram Khanapatti me Radhe Gupta ke ghar se Newaj Khan Purwa gaon tak Interlocking road.,Normal/Others,DR. S P SINGH,PRATAPGARH,Uttar Pradesh,Lok Sabha,309933.0,2026-05-13T00:00:00.000Z,True,,PRATAPGARH(DISTRICT MAGISTRAE PRATAPGARH_IDA)
240598,Vikas Khand Mandhata ke gram Saray babu me panchayat bhawan se Ashok Yadav ke ghar se hote hue aage basti tak Interlocking road.,Normal/Others,DR. S P SINGH,PRATAPGARH,Uttar Pradesh,Lok Sabha,304702.0,2026-05-13T00:00:00.000Z,True,,PRATAPGARH(DISTRICT MAGISTRAE PRATAPGARH_IDA)
198158,Gram Panchayat PCC Road Nirman hetu,Normal/Others,Ganesh Singh,SATNA,Madhya Pradesh,Lok Sabha,500000.0,2026-05-13T00:00:00.000Z,True,,SATNA(DISTRICT COLLECTOR SATNA_IDA)
173364,Laptop purchase for GHSS Velloor,Normal/Others,Dr. V. Sivadasan (2021-27),Sitting Rajya Sabha,Kerala,Rajya Sabha,282256.0,2026-05-13T00:00:00.000Z,True,,KANNUR(DISTRICT COLLECTOR KANNUR_IDA)
179553,Purchase of mobile water tanker for village Bilwa Deb,Normal/Others,Gajendra Singh Patel,KHARGONE,Madhya Pradesh,Lok Sabha,166026.0,2026-05-13T00:00:00.000Z,False,,BARWANI(DISTRICT COLLECTOR BADWANI_IDA)
179558,Purchase of mobile water tanker for village Barda,Normal/Others,Gajendra Singh Patel,KHARGONE,Madhya Pradesh,Lok Sabha,166026.0,2026-05-13T00:00:00.000Z,False,,BARWANI(DISTRICT COLLECTOR BADWANI_IDA)
179570,Purchase of mobile water tanker for village Jalgone,Normal/Others,Gajendra Singh Patel,KHARGONE,Madhya Pradesh,Lok Sabha,166026.0,2026-05-13T00:00:00.000Z,False,,BARWANI(DISTRICT COLLECTOR BADWANI_IDA)
189974,transformer establishment at village. contact person sh. abhilash mishra mobile no 8770867316,Normal/Others,DARSHAN SINGH CHOUDHARY,HOSHANGABAD,Madhya Pradesh,Lok Sabha,120000.0,2026-05-13T00:00:00.000Z,True,,Narsimhapur(DISTRICT COLLECTOR NARSINGHPUR_IDA)
145194,"Open Pendal of Oram Shanskrutika Samaj, Sundargarh (Executing Agency ITDA Sundargarh)",Normal/Others,Shri Jual Oram,SUNDARGARH,Odisha,Lok Sabha,700000.0,2026-05-13T00:00:00.000Z,True,,Sundaragada(DISTRICT COLLECTOR SUNDARGARH_IDA)
199877,Construction of paver blocks next to the Shiva temple located in Dumraon Panchayat of Ichak Block.,Normal/Others,Annpurna Devi ,KODARMA,Jharkhand,Lok Sabha,299436.0,2026-05-14T00:00:00.000Z,False,,HAZARIBAGH(DEPUTY COMMISSIONER HAZARIBAGH_IDA)
202234,"CONSTRUCTION OF CULTURAL CENTRE AT WARD NO.10, NEAR MANIABANDHA CHHAKA",Normal/Others,Shri Bhartruhari Mahtab,CUTTACK,Odisha,Lok Sabha,300000.0,2026-05-14T00:00:00.000Z,True,,Kataka(DISTRICT COLLECTOR CUTTACK_IDA)
248524,Providing of 18W LED Based Solar Street Lights 10 Nos at Kothakunkam Village and Gram Panchayat of Laveru Mandal,Normal/Others,Appalanaidu Kalisetti,VIZIANAGARAM,Andhra Pradesh,Lok Sabha,238652.0,2026-05-14T00:00:00.000Z,True,,SRIKAKULAM(District Collector Srikakulam_IDA)
211719,CO kitchen Shed in community Bhawan Kaluna,Normal/Others,RAJEEV BHARDWAJ,KANGRA,Himachal Pradesh,Lok Sabha,176009.0,2026-05-14T00:00:00.000Z,False,,KANGRA(DEPUTY COMMISSIONER KANGRA_IDA)
192772,Gram Rampura ke Pura harsukh me Nirpat singh ke ghar ke pass sarvjanik sthan par Samarsevil Pump mai Tanki Nirman ( workin agency UP Sidco agra),Normal/Others,Mala Rajya Laxmi Shah ,TEHRI GARHWAL,Uttarakhand,Lok Sabha,248687.0,2026-05-14T00:00:00.000Z,False,,AGRA(DISTRICT MAGISTRAE AGRA_IDA)
199997,Water Tenkar,Normal/Others,Durga Das Uikey ,BETUL,Madhya Pradesh,Lok Sabha,190546.0,2026-05-14T00:00:00.000Z,True,,BETUL(DISTRICT COLLECTOR BETUL_IDA)
275298,"PCC ROAD- PATNA, SAMPATCHAK, PRAKHADN CHIPURA WARD NO-1 PARSA MAIN ROAD SE SANJAY SINGH KE GHAR KI TARAF PCC ROAD.",Normal/Others,Dr. Dharmshila Gupta (2024-30),Sitting Rajya Sabha,Bihar,Rajya Sabha,1497268.0,2026-05-15T00:00:00.000Z,True,,PATNA(DISTRICT PLANNING OFFICER PATNA_IDA)
164653,CONSTRUCTION OF BUILDING AT SAVITHA SAMAJADA VIVIDODDESHA SAHAKARA SANGHA NIYAMITA,Trust and Society,Shri B Y Raghavendra ,SHIMOGA,Karnataka,Lok Sabha,300000.0,2026-05-15T00:00:00.000Z,True,,SHIVAMOGGA(DEPUTY COMMISSIONER SHIMOGA_IDA)
231208,Construction of community center at village Machhipur,Normal/Others,MALVINDER SINGH KANG,ANANDPUR SAHIB,Punjab,Lok Sabha,300000.0,2026-05-15T00:00:00.000Z,False,,S.A.S Nagar(DEPUTY COMMISSIONER SAHIBZADA AJIT SINGH NAGAR MOHALI_IDA)
212284,Providing Solar light  at Nerkundram Panchayat in  Sholavaram Block.,Normal/Others,Sasikanth Senthil,TIRUVALLUR,Tamil Nadu,Lok Sabha,300000.0,2026-05-15T00:00:00.000Z,False,,THIRUVALLUR(DISTRICT COLLECTOR TIRUVALLUR_IDA)
151609,"Construction of G.S.V. Road gram payli, gram panchayat jogigufa, janpad panchayat lakhanadaun",Normal/Others,Faggan Singh Kulaste,MANDLA,Madhya Pradesh,Lok Sabha,999976.0,2026-05-15T00:00:00.000Z,True,,SEONI(District Collector Seoni_IDA)
275300,"PCC ROAD- PATNA, SAMPATCHAK, PRAKHADN CHIPURA WARD NO-3 ANAND KUMAR KE GHAR SE RAJIV KUMAR KE GHAR TAK PCC ROAD.",Normal/Others,Dr. Dharmshila Gupta (2024-30),Sitting Rajya Sabha,Bihar,Rajya Sabha,1496979.0,2026-05-15T00:00:00.000Z,True,,PATNA(DISTRICT PLANNING OFFICER PATNA_IDA)
267166,"NAWABGANJ KE GRAM PAROTHI TANDA ME MANDIR, DANDIYA BABURAM ME SHIV MANDIR, SAIDPUR SARAURA ME CHAURAHE, NANDPUR ME SHIV MANDIR, MANPUR ME MANDIR KE PAS HIGHMAST LIGHT",Normal/Others,CHHATRA PAL SINGH GANGWAR,BAREILLY,Uttar Pradesh,Lok Sabha,906405.0,2026-05-15T00:00:00.000Z,True,,BAREILLY(DISTRICT MAGISTRAE BAREILLY_IDA)
254733,"Installation of a high mass  light near the Five Roads junction in Konur Panchayat, Namakkal Panchayat Union (12 mts ladder type 200 watts LED  6 Nos.)",Normal/Others,V S Matheswaran,NAMAKKAL,Tamil Nadu,Lok Sabha,379962.0,2026-07-11T00:00:00.000Z,True,,NAMAKKAL(DISTRICT COLLECTOR NAMAKKAL_IDA)
271540,Construction of Additional Room (North) to Panchayath Complex in Gurramkonda Viilage and GP,Normal/Others,Midhun Reddy,RAJAMPET,Andhra Pradesh,Lok Sabha,499969.0,2026-07-13T00:00:00.000Z,True,,Annamayya(DISTRICT COLLECTOR ANNAMAYYA_IDA)
267408,Instatlation of RO System at Baba Inder Dass Public Sen. Sec. School Lakho Ke Behram,Normal/Others,Dr. Sandeep Kumar Pathak (2022-28),Sitting Rajya Sabha,Punjab,Rajya Sabha,199170.0,2026-07-13T00:00:00.000Z,True,,FEROZEPUR(DEPUTY COMMISSIONER FIROZEPUR_IDA)
180475,Construction of Irumangott Parambath Vennakkadmala Kummangod Road,Normal/Others,Shri M K Raghavan,KOZHIKODE,Kerala,Lok Sabha,357044.0,2026-07-13T00:00:00.000Z,True,,KOZHIKODE(DISTRICT COLLECTOR KOZHIKODE_IDA)
250247,Construction of Shed and Burner in Sc Creamation ground at Boria sikh commuinty,Normal/Others,SARABJEET SINGH KHALSA,FARIDKOT,Punjab,Lok Sabha,250000.0,2026-07-14T00:00:00.000Z,True,,FEROZEPUR(DEPUTY COMMISSIONER FIROZEPUR_IDA)
180484,Construction of Chandanampuram Kayakkal Orumkund Road,Normal/Others,Shri M K Raghavan,KOZHIKODE,Kerala,Lok Sabha,498740.0,2026-07-14T00:00:00.000Z,True,,KOZHIKODE(DISTRICT COLLECTOR KOZHIKODE_IDA)
168862,"Installation of Hand Pump at common place in Village-Savodaypuri, near the house of Shri Jatan Manjhi, Panchayat-Atiya, Block-Bodh Gaya, District Gaya",Normal/Others,JITAN RAM MANJHI,GAYA,Bihar,Lok Sabha,74452.0,2026-07-14T00:00:00.000Z,True,,GAYA(DISTRICT PLANNING OFFICER GAYA_IDA)
268762,Installation of Interactive One Panel at Govt.Primary School at Village Wahge Wala,Normal/Others,Dr. Sandeep Kumar Pathak (2022-28),Sitting Rajya Sabha,Punjab,Rajya Sabha,100000.0,2026-07-14T00:00:00.000Z,True,,FEROZEPUR(DEPUTY COMMISSIONER FIROZEPUR_IDA)
268837,Installation of Interactive One Panel at Govt.Middle School at Village Ratta Khera Punjab Singh Wala,Normal/Others,Dr. Sandeep Kumar Pathak (2022-28),Sitting Rajya Sabha,Punjab,Rajya Sabha,100000.0,2026-07-15T00:00:00.000Z,True,,FEROZEPUR(DEPUTY COMMISSIONER FIROZEPUR_IDA)
268820,Installation of Interactive One Panel at Govt.Primary School at Village Lalle,Normal/Others,Dr. Sandeep Kumar Pathak (2022-28),Sitting Rajya Sabha,Punjab,Rajya Sabha,100000.0,2026-07-15T00:00:00.000Z,True,,FEROZEPUR(DEPUTY COMMISSIONER FIROZEPUR_IDA)
268822,Installation of Interactive One Panel at Govt.Middle School at Village Nizamdin Wala,Normal/Others,Dr. Sandeep Kumar Pathak (2022-28),Sitting Rajya Sabha,Punjab,Rajya Sabha,100000.0,2026-07-15T00:00:00.000Z,True,,FEROZEPUR(DEPUTY COMMISSIONER FIROZEPUR_IDA)
187571,Road work in Gram Sabha Akedaga (Khargupur) from Vijay Shankar Mishras house to Shiv Mandir. Length 160 m.,Normal/Others,Shri Narendra Modi,VARANASI,Uttar Pradesh,Lok Sabha,575041.0,2026-07-18T00:00:00.000Z,True,,VARANASI(DISTRICT MAGISTRAE VARANASI_IDA)
145466,Gram-haraiya me Hanuman Ji ke mandir se Kali maa ke mandir tak 137 mtr. CC Road ka nirmaan,Normal/Others,SHASHANK MANI,DEORIA,Uttar Pradesh,Lok Sabha,1191985.0,2026-07-18T00:00:00.000Z,True,,DEORIA(DISTRICT MAGISTRATE DEORIA)
259937,"Installation 2 no of High Mast light ( LED Light 6x200 Watt )of 16 Mtr.at High road side near1. Ishanpur More and 2.Labpur Hospital More.Executing Agency ,E.O. LABPUR PANCHAYET SAMITY.",Normal/Others,Asit Kumar Mal ,BOLPUR,West Bengal,Lok Sabha,800000.0,2026-07-21T00:00:00.000Z,True,,BIRBHUM(DISTRICT MAGISTRATE BIRBHUM_IDA)
243656,Construction of CC road from the house of Shri Girishchandra Fauji to the house of Shri Sant Kumar via the house of Shri Magru Dealer in Majra village Surajpur of Gram Panchayat Manuna of Assembly Mainpuri Tehsil Mainpuri Block Kurwali distance 150 meters Ranjeet alias Chhote Yadav 9335877908,Normal/Others,Smt Dimple Yadav,MAINPURI,Uttar Pradesh,Lok Sabha,1039235.0,2026-07-21T00:00:00.000Z,True,,MAINPURI(DISTRICT MAGISTRATE MAINPURI_IDA)
207623,"Installation of six (6) nos of solar photovoltaic Submersible Pumps Set in new bore tube well at different places of Santuri Block, under Purulia District. Near Murulia, Muradi GP JL 15 Plot 2439, Near Baranti under Balitora GP JL 33 Plot 144, Near Sadhu saltora under Tarabari  GP JL 82 Plot 350, Near Santuri Police Station under Santuri GP JL 90 Plot 3065, Near Keshardaha under Garsika GP JL 103 Plot 1774, Near Velair (Upar Kotaldi), Ramchandrapur GP JL 41, Plot 455",Normal/Others,ARUP CHAKRABORTY,BANKURA,West Bengal,Lok Sabha,5096668.0,2026-07-21T00:00:00.000Z,True,,PURULIA(DISTRICT MAGISTRATE PURULIA_IDA)
163650,Construction of Green room and artist room for Existing Cultural Stage of Bagnan College,Normal/Others,Smt Sajda Ahmed,ULUBERIA,West Bengal,Lok Sabha,994325.0,2026-07-21T00:00:00.000Z,True,,HOWRAH(DISTRICT MAGISTRATE HOWRAH_IDA)
268747,Const. of Gym Room and Gym Equipment at Village Markhai,Normal/Others,Dr. Sandeep Kumar Pathak (2022-28),Sitting Rajya Sabha,Punjab,Rajya Sabha,800000.0,2026-07-22T00:00:00.000Z,True,,FEROZEPUR(DEPUTY COMMISSIONER FIROZEPUR_IDA)
252611,Construction of cement concrete road from Sankrail Gelepara to Natun Majsid at Sankrail GP under A.C -174,Normal/Others,Prasun Banerjee,HOWRAH,West Bengal,Lok Sabha,840620.0,2026-07-22T00:00:00.000Z,True,,HOWRAH(DISTRICT MAGISTRATE HOWRAH_IDA)
268741,Installation of Multi Gym at Village Malhe Wala,Normal/Others,Dr. Sandeep Kumar Pathak (2022-28),Sitting Rajya Sabha,Punjab,Rajya Sabha,300000.0,2026-07-22T00:00:00.000Z,True,,FEROZEPUR(DEPUTY COMMISSIONER FIROZEPUR_IDA)
233243,Installation work of the 6th semi high mast light near Noorie Jama Masjid and Madrasa of Gram Panchayat Ameer Nagar,Normal/Others,UTKARSH VERMA MADHUR,KHERI,Uttar Pradesh,Lok Sabha,164641.0,2026-07-23T00:00:00.000Z,True,,KHERI(DISTRICT MAGISTRAE KHERI_IDA)
143212,Gram Sabha Dhansipur Rahimpatti me Ratnesh Putra Ram Kailash ke ghar ke pas,Normal/Others,VINOD KUMAR BIND,BHADOHI,Uttar Pradesh,Lok Sabha,118957.0,2026-07-23T00:00:00.000Z,True,,PRAYAGRAJ(DISTRICT MAGISTRAE ALLAHABAD_IDA)
184620,Bagdaha Havasabad me Hublal Bhartiya ke Ghar ke pas,Normal/Others,VINOD KUMAR BIND,BHADOHI,Uttar Pradesh,Lok Sabha,100137.0,2026-07-23T00:00:00.000Z,True,,PRAYAGRAJ(DISTRICT MAGISTRAE ALLAHABAD_IDA)
143220,Gram Sabha Shripur me Baiga Basti (om Prakash Pradhan) ke ghar ke pas,Normal/Others,VINOD KUMAR BIND,BHADOHI,Uttar Pradesh,Lok Sabha,118957.0,2026-07-23T00:00:00.000Z,True,,PRAYAGRAJ(DISTRICT MAGISTRAE ALLAHABAD_IDA)
184616,Mahrachha me Akhilesh Singh ke Ghar ke Pas,Normal/Others,VINOD KUMAR BIND,BHADOHI,Uttar Pradesh,Lok Sabha,100137.0,2026-07-23T00:00:00.000Z,True,,PRAYAGRAJ(DISTRICT MAGISTRAE ALLAHABAD_IDA)
144069,Gram Sabha Nadula (Janghai) me Gauri Shankar Ki Dukan Ke Pas Tiraha Par,Normal/Others,VINOD KUMAR BIND,BHADOHI,Uttar Pradesh,Lok Sabha,118957.0,2026-07-23T00:00:00.000Z,True,,PRAYAGRAJ(DISTRICT MAGISTRAE ALLAHABAD_IDA)
144016,Gram Sabha Pyagipur me Chaurahe par,Normal/Others,VINOD KUMAR BIND,BHADOHI,Uttar Pradesh,Lok Sabha,118957.0,2026-07-23T00:00:00.000Z,True,,PRAYAGRAJ(DISTRICT MAGISTRAE ALLAHABAD_IDA)
143253,Ward No 2 Lal Bahadur Shastri Rajkeey College,Normal/Others,VINOD KUMAR BIND,BHADOHI,Uttar Pradesh,Lok Sabha,118957.0,2026-07-23T00:00:00.000Z,True,,PRAYAGRAJ(DISTRICT MAGISTRAE ALLAHABAD_IDA)
234498,Installation work of the 6th semi high mast light near Shri Gurunanak Dev Ji Gurudwara in Village Panchayat Safipur.,Normal/Others,UTKARSH VERMA MADHUR,KHERI,Uttar Pradesh,Lok Sabha,156975.0,2026-07-23T00:00:00.000Z,True,,KHERI(DISTRICT MAGISTRAE KHERI_IDA)
233274,Installation work of the 6th semi high mast light near the Gram Panchayat house in village Bedha Surtiha of Gram Panchayat Jungle No. 11,Normal/Others,UTKARSH VERMA MADHUR,KHERI,Uttar Pradesh,Lok Sabha,156975.0,2026-07-23T00:00:00.000Z,True,,KHERI(DISTRICT MAGISTRAE KHERI_IDA)
143290,Gram Sabha Sarifpur me Man Singh Pal ke GHar ke pAs Interlocking Road Par,Normal/Others,VINOD KUMAR BIND,BHADOHI,Uttar Pradesh,Lok Sabha,118957.0,2026-07-23T00:00:00.000Z,True,,PRAYAGRAJ(DISTRICT MAGISTRAE ALLAHABAD_IDA)
143263,Gram Sabha Samodhipur Belwariya me Ram Janki Mandir Ke Samne Sadak Par,Normal/Others,VINOD KUMAR BIND,BHADOHI,Uttar Pradesh,Lok Sabha,118957.0,2026-07-23T00:00:00.000Z,True,,PRAYAGRAJ(DISTRICT MAGISTRAE ALLAHABAD_IDA)
233247,Installation work of the 6th semi high mast light near Mohammadpur Raza Masjid in Gram Panchayat Amir Nagar village.,Normal/Others,UTKARSH VERMA MADHUR,KHERI,Uttar Pradesh,Lok Sabha,156974.0,2026-07-23T00:00:00.000Z,True,,KHERI(DISTRICT MAGISTRAE KHERI_IDA)
184612,Madhopur Siyadih me Santosh Shukla Ke Ghar ke Pas,Normal/Others,VINOD KUMAR BIND,BHADOHI,Uttar Pradesh,Lok Sabha,100137.0,2026-07-23T00:00:00.000Z,True,,PRAYAGRAJ(DISTRICT MAGISTRAE ALLAHABAD_IDA)
160667,"Construction of Community Centre at Meghwal Muhalla (Khasra No. - 1319, Rakba 0.2400), Village - Bathoth, Dist. - Sikar",Normal/Others,Shri Randeep Singh Surjewala (2022-28),Sitting Rajya Sabha,Rajasthan,Rajya Sabha,1177681.0,2026-07-23T00:00:00.000Z,True,,SIKAR(DISTRICT COLLECTOR SIKAR_IDA)
233246,Installation work of the 6th semi high mast light near Mujha Masjid of Gram Panchayat Parasan.,Normal/Others,UTKARSH VERMA MADHUR,KHERI,Uttar Pradesh,Lok Sabha,156974.0,2026-07-23T00:00:00.000Z,True,,KHERI(DISTRICT MAGISTRAE KHERI_IDA)
252480,Gram Rampur Gokul me Manjha Gurudwara ke Pass 1 Semi high Mast Light 6th ka Adhishtapan kary,Normal/Others,UTKARSH VERMA MADHUR,KHERI,Uttar Pradesh,Lok Sabha,156959.0,2026-07-23T00:00:00.000Z,True,,KHERI(DISTRICT MAGISTRAE KHERI_IDA)
144042,Gram Sabha Ugrasenpur Urf Bibipur Bhogwara PWD Pakki Sadak Se Januadih Khurd Ke Taraf Mudane Vale Sarvajanik Marg Par Vinay Chakki ke Samip,Normal/Others,VINOD KUMAR BIND,BHADOHI,Uttar Pradesh,Lok Sabha,118957.0,2026-07-23T00:00:00.000Z,True,,PRAYAGRAJ(DISTRICT MAGISTRAE ALLAHABAD_IDA)
254944,Construction of 300 feet PCC road and culvert middle house Awadh Bihari Singh road leading to Parhiya Tola Panchayat Pindrahi village Khendra main colony.,Normal/Others,Vishnu Dayal Ram,PALAMU,Jharkhand,Lok Sabha,1000000.0,2026-07-24T00:00:00.000Z,True,,PALAMU(DEPUTY COMMISSIONER PALAMAU_IDA)
180329,Construction of 300 feet PCC road from Thakurbari to Kunwar Singh house in village Kanda,Normal/Others,Vishnu Dayal Ram,PALAMU,Jharkhand,Lok Sabha,449600.0,2026-07-24T00:00:00.000Z,True,,PALAMU(DEPUTY COMMISSIONER PALAMAU_IDA)
230704,Construction of 300 feet PCC road from Ashok Kumar Singh house to Krishna Vishwakarma house in village Teladi,Normal/Others,Vishnu Dayal Ram,PALAMU,Jharkhand,Lok Sabha,449600.0,2026-07-24T00:00:00.000Z,True,,PALAMU(DEPUTY COMMISSIONER PALAMAU_IDA)
225825,Construction of 600 feet PCC road from main road to the cremation ghat in village MunshiKhap,Normal/Others,Vishnu Dayal Ram,PALAMU,Jharkhand,Lok Sabha,800000.0,2026-07-24T00:00:00.000Z,True,,PALAMU(DEPUTY COMMISSIONER PALAMAU_IDA)
253756,Construction of 300 feet PCC road in Village Mokhar Kalan from Sabita Devi house to Raju Ram house,Normal/Others,Vishnu Dayal Ram,PALAMU,Jharkhand,Lok Sabha,449600.0,2026-07-24T00:00:00.000Z,True,,PALAMU(DEPUTY COMMISSIONER PALAMAU_IDA)
156649,nikoli game tad faliya ma rahulbhai na ghar pase block peving nu kam,Normal/Others,Mansukhbhai Dhanjibhai Vasava,BHARUCH,Gujarat,Lok Sabha,200000.0,2026-07-24T00:00:00.000Z,True,,BHARUCH(DISTRICT COLLECTOR BROACH_IDA)
155429,"Vikash Singh S/o Umesh Singh R/o Bairgav, Bair amad Karari Newada Kaushambi ke Ghar ke Samne Hundpump ka kary",Normal/Others,PUSHPENDRA SAROJ,KAUSHAMBI,Uttar Pradesh,Lok Sabha,73926.0,2026-07-25T00:00:00.000Z,True,,KAUSHAMBI(DISTRICT MAGISTRAE KAUSHAMBI_IDA)
254893,Construction of 300 feet PCC road from Teen Muhan to Jinjoi river in village Hisra Barwadih Tola Nanhi Jharia,Normal/Others,Vishnu Dayal Ram,PALAMU,Jharkhand,Lok Sabha,449415.0,2026-07-25T00:00:00.000Z,True,,PALAMU(DEPUTY COMMISSIONER PALAMAU_IDA)
266416,Providing Mini High Mast with Glow sign board near South Sankrail new Masjid of South Sankrail GP under A.C -174 in MPLAD,Normal/Others,Prasun Banerjee,HOWRAH,West Bengal,Lok Sabha,149486.0,2026-07-25T00:00:00.000Z,True,,HOWRAH(DISTRICT MAGISTRATE HOWRAH_IDA)
155424,Jhallar Pasi S/o Ram Vishal Pasi  R/o  Banthri Newada Kaushambi ke Ghar ke Samne Hundpump ka kary,Normal/Others,PUSHPENDRA SAROJ,KAUSHAMBI,Uttar Pradesh,Lok Sabha,73926.0,2026-07-25T00:00:00.000Z,True,,KAUSHAMBI(DISTRICT MAGISTRAE KAUSHAMBI_IDA)
171208,Providing 8 Meter LED Mini Mast Light at Grama Koottayma Junction in Chirakkadavu Grama Panchayat. (Ward-19),Normal/Others,Anto Antony,PATHANAMTHITTA,Kerala,Lok Sabha,217652.0,2026-07-27T00:00:00.000Z,True,,KOTTAYAM(DISTRICT COLLECTOR KOTTAYAM_IDA)
186289,construction of maddrassappadi  Mullancheri Road,Normal/Others,DR. M.P ABDUSSAMAD SAMADANI,PONNANI,Kerala,Lok Sabha,172257.0,2026-07-27T00:00:00.000Z,True,,MALAPPURAM(DISTRICT COLLECTOR MALAPPURAM_IDA)
234811,"Construction of mitti moram road from pakkikaran road to Pipratanr samshan ghat, Village - pipratanr, Panchayat - Loharshi",Normal/Others,KALI CHARAN SINGH,CHATRA,Jharkhand,Lok Sabha,249992.0,2026-07-27T00:00:00.000Z,True,,PALAMU(DEPUTY COMMISSIONER PALAMAU_IDA)
243915,"Construction of P.C.C. Road from House of Bikesh Upadhyay to House of Brijdeo Lal in village-Basdiha, Panchait-Dandar Kalan, Block-panki",Normal/Others,KALI CHARAN SINGH,CHATRA,Jharkhand,Lok Sabha,250000.0,2026-07-27T00:00:00.000Z,True,,PALAMU(DEPUTY COMMISSIONER PALAMAU_IDA)
167003,Security Gate for public place for safety purpose,Normal/Others,SHER SINGH GHUBAYA,FIROZPUR,Punjab,Lok Sabha,979006.0,2026-07-28T00:00:00.000Z,True,,FEROZEPUR(DEPUTY COMMISSIONER FIROZEPUR_IDA)
161870,Installation of high mask lights in the public square of Doogolivillage,Normal/Others,AMRARAM,SIKAR,Rajasthan,Lok Sabha,493533.0,2026-07-28T00:00:00.000Z,True,,SIKAR(DISTRICT COLLECTOR SIKAR_IDA)
266980,Providing Mini High Mast at Kolorah Mansatala Kolorah II GP under A.C -174 in MPLAD,Normal/Others,Prasun Banerjee,HOWRAH,West Bengal,Lok Sabha,149830.0,2026-07-28T00:00:00.000Z,True,,HOWRAH(DISTRICT MAGISTRATE HOWRAH_IDA)
155530,"Set up a Solar water system at chausa gram under udaypur gp jl no.170 dag no.389,khatian no.576",Normal/Others,Dr Sukanta Majumdar ,BALURGHAT,West Bengal,Lok Sabha,299542.0,2026-07-28T00:00:00.000Z,True,,Dakshin Dinajpur(DISTRICT MAGISTRATE DINAJPUR DAKSHIN_IDA)
206119,SAGAR GOSAI BLOCK NN ME VIJAY GIRI KE KHET SE RAMDARAS PASWAN KE KHET TAK KHADANJA NIRMAN KARRY,Normal/Others,Vijay Kumar Dubey,KUSHI NAGAR,Uttar Pradesh,Lok Sabha,696644.0,2026-07-28T00:00:00.000Z,True,,Kushinagar(DISTRICT MAGISTRATE KUSHINAGAR PADRAUNA_IDA)
204795,LAXMIPUR ME LALCHAND SHUKLA KE GHAR SE RAMSAWARUP SHUKLA KE GHAR TAK INTERLOKING KARRY,Normal/Others,Vijay Kumar Dubey,KUSHI NAGAR,Uttar Pradesh,Lok Sabha,697707.0,2026-07-28T00:00:00.000Z,True,,Kushinagar(DISTRICT MAGISTRATE KUSHINAGAR PADRAUNA_IDA)
241306,Interlocking work from main road to Jawahar Binds Chak in Gram Sabha Saraiya Block Arazilines. Length 120.00 m,Normal/Others,Shri Narendra Modi,VARANASI,Uttar Pradesh,Lok Sabha,482598.0,2026-07-28T00:00:00.000Z,True,,VARANASI(DISTRICT MAGISTRAE VARANASI_IDA)
182656,Providing and Installation of children play equipment at park police colony in Keshav puram,Normal/Others,Praveen Khandelwal,CHANDINI CHOWK,Delhi,Lok Sabha,238647.0,2026-07-29T00:00:00.000Z,True,,NORTH(COMMISSIONER MCD NORTH_IDA)
240620,Vikas Khand Lakshmanpur ke gram Sariyapur me Lalta Gupta ke ghar se Surendra Singh ke ghar se aage basti tak Interlocking road.,Normal/Others,DR. S P SINGH,PRATAPGARH,Uttar Pradesh,Lok Sabha,307801.0,2026-07-29T00:00:00.000Z,True,,PRATAPGARH(DISTRICT MAGISTRAE PRATAPGARH_IDA)
140161,"Installation of Solar LED Light with Pole (Lights 24Watt x 2, Pole 7mtr. Octagonal with Manual Ladder, Battery 12.8V,30A H Lithium ferro, Module 150Wp Solar Panel) Total 4 Nos. X 65000/ each",Normal/Others,Saumitra khan ,BISHNUPUR,West Bengal,Lok Sabha,259864.0,2026-07-29T00:00:00.000Z,True,,BANKURA(DISTRICT MAGISTRATE BANKURA_IDA)
204313,Installation of Solar Street Light,Normal/Others,Saumitra khan ,BISHNUPUR,West Bengal,Lok Sabha,896799.0,2026-07-29T00:00:00.000Z,True,,BANKURA(DISTRICT MAGISTRATE BANKURA_IDA)
259852,Installation work of 6th phase semi-high mast lights in Bankeganj Development Block at 15 different locations as per the attached list.,Normal/Others,UTKARSH VERMA MADHUR,KHERI,Uttar Pradesh,Lok Sabha,2354387.0,2026-07-29T00:00:00.000Z,True,,KHERI(DISTRICT MAGISTRAE KHERI_IDA)
199206,Supply and Installation of 3 Sets of Arch Swing Childrens Play Equipment in LIG East Patel Nagar,Repair and Renovation,Shri Narain Dass Gupta (2024-30),Sitting Rajya Sabha,Delhi,Rajya Sabha,159922.0,2026-07-29T00:00:00.000Z,True,,CENTRAL(COMMISSIONER MCD (CENTRAL DISTRICT))
199207,Supply and Installation of 3 Sets of Arch Swing Childrens Play Equipment in New MIG East Patel Nagar,Repair and Renovation,Shri Narain Dass Gupta (2024-30),Sitting Rajya Sabha,Delhi,Rajya Sabha,159922.0,2026-07-29T00:00:00.000Z,True,,CENTRAL(COMMISSIONER MCD (CENTRAL DISTRICT))
171568,ashad khan ke makan ke pas,Normal/Others,BABU SINGH KUSHWAHA,JAUNPUR,Uttar Pradesh,Lok Sabha,19992.0,2026-07-29T00:00:00.000Z,True,,JAUNPUR(DISTRICT MAGISTRATE JAUNPUR_IDA)
147649,primary school se ramdev ghar tak 300 metre c.c.road nirman karya,Normal/Others,MAHESH KASHYAP,BASTAR,Chhattisgarh,Lok Sabha,898745.0,2026-07-29T00:00:00.000Z,True,,KONDAGAON(DISTRICT COLLECTOR KONDAGAON_IDA)
243978,Construction of CC Block in Village- Baliya from main road toward vyapariyo ki dhani via GLR,Normal/Others,Shri Hanuman Beniwal,NAGAUR,Rajasthan,Lok Sabha,799241.0,2026-07-29T00:00:00.000Z,True,,Didwana-Kuchaman(DISTRICT COLLECTOR Didwana Kuchaman_IDA)
199532,Supply and Installation of Open Gym Equipment at Park B157 Raghubir Nagar 25 Gaj West Zone,Normal/Others,Kamaljeet Sehrawat,WEST DELHI,Delhi,Lok Sabha,244586.0,2026-07-29T00:00:00.000Z,True,,SOUTH WEST(COMMISSIONER MCD SOUTH WEST)
204487,Supply and Installation of Open Gym Equipment,Normal/Others,Harsh Malhotra,EAST DELHI,Delhi,Lok Sabha,203406.0,2026-07-29T00:00:00.000Z,True,,EAST(COMMISSIONER EAST)
178706,"Purchase of Laptops for Govt Model HSS for Boys Chalai, Chalai Ward, Tvpm Corporation",Normal/Others,Dr Shashi Tharoor,THIRUVANANTHAPURAM,Kerala,Lok Sabha,493898.0,2026-07-29T00:00:00.000Z,True,,THIRUVANANTHAPURAM(DISTRICT COLLECTOR THIRUVANANTHAPURAM_IDA)
138305,Construction of New Hostel Building and infrastructure development of Morchi Golapnath S.C. High School (H.S.).,Normal/Others,KALIPADA SAREN,JHARGRAM,West Bengal,Lok Sabha,2911701.0,2026-07-30T00:00:00.000Z,True,,Jhargram(DISTRICT MAGISTRATE JHARGRAM_IDA)
241037,Sikraul Chowka resetting work from Umanath MNo SH 192 Bhim Nagar to Manoj Kumar MNo SH 1910 Length 45 m,Normal/Others,Shri Narendra Modi,VARANASI,Uttar Pradesh,Lok Sabha,103604.0,2026-07-30T00:00:00.000Z,True,,VARANASI(DISTRICT MAGISTRAE VARANASI_IDA)
236310,Install 2 set of solar street lights,Normal/Others,ADV GOWAAL KAGADA PADAVI,NANDURBAR,Maharashtra,Lok Sabha,169530.0,2026-07-30T00:00:00.000Z,True,,DHULE(DISTRICT COLLECTOR DHULE_IDA)
238528,"Constructions of Sewer in Village-Gangahar, Panchayat-Atiya from the house of Shri Jai Ram Manjhi to the house of Shri Surendra Manjhi, District Gaya",Normal/Others,JITAN RAM MANJHI,GAYA,Bihar,Lok Sabha,793099.0,2026-07-30T00:00:00.000Z,True,,GAYA(DISTRICT PLANNING OFFICER GAYA_IDA)
238293,"Installation of Hand pump at common place near the house of Teto Munda in Village-Lalkimati (Aadiwasi Tola), Block-Fatehpur, Gaya",Normal/Others,JITAN RAM MANJHI,GAYA,Bihar,Lok Sabha,74654.0,2026-07-30T00:00:00.000Z,True,,GAYA(DISTRICT PLANNING OFFICER GAYA_IDA)
192414,"Construction of a concrete road from the house of Tapan Samanta to the house of Nitai Maity, Mouza- Ichhabari, J.L. No. 66, Plot No. 472 to 565 under Raghunathpur-I G.P.",Normal/Others,ABHIJIT GANGOPADHYAY,TAMLUK,West Bengal,Lok Sabha,262346.0,2026-07-30T00:00:00.000Z,True,,Purba Medinipur(DISTRICT MAGISTRATE PURBA MEDINIPUR_IDA)
232819,Grewal Sadak Nirman Karya from Sheeshram Dudi House to Nathuram in Gram Bagariyon ki Dhani,Normal/Others,Shri Ghanshyam Tiwari (2022-28),Sitting Rajya Sabha,Rajasthan,Rajya Sabha,397911.0,2026-07-30T00:00:00.000Z,True,,SIKAR(DISTRICT COLLECTOR SIKAR_IDA)
192835,Disrict Amethi block amethi village madaripur himmatgarh for resolution of low voltage work in electricity. increase of electricity supply.,Normal/Others,Shri Sanjay Seth (2024-30),Sitting Rajya Sabha,Uttar Pradesh,Rajya Sabha,482795.0,2026-07-30T00:00:00.000Z,True,,Amethi(DISTRICT MAGISTRAE AMETHI_IDA)
238297,"Installation of Hand pump at common place near the house of Sakaldev Manjhi in Village-Vas Katwa (Mahadalit Tola), Block-Fatehpur, Gaya",Normal/Others,JITAN RAM MANJHI,GAYA,Bihar,Lok Sabha,74654.0,2026-07-30T00:00:00.000Z,True,,GAYA(DISTRICT PLANNING OFFICER GAYA_IDA)
236296,Install 2 set of solar street lights,Normal/Others,ADV GOWAAL KAGADA PADAVI,NANDURBAR,Maharashtra,Lok Sabha,169530.0,2026-07-30T00:00:00.000Z,True,,DHULE(DISTRICT COLLECTOR DHULE_IDA)
236275,Install 2 set of Street lights,Normal/Others,ADV GOWAAL KAGADA PADAVI,NANDURBAR,Maharashtra,Lok Sabha,169530.0,2026-07-30T00:00:00.000Z,True,,DHULE(DISTRICT COLLECTOR DHULE_IDA)
249388,ilav gaame main roadthi girires kiritnaa ghar taraf block peving nu kaam,Normal/Others,Mansukhbhai Dhanjibhai Vasava,BHARUCH,Gujarat,Lok Sabha,100000.0,2026-07-30T00:00:00.000Z,True,,BHARUCH(DISTRICT COLLECTOR BROACH_IDA)
220406,"Installation of Solar High Mast Light at Bakka Kali Mandir, Sahapur 2 GP",Normal/Others,KARTICK CHANDRA PAUL,RAIGANJ,West Bengal,Lok Sabha,249315.0,2026-07-30T00:00:00.000Z,True,,Uttar Dinajpur(DISTRICT MAGISTRATE UTTAR DINAJPUR_IDA)
236272,Install 2 set of Street lights,Normal/Others,ADV GOWAAL KAGADA PADAVI,NANDURBAR,Maharashtra,Lok Sabha,169530.0,2026-07-30T00:00:00.000Z,True,,DHULE(DISTRICT COLLECTOR DHULE_IDA)
186926,Umair Khan ke makan ke pas,Normal/Others,BABU SINGH KUSHWAHA,JAUNPUR,Uttar Pradesh,Lok Sabha,19992.0,2026-07-30T00:00:00.000Z,True,,JAUNPUR(DISTRICT MAGISTRATE JAUNPUR_IDA)
184240,Durga Prasad Yadav ke makan ke pas,Normal/Others,BABU SINGH KUSHWAHA,JAUNPUR,Uttar Pradesh,Lok Sabha,19992.0,2026-07-30T00:00:00.000Z,True,,JAUNPUR(DISTRICT MAGISTRATE JAUNPUR_IDA)
171724,doodhnath maurya ke makan ke pas,Normal/Others,BABU SINGH KUSHWAHA,JAUNPUR,Uttar Pradesh,Lok Sabha,19992.0,2026-07-30T00:00:00.000Z,True,,JAUNPUR(DISTRICT MAGISTRATE JAUNPUR_IDA)
236257,Install 2 set of Street lights,Normal/Others,ADV GOWAAL KAGADA PADAVI,NANDURBAR,Maharashtra,Lok Sabha,169530.0,2026-07-30T00:00:00.000Z,True,,DHULE(DISTRICT COLLECTOR DHULE_IDA)
171667,lakshami gautam ke makan ke pass,Normal/Others,BABU SINGH KUSHWAHA,JAUNPUR,Uttar Pradesh,Lok Sabha,19992.0,2026-07-30T00:00:00.000Z,True,,JAUNPUR(DISTRICT MAGISTRATE JAUNPUR_IDA)
236243,Install 2 set of Street lights,Normal/Others,ADV GOWAAL KAGADA PADAVI,NANDURBAR,Maharashtra,Lok Sabha,169530.0,2026-07-30T00:00:00.000Z,True,,DHULE(DISTRICT COLLECTOR DHULE_IDA)
223109,"Installation of High Mast Solar light at Bhabanipur mouja, Rasakhowa 1 GP",Normal/Others,KARTICK CHANDRA PAUL,RAIGANJ,West Bengal,Lok Sabha,249315.0,2026-07-30T00:00:00.000Z,True,,Uttar Dinajpur(DISTRICT MAGISTRATE UTTAR DINAJPUR_IDA)
220415,"Installation of Solar High Mast Light at Ramkrishnapur Bazar, Nizampur GP",Normal/Others,KARTICK CHANDRA PAUL,RAIGANJ,West Bengal,Lok Sabha,249315.0,2026-07-30T00:00:00.000Z,True,,Uttar Dinajpur(DISTRICT MAGISTRATE UTTAR DINAJPUR_IDA)
228859,Cc interlocking kharanja construction work with drain from 42 foot road towards pakharia house in village senthra,Normal/Others,SANJNA JATAV,BHARATPUR,Rajasthan,Lok Sabha,598857.0,2026-07-31T00:00:00.000Z,True,,BHARATPUR(DISTRICT COLLECTOR BHARATPUR_IDA)
227588,Construction of Waiting shed at Basapara Bus Stand .Executing Agency will be Nanoor Panchayet Samity.,Normal/Others,Asit Kumar Mal ,BOLPUR,West Bengal,Lok Sabha,1077575.0,2026-07-31T00:00:00.000Z,True,,BIRBHUM(DISTRICT MAGISTRATE BIRBHUM_IDA)
170530,heeralal vishwakarma ke ghar ke pass,Normal/Others,BABU SINGH KUSHWAHA,JAUNPUR,Uttar Pradesh,Lok Sabha,19989.0,2026-07-31T00:00:00.000Z,True,,JAUNPUR(DISTRICT MAGISTRATE JAUNPUR_IDA)
170635,rankat yadav ke makan ke pass,Normal/Others,BABU SINGH KUSHWAHA,JAUNPUR,Uttar Pradesh,Lok Sabha,19989.0,2026-07-31T00:00:00.000Z,True,,JAUNPUR(DISTRICT MAGISTRATE JAUNPUR_IDA)
211173,Mosquito net installation male and female ward at Karimpur Rural Hospital.,Normal/Others,Ms Mahua Moitra,KRISHNANAGAR,West Bengal,Lok Sabha,99713.0,2026-07-31T00:00:00.000Z,True,,NADIA(DISTRICT MAGISTRATE NADIA_IDA)
228934,"Supply and installation of open gym equipment at park near G-77, G Block in ward no. 175 Kalkaji Central Zone",Normal/Others,Ramvir Singh Bidhuri,SOUTH DELHI,Delhi,Lok Sabha,239036.0,2026-07-31T00:00:00.000Z,True,,SOUTH(COMMISSIONER SOUTH)
220356,"Installation of Solar High Mast Light at Infront of Maharaja temple, Lodhan GP",Normal/Others,KARTICK CHANDRA PAUL,RAIGANJ,West Bengal,Lok Sabha,249315.0,2026-07-31T00:00:00.000Z,True,,Uttar Dinajpur(DISTRICT MAGISTRATE UTTAR DINAJPUR_IDA)
170618,ravikesh yadav ke ghar ke pass,Normal/Others,BABU SINGH KUSHWAHA,JAUNPUR,Uttar Pradesh,Lok Sabha,19989.0,2026-07-31T00:00:00.000Z,True,,JAUNPUR(DISTRICT MAGISTRATE JAUNPUR_IDA)
173402,HIGH MAST LIGHT,Normal/Others,Shri Deepak (Dev) Adhikari ,GHATAL,West Bengal,Lok Sabha,345613.0,2026-08-04T00:00:00.000Z,True,,Paschim Medinipur(DISTRICT MAGISTRATE PASCHIM MEDINIPUR_IDA)
173398,HIGH MAST LIGHT,Normal/Others,Shri Deepak (Dev) Adhikari ,GHATAL,West Bengal,Lok Sabha,347384.0,2026-08-04T00:00:00.000Z,True,,Paschim Medinipur(DISTRICT MAGISTRATE PASCHIM MEDINIPUR_IDA)
233128,Vadadala game Paroti Vistar tatha Vadushiya Faliya Virsad Road pase Block Paving nu Kam,Normal/Others,Mitesh Rameshbhai Bakabhai Patel,ANAND,Gujarat,Lok Sabha,50000.0,2026-08-05T00:00:00.000Z,True,,ANAND(District Collector ANAND_IDA)
152968,Repair of RH Machine No B3910 at Karimpur Rural Hospital Under Karimpur-1 Block.,Repair and Renovation,Ms Mahua Moitra,KRISHNANAGAR,West Bengal,Lok Sabha,561629.0,2026-08-05T00:00:00.000Z,True,,NADIA(DISTRICT MAGISTRATE NADIA_IDA)
264020,"Tarvariya Area, Paver Block work from Mohanbhai house towards chimanbhai Ravjibhai house",Normal/Others,Devusinh Jesingbhai Chauhan,KHEDA,Gujarat,Lok Sabha,250000.0,2026-08-05T00:00:00.000Z,True,,KHEDA(DISTRICT COLLECTOR KHEDA_IDA)
231522,Sansej game Khodiyar Mata na Mandir thi Nagarevana Chella vada vistar sudhi C.C. Road nu kam,Normal/Others,Mitesh Rameshbhai Bakabhai Patel,ANAND,Gujarat,Lok Sabha,100000.0,2026-08-05T00:00:00.000Z,True,,ANAND(District Collector ANAND_IDA)
210887,"Construction of P.C.C Cover Drain and P.C.C Road,  From Samim house to words Gajal house and hamim Sk house, J.L - 138, Plot - 6169 to 6161. G.P - Margram  - II , Rampurhat - II Block, Executive Agency - Prodhan Margram - II G.P",Normal/Others,Smt Satabdi Roy (Banerjee),BIRBHUM,West Bengal,Lok Sabha,249653.0,2026-08-05T00:00:00.000Z,True,,BIRBHUM(DISTRICT MAGISTRATE BIRBHUM_IDA)
222070,Biharsharif block ke ward no. 47 nagar nigam sathopur ekangarsarai bihar sampark path se vilash mahto ke makan se Dr. Jagdish babu ke ghar se aage Raju saw ke ghar tak pcc dhalai.,Normal/Others,Kaushalendra Kumar,NALANDA,Bihar,Lok Sabha,494973.0,2026-08-05T00:00:00.000Z,True,,NALANDA(DISTRICT PLANNING OFFICER NALANDA_IDA)
188862,Crematorium with Solar light at Dakra under Chakvrigu Gram Panchyat.,Normal/Others,Dr Sukanta Majumdar ,BALURGHAT,West Bengal,Lok Sabha,749052.0,2026-08-05T00:00:00.000Z,True,,Dakshin Dinajpur(DISTRICT MAGISTRATE DINAJPUR DAKSHIN_IDA)
181865,"Construction of a concrete road from Deulpota Bus Stand to the house of Debprasad Sahoo, Mouza- Deulpota, J.L. No. 45, Plot No. 836 to 844 under Deulpota G.P., Haldia, Purba Medinipur",Normal/Others,ABHIJIT GANGOPADHYAY,TAMLUK,West Bengal,Lok Sabha,349015.0,2026-08-05T00:00:00.000Z,True,,Purba Medinipur(DISTRICT MAGISTRATE PURBA MEDINIPUR_IDA)
220742,"Installation of Solar High Mast Light at Rahapara Rabindrapally, Maraikura GP",Normal/Others,KARTICK CHANDRA PAUL,RAIGANJ,West Bengal,Lok Sabha,249315.0,2026-08-06T00:00:00.000Z,True,,Uttar Dinajpur(DISTRICT MAGISTRATE UTTAR DINAJPUR_IDA)
264019,"Dajipura Area, Paver Block work towards Jayeshbhai House",Normal/Others,Devusinh Jesingbhai Chauhan,KHEDA,Gujarat,Lok Sabha,100000.0,2026-08-06T00:00:00.000Z,True,,KHEDA(DISTRICT COLLECTOR KHEDA_IDA)
145465,Gram-Dubauli me Kamla ke ghar se Chedi Yadav ke ghar tak 85 mtr. CC Road ka nirmaan,Normal/Others,SHASHANK MANI,DEORIA,Uttar Pradesh,Lok Sabha,620027.0,2026-08-06T00:00:00.000Z,True,,DEORIA(DISTRICT MAGISTRATE DEORIA)
161187,Renovation of Thenkara Punchakkode -Melamuri Road in Thenkara Grama Panchayath.,Repair and Renovation,Vellalath Kochukrishnan Nair Sreekandan,PALAKKAD,Kerala,Lok Sabha,914967.0,2026-08-06T00:00:00.000Z,True,,PALAKKAD(DISTRICT COLLECTOR PALAKKAD_IDA)
232294,Shri Jaga Bhata Mukti Dham me Pratikshalay nirman kary Vill- Sathoor GP-Sathoor PS -Hindoli,Normal/Others,DAMODAR AGARWAL,BHILWARA,Rajasthan,Lok Sabha,495109.0,2026-08-06T00:00:00.000Z,True,,BUNDI(DISTRICT COLLECTOR BUNDI_IDA)
228955,Installation of Electric High Mast Light at Sarada Shishu Tirtha (2Nos),Normal/Others,KARTICK CHANDRA PAUL,RAIGANJ,West Bengal,Lok Sabha,279290.0,2026-08-06T00:00:00.000Z,True,,Uttar Dinajpur(DISTRICT MAGISTRATE UTTAR DINAJPUR_IDA)
230979,Construction of paver block path from the well of former district council member to the main gate of PCC road in village Pokhariya of Panchayat Ballia under Birni block.,Normal/Others,Annpurna Devi ,KODARMA,Jharkhand,Lok Sabha,247327.0,2026-08-06T00:00:00.000Z,True,,GIRIDIH(Deputy Commissioner Giridh_IDA)
141940,"Setting Up Solar Roof Top System at Government Primary School Malsamot, Samot, Taluka Dediapada, Distt. Narmada",Normal/Others,Shri S. Jaishankar (2023-29),Sitting Rajya Sabha,Gujarat,Rajya Sabha,184925.0,2026-08-06T00:00:00.000Z,True,,NARMADA(DISTRICT COLLECTOR NARMADA_IDA)
220245,"Installation of Solar High Mast Light at Bhatol More, Bindole GP",Normal/Others,KARTICK CHANDRA PAUL,RAIGANJ,West Bengal,Lok Sabha,249315.0,2026-08-06T00:00:00.000Z,True,,Uttar Dinajpur(DISTRICT MAGISTRATE UTTAR DINAJPUR_IDA)
257567,Setting up of Solar Mini Mast light at ward -14 of Perumpadappu GP Ayroor Centre,Normal/Others,Shri P. P. Suneer (2024-30),Sitting Rajya Sabha,Kerala,Rajya Sabha,293975.0,2026-08-06T00:00:00.000Z,True,,MALAPPURAM(DISTRICT COLLECTOR MALAPPURAM_IDA)
217658,Chandi block ke panchayat Amraura ke gram murla bigha me Bachhu prasad ke paschim darwaja se hote hue Rajnandan ji ke ghar hote hue Sanjiv ji ke ghar tak pcc dhalai.,Normal/Others,Kaushalendra Kumar,NALANDA,Bihar,Lok Sabha,399078.0,2026-08-06T00:00:00.000Z,True,,NALANDA(DISTRICT PLANNING OFFICER NALANDA_IDA)
144953,"Construction of P.C.C road at Vill- karamchi, Jahangir sk house to Mirajul house, Dag - 80- 81,J.L  -147, G.P  -Kushmor - II, Murarai - II,",Normal/Others,Smt Satabdi Roy (Banerjee),BIRBHUM,West Bengal,Lok Sabha,474443.0,2026-08-06T00:00:00.000Z,True,,BIRBHUM(DISTRICT MAGISTRATE BIRBHUM_IDA)
222034,Hilsa block ke Redi panchayat me sipara balwapar me Raju garai ke ghar se devi sthan tak pevar block nirman.,Normal/Others,Kaushalendra Kumar,NALANDA,Bihar,Lok Sabha,399259.0,2026-08-06T00:00:00.000Z,True,,NALANDA(DISTRICT PLANNING OFFICER NALANDA_IDA)
145464,"Ward no.3 Mehda purva me Ajeet Verma ke makaan se Dinesh Ji, evam Ramjanak ke ghar tak 137 mtr. CC road ka nirmaan",Normal/Others,SHASHANK MANI,DEORIA,Uttar Pradesh,Lok Sabha,897306.0,2026-08-06T00:00:00.000Z,True,,DEORIA(DISTRICT MAGISTRATE DEORIA)
186114,installation of minimast light at Srayil Kadavu priyadarshini colony,Normal/Others,DR. M.P ABDUSSAMAD SAMADANI,PONNANI,Kerala,Lok Sabha,150000.0,2026-08-06T00:00:00.000Z,True,,MALAPPURAM(DISTRICT COLLECTOR MALAPPURAM_IDA)
220185,"Installation of Solar High Mast Light at Lakhsmipur Tower More, Anantapur GP",Normal/Others,KARTICK CHANDRA PAUL,RAIGANJ,West Bengal,Lok Sabha,249315.0,2026-08-07T00:00:00.000Z,True,,Uttar Dinajpur(DISTRICT MAGISTRATE UTTAR DINAJPUR_IDA)
214126,Block paving work near the new school in Shakhpur village.,Normal/Others,BHARATBHAI MANUBHAI SUTARIYA,AMRELI,Gujarat,Lok Sabha,300000.0,2026-08-07T00:00:00.000Z,True,,AMRELI(DISTRICT COLLECTOR AMRELI_IDA)
283144,"Supply  of   School   Lab  Equipments   to  Government High School, Nagar, Marakkanam Block, Villupuram Dist.",Normal/Others,Shri S. Kalyanasundaram (2022-28),Sitting Rajya Sabha,Tamil Nadu,Rajya Sabha,625000.0,2026-08-07T00:00:00.000Z,True,,Viluppuram(DISTRICT COLLECTOR VILLUPURAM_IDA)
189754,Construction of Interlock Tile and Booth side Drain from Village Phirni to Road,Normal/Others,Smt Harsimrat Kaur Badal,BHATINDA,Punjab,Lok Sabha,800000.0,2026-08-09T00:00:00.000Z,True,,MANSA(DEPUTY COMMISSIONER MANSA_IDA)
215778,"Construction of streets  Drains, Sewerage. The Working agency will be Gram Panchayat",Normal/Others,SUKHJINDER SINGH RANDHAWA,GURDASPUR,Punjab,Lok Sabha,250000.0,2026-08-10T00:00:00.000Z,True,,GURDASPUR(DEPUTY COMMISSIONER GURDASPUR_IDA)
160305,Installation of highmust Solar Light infront  munsitola eidgah,Normal/Others,ISHA KHAN CHOUDHURY,MALDAHA DAKSHIN,West Bengal,Lok Sabha,287816.0,2026-08-10T00:00:00.000Z,True,,Malda(DISTRICT MAGISTRATE MALDA_IDA)
216461,Construction of Streets and Drains and Sewerage  The working agency will be gram Panchayat,Normal/Others,SUKHJINDER SINGH RANDHAWA,GURDASPUR,Punjab,Lok Sabha,250000.0,2026-08-10T00:00:00.000Z,True,,GURDASPUR(DEPUTY COMMISSIONER GURDASPUR_IDA)
190885,Installation of Solar Street Light,Normal/Others,Saumitra khan ,BISHNUPUR,West Bengal,Lok Sabha,1206384.0,2026-08-10T00:00:00.000Z,True,,BANKURA(DISTRICT MAGISTRATE BANKURA_IDA)
245704,Mini  Mast  Light near Kaliyamkunnam Railway Palam  Ward  10,Normal/Others,Vellalath Kochukrishnan Nair Sreekandan,PALAKKAD,Kerala,Lok Sabha,194465.0,2026-08-10T00:00:00.000Z,True,,PALAKKAD(DISTRICT COLLECTOR PALAKKAD_IDA)
144852,"Construction of Sarvajanik Manch at Ravan Bhata's Gauri Gaura Sthhal in Gram Panchayat - Banjari, Vikas Khand - Poudi Uproda",Normal/Others,Jyotsna Charandas Mahant ,KORBA,Chhattisgarh,Lok Sabha,400000.0,2026-08-10T00:00:00.000Z,True,,KORBA(Collector-Korba)
287211,Construction of Alsheri-Cholakkal  Road,Normal/Others,Smt. P. T. Usha (2022-28),Nominated Rajya Sabha,Kerala,Rajya Sabha,599385.0,2026-08-10T00:00:00.000Z,True,,MALAPPURAM(DISTRICT COLLECTOR MALAPPURAM_IDA)
153085,Installation of 32 channel CCTV camera system with monitor at Noapara BPHC,Normal/Others,DR. SHARMILA SARKAR,BARDHAMAN PURBA,West Bengal,Lok Sabha,550000.0,2026-08-11T00:00:00.000Z,True,,PURBA BARDHAMAN(DISTRICT MAGISTRATE PURBA BARDHAMAN_IDA)
164185,Construction of threshing floor at Ganapapauram panchayat,Normal/Others,CN Annadurai,TIRUVANNAMALAI,Tamil Nadu,Lok Sabha,199695.0,2026-08-11T00:00:00.000Z,True,,TIRUVANNAMALAI(DISTRICT COLLECTOR TIRUVANNAMALAI_IDA)
229734,Fitting of Sitting 25 RCC Benches in Public Places AT Lakhmipur,Normal/Others,MALVINDER SINGH KANG,ANANDPUR SAHIB,Punjab,Lok Sabha,100000.0,2026-08-12T00:00:00.000Z,True,,RUPNAGAR(DEPUTY COMMISSIONER ROOPNAGAR_IDA)
254319,HIGH MAST LIGHT WITH FOUR LED RECOMMENDED IN MY CONSTITUENCY RAMPUR BY IA UPSIC MORADABAD (VILL. HIRAN KHERA KE QABRISTAN MAI),Normal/Others,MOHIBBULLAH,RAMPUR,Uttar Pradesh,Lok Sabha,174129.0,2026-08-12T00:00:00.000Z,True,,RAMPUR(DISTRICT MAGISTRATE RAMPUR_IDA)
254513,HIGH MAST LIGHT WITH FOUR LED RECOMMENDED IN MY CONSTITUENCY RAMPUR BY IA UPSIC MORADABAD(VILL. Khaud KE QABRISTAN MAI ),Normal/Others,MOHIBBULLAH,RAMPUR,Uttar Pradesh,Lok Sabha,174129.0,2026-08-12T00:00:00.000Z,True,,RAMPUR(DISTRICT MAGISTRATE RAMPUR_IDA)
254321,HIGH MAST LIGHT WITH FOUR LED RECOMMENDED IN MY CONSTITUENCY RAMPUR BY IA UPSIC MORADABAD (VILL. NARAIN NAGLA MAI SATYAPAL SINGH KE GHAR KE PAS CHORAHE PAR),Normal/Others,MOHIBBULLAH,RAMPUR,Uttar Pradesh,Lok Sabha,174129.0,2026-08-12T00:00:00.000Z,True,,RAMPUR(DISTRICT MAGISTRATE RAMPUR_IDA)
254503,HIGH MAST LIGHT WITH FOUR LED RECOMMENDED IN MY CONSTITUENCY RAMPUR BY IA UPSIC MORADABAD(VILL. Bhandpura Ke Qabristan mai ),Normal/Others,MOHIBBULLAH,RAMPUR,Uttar Pradesh,Lok Sabha,174129.0,2026-08-12T00:00:00.000Z,True,,RAMPUR(DISTRICT MAGISTRATE RAMPUR_IDA)
254543,HIGH MAST LIGHT WITH FOUR LED RECOMMENDED IN MY CONSTITUENCY RAMPUR BY IA UPSIC MORADABAD(VILL. Aliganj Benazeer KE QABRISTAN MAI ),Normal/Others,MOHIBBULLAH,RAMPUR,Uttar Pradesh,Lok Sabha,174129.0,2026-08-12T00:00:00.000Z,True,,RAMPUR(DISTRICT MAGISTRATE RAMPUR_IDA)
254531,HIGH MAST LIGHT WITH FOUR LED RECOMMENDED IN MY CONSTITUENCY RAMPUR BY IA UPSIC MORADABAD(VILL. Mandaiyan Shadi KE QABRISTAN MAI ),Normal/Others,MOHIBBULLAH,RAMPUR,Uttar Pradesh,Lok Sabha,174129.0,2026-08-12T00:00:00.000Z,True,,RAMPUR(DISTRICT MAGISTRATE RAMPUR_IDA)
233168,supply of water pump and pipelines for few villages,Normal/Others,SALENG A SANGMA,TURA,Meghalaya,Lok Sabha,200000.0,2026-08-12T00:00:00.000Z,True,,WEST GARO HILLS(DEPUTY COMMISSIONER WEST GARO HILLS_IDA)
249216,"Construction of a concrete road near Shyam chand Jeu Mandir towards Rudreswar Shiv Mandir at Basudevpur Uttar Sansad, Mouza-Basudevpur, J.L.No. 85, Plot No. 423 under Basudevpur G.P.",Normal/Others,ABHIJIT GANGOPADHYAY,TAMLUK,West Bengal,Lok Sabha,399915.0,2026-08-13T00:00:00.000Z,True,,Purba Medinipur(DISTRICT MAGISTRATE PURBA MEDINIPUR_IDA)
135361,Revised: For gravel road construction work from Suro village to Khuiyala Road.,Normal/Others,Shri Pramod Tiwari (2022-28),Sitting Rajya Sabha,Rajasthan,Rajya Sabha,1480769.0,2026-08-13T00:00:00.000Z,True,,JAISALMER(DISTRICT COLLECTOR JAISLAMER_IDA)
160908,"Instalation of high must Light, G.P - Barla, Nalhati - I, Executive Agency - Prodhan Barla G.P",Normal/Others,Smt Satabdi Roy (Banerjee),BIRBHUM,West Bengal,Lok Sabha,299207.0,2026-08-13T00:00:00.000Z,True,,BIRBHUM(DISTRICT MAGISTRATE BIRBHUM_IDA)
181841,Road development works from Srikanthapura to Kasunuhalli in kotekere gp  Gundlupet taluk,Normal/Others,SUNIL BOSE,CHAMARAJANAGAR,Karnataka,Lok Sabha,300000.0,2026-08-13T00:00:00.000Z,True,,Chamarajanagar(DEPUTY COMMISSIONER CHAMARAJNAGAR_IDA)
183375,"Construction of a guard wall near the pond side of Soumen Paik at Kiarana, J.L. No. 224, Plot No. 2473 under Gojina G.P., Moyna, Purba Medinipur",Normal/Others,ABHIJIT GANGOPADHYAY,TAMLUK,West Bengal,Lok Sabha,249552.0,2026-08-13T00:00:00.000Z,True,,Purba Medinipur(DISTRICT MAGISTRATE PURBA MEDINIPUR_IDA)
199888,CC road construction,Normal/Others,JYOTIRADITYA M. SCINDIA,GUNA,Madhya Pradesh,Lok Sabha,997937.0,2026-08-14T00:00:00.000Z,True,,SHIVPURI(District Collector Shivpuri_IDA)
157955,construction of footpath earth work at different places,Normal/Others,SALENG A SANGMA,TURA,Meghalaya,Lok Sabha,150000.0,2026-08-14T00:00:00.000Z,True,,WEST GARO HILLS(DEPUTY COMMISSIONER WEST GARO HILLS_IDA)
282003,Installation of deep bore near Omkar Dubey farm in village Bariganwan,Normal/Others,Vishnu Dayal Ram,PALAMU,Jharkhand,Lok Sabha,299382.0,2026-08-14T00:00:00.000Z,True,,PALAMU(DEPUTY COMMISSIONER PALAMAU_IDA)
197609,"Concreting  Kottam-chathampadam  Road, Neendor Gramapanchayat, ward-06",Repair and Renovation,ADV K FRANCIS GEORGE,KOTTAYAM,Kerala,Lok Sabha,147568.0,2026-08-14T00:00:00.000Z,True,,KOTTAYAM(DISTRICT COLLECTOR KOTTAYAM_IDA)
241132,Interlocking work from Akhilesh Upadhyay house to Ranjan Singh house in Sirgovardhanpur Ward No 23 Bajrangnagar Colony Length 71 m,Normal/Others,Shri Narendra Modi,VARANASI,Uttar Pradesh,Lok Sabha,797444.0,2026-08-14T00:00:00.000Z,True,,VARANASI(DISTRICT MAGISTRAE VARANASI_IDA)
227231,Construction of RCC bus-stops Village Bhagwanpura Block Sherpur,Normal/Others,GURMEET SINGH MEET HAYER,SANGRUR,Punjab,Lok Sabha,249917.0,2026-08-14T00:00:00.000Z,True,,SANGRUR(DEPUTY COMMISSIONER SANGRUR_IDA)
200339,"Construction of a concrete road from the house of Rabindra Manna to Palli Unnayan Sangha at Brindabanchak, J.L. No. 041, Plot No. 4536 to 4802 under Brindabanchak G.P.",Normal/Others,ABHIJIT GANGOPADHYAY,TAMLUK,West Bengal,Lok Sabha,499480.0,2026-08-14T00:00:00.000Z,True,,Purba Medinipur(DISTRICT MAGISTRATE PURBA MEDINIPUR_IDA)
245145,"Construction of CC Road and drainage system with its cover In Nagar Palika Parshad Balliia, Anand Nagar Ward No 13, from Seetaram Singh House to Brij Mohan Dubey House through Maya Tiwari House - 240 Meter",Normal/Others,SANATAN PANDEY,BALLIA,Uttar Pradesh,Lok Sabha,1648133.0,2026-08-15T00:00:00.000Z,True,,BALLIA(DISTRICT MAGISTRAE BALLIA_IDA)
248414,Provision of lighting arrangement,Normal/Others,Bansuri Swaraj,NEW DELHI,Delhi,Lok Sabha,346212.0,2026-08-17T00:00:00.000Z,True,,SOUTH(COMMISSIONER SOUTH)
209150,RCC Road Construction,Normal/Others,Smt. Darshana Singh (2022-28),Sitting Rajya Sabha,Uttar Pradesh,Rajya Sabha,466572.0,2026-08-17T00:00:00.000Z,True,,VARANASI(DISTRICT MAGISTRAE VARANASI_IDA)
228425,Construction of Concrete Paver Block Road in Thalaiyuthu Amman Kovil Street to Sudalai Kovil Street in Manur panchayat Union.,Normal/Others,ROBERT BRUCE C,TIRUNELVELI,Tamil Nadu,Lok Sabha,1226411.0,2026-08-17T00:00:00.000Z,True,,TIRUNELVELI(DISTRICT COLLECTOR TIRUNELVELI_IDA)
174709,"Installation of Solar light4 Nos aSahabanchak paschimpara kbarsthan, golabari, purbapara kabarsthan ,borbaddha new kabar sthan , new sikasthi kabarsthan , sahabancchak g.p kaliachak-iii block ,malda",Normal/Others,ISHA KHAN CHOUDHURY,MALDAHA DAKSHIN,West Bengal,Lok Sabha,397967.0,2026-08-17T00:00:00.000Z,True,,Malda(DISTRICT MAGISTRATE MALDA_IDA)
248273,Mini Mast Light at Kizhakkumpuram Cheriyaniskara Palli  Ward 6 in Mannur Grama Panchayath,Normal/Others,Vellalath Kochukrishnan Nair Sreekandan,PALAKKAD,Kerala,Lok Sabha,187106.0,2026-08-17T00:00:00.000Z,True,,PALAKKAD(DISTRICT COLLECTOR PALAKKAD_IDA)
234782,For construction of public community and toilets in Gram Panchayat Gajewala (Chak Abadi 25).,Normal/Others,Shri Pramod Tiwari (2022-28),Sitting Rajya Sabha,Rajasthan,Rajya Sabha,800000.0,2026-08-17T00:00:00.000Z,True,,BIKANER(DISTRICT COLLECTOR BIKANER_IDA)
216816,TO EOPS GHALL KHURD TO INSTALL SOLAR LIGHTS FROM CHHABILA MANDIR SATIE WALA TO VILLAGE BAZIDPUR GURDAWARA ROAD,Normal/Others,SHER SINGH GHUBAYA,FIROZPUR,Punjab,Lok Sabha,1000000.0,2026-08-18T00:00:00.000Z,True,,FEROZEPUR(DEPUTY COMMISSIONER FIROZEPUR_IDA)
222325,Installation of 36 (thirty six) nos. single arm 18 watt LED Based solar light at different place of Belatikri GP in Lalgarh Panchayat Samity of Jhargram district.,Normal/Others,KALIPADA SAREN,JHARGRAM,West Bengal,Lok Sabha,1224850.0,2026-08-18T00:00:00.000Z,True,,Jhargram(DISTRICT MAGISTRATE JHARGRAM_IDA)
229103,Installation of RO System at Govt. High School Bandi Wala,Normal/Others,SHER SINGH GHUBAYA,FIROZPUR,Punjab,Lok Sabha,232697.0,2026-08-18T00:00:00.000Z,True,,FAZILKA(DEPUTY COMMISSIONER FAZILKA_IDA)
233565,Isnav game mahakali mandir na chok vistarma (Trambovad road par ) block paving nu kam,Normal/Others,Mitesh Rameshbhai Bakabhai Patel,ANAND,Gujarat,Lok Sabha,99932.0,2026-08-18T00:00:00.000Z,True,,ANAND(District Collector ANAND_IDA)
265891,Supply  Installation High Mast near Majhu Khetra Baroari Math at  Islampur GP  under AC 175 in MPLAD,Normal/Others,Prasun Banerjee,HOWRAH,West Bengal,Lok Sabha,150000.0,2026-08-19T00:00:00.000Z,True,,HOWRAH(DISTRICT MAGISTRATE HOWRAH_IDA)
265938,Supply Installation High Mast near Islampur Adorsho Balika Bidyalay at Islampur GP under AC 175 in MPLAD,Normal/Others,Prasun Banerjee,HOWRAH,West Bengal,Lok Sabha,150000.0,2026-08-19T00:00:00.000Z,True,,HOWRAH(DISTRICT MAGISTRATE HOWRAH_IDA)
202355,Construction of a multi-purpose waiting room in Mela Ulur Panchayat,Normal/Others,MURASOLI S,THANJAVUR,Tamil Nadu,Lok Sabha,4221324.0,2026-08-19T00:00:00.000Z,True,,THANJAVUR(DISTRICT COLLECTOR THANJAVUR_IDA)
197514,Vishnubhai Padhiyar Na Vistarma Jetpump,Normal/Others,Mitesh Rameshbhai Bakabhai Patel,ANAND,Gujarat,Lok Sabha,123239.0,2026-08-19T00:00:00.000Z,True,,ANAND(District Collector ANAND_IDA)
228516,Supply of one cesspool vehicle (Septic Tank Cleaner Vehicle) for Bankura Municipality under Bankura District.,Normal/Others,ARUP CHAKRABORTY,BANKURA,West Bengal,Lok Sabha,2250000.0,2026-08-19T00:00:00.000Z,True,,BANKURA(DISTRICT MAGISTRATE BANKURA_IDA)
265902,Supply  Installation High Mast near Gouripur Jana Para Swasan at Polgustia GP under AC 175 in MPLAD,Normal/Others,Prasun Banerjee,HOWRAH,West Bengal,Lok Sabha,150000.0,2026-08-19T00:00:00.000Z,True,,HOWRAH(DISTRICT MAGISTRATE HOWRAH_IDA)
208276,Construction of Tractor Road from NH-21 to Shamshanghat Talwana in GP Salapper. Work Executive Agency-BDO Sundernagar.,Normal/Others,Kangana Ranaut,MANDI,Himachal Pradesh,Lok Sabha,200000.0,2026-08-19T00:00:00.000Z,True,,MANDI(DEPUTY COMMISSIONER MANDI_IDA)
266345,Construction of common work sheds (tin sheds)nirman karya prathmik sala pipraud ke pass,Normal/Others,BHOJRAJ NAG,KANKER,Chhattisgarh,Lok Sabha,1500000.0,2026-08-19T00:00:00.000Z,True,,Uttar Bastar Kanker(DISTRICT COLLECTOR KANKER_IDA)
140749,"Construction of New PDS Building at Vallam Municipality, Vallam South, ward no 8, Thanjavur",Normal/Others,MURASOLI S,THANJAVUR,Tamil Nadu,Lok Sabha,1360000.0,2026-08-19T00:00:00.000Z,True,,THANJAVUR(DISTRICT COLLECTOR THANJAVUR_IDA)
261087,gram kherki me inder munshi ke makan se satpal ke makan tak cc road nirman,Normal/Others,IQRA CHOUDHARY,KAIRANA,Uttar Pradesh,Lok Sabha,655448.0,2026-08-19T00:00:00.000Z,True,,SHAMLI(DISTRICT MAGISTRATE SHAMLI_IDA)
261088,gram chandenamal me rohtash kashyap ke makan se mahendra singh ke khet tak khadanja nirman,Normal/Others,IQRA CHOUDHARY,KAIRANA,Uttar Pradesh,Lok Sabha,466849.0,2026-08-19T00:00:00.000Z,True,,SHAMLI(DISTRICT MAGISTRATE SHAMLI_IDA)
135688,"Installation of Solar Street Lights at Sansad IX, Pandu Gram Panchayat

Ref: Raj Kumar Gurung (9851242354), Member Pandu GP",Normal/Others,Raju Bista,DARJEELING,West Bengal,Lok Sabha,406983.0,2026-08-19T00:00:00.000Z,True,,DARJEELING(DISTRICT MAGISTRATE DARJEELING_IDA)
195275,"Construction of Road (Soling and Concreting, Protection Wall etc.) from Village Jagar to Syahan Basti, G.P. Bhadyal, Work Executive Agency-BDO Balh",Normal/Others,Kangana Ranaut,MANDI,Himachal Pradesh,Lok Sabha,200000.0,2026-08-19T00:00:00.000Z,True,,MANDI(DEPUTY COMMISSIONER MANDI_IDA)
183887,MML AT NEAR VELLOORKONAM KAVIL BHAGAVATHI TEMPLE IN KIZHUVILAM GRAMA PANCHAYATH,Normal/Others,Adv Adoor Prakash ,ATTINGAL,Kerala,Lok Sabha,242517.0,2026-08-20T00:00:00.000Z,True,,THIRUVANANTHAPURAM(DISTRICT COLLECTOR THIRUVANANTHAPURAM_IDA)
233120,"Pipe Gutter for the removal of rain Water in the Steet No. 1A, Chitrakutdham in Ward No. 8",Normal/Others,PARSHOTTAMBHAI RUPALA,RAJKOT,Gujarat,Lok Sabha,837890.0,2026-08-20T00:00:00.000Z,True,,RAJKOT(DISTRICT COLLECTOR RAJKOT_IDA)
189476,Providing 1 Nos. Mini Highmast Light.,Normal/Others,Thalikkottai Rajuthevar Baalu,SRIPERUMBUDUR,Tamil Nadu,Lok Sabha,399300.0,2026-08-21T00:00:00.000Z,True,,CHENGALPATTU(District Collector Chengalpattu_IDA)
243981,Construction of boundy wall in Graveyard IN VILLAGE Khatiya Basni,Normal/Others,Shri Hanuman Beniwal,NAGAUR,Rajasthan,Lok Sabha,696539.0,2026-08-21T00:00:00.000Z,True,,Didwana-Kuchaman(DISTRICT COLLECTOR Didwana Kuchaman_IDA)
248793,Installation of a solar high mast light near Dheeraj Singh house in Pusauli development block of Robertsganj,Normal/Others,Shri Hardeep Singh Puri (2020-26),Sitting Rajya Sabha,Uttar Pradesh,Rajya Sabha,107780.0,2026-08-21T00:00:00.000Z,True,,SONBHADRA(DISTRICT MAGISTRATE SONBHADRA_IDA)
247230,abanpur saroha me bhaktin ka purwa  madhupur minor se arjun yadav ke ghar hote hue banshi lal yadav ke ghar tak interlocking,Normal/Others,AWADHESH PRASAD,FAIZABAD,Uttar Pradesh,Lok Sabha,1890722.0,2026-08-21T00:00:00.000Z,True,,AYODHYA(DISTRICT MAGISTRAE FAIZABAD_IDA)
222294,Bhullar Mayadeen Bhailamakdumpur,Normal/Others,PUSHPENDRA SAROJ,KAUSHAMBI,Uttar Pradesh,Lok Sabha,73911.0,2026-08-21T00:00:00.000Z,True,,KAUSHAMBI(DISTRICT MAGISTRAE KAUSHAMBI_IDA)
179033,CHARAMURTHESHWAR SWAMI SEVA SAMITI TRUST (R) SABHA BHAVAN,Normal/Others,BASAVARAJ BOMMAI,HAVERI,Karnataka,Lok Sabha,500000.0,2026-08-21T00:00:00.000Z,True,,GADAG(Deputy Commsioner Gadag_ida)
221951,Hiramani Sumerchandra Mawai Nigaha,Normal/Others,PUSHPENDRA SAROJ,KAUSHAMBI,Uttar Pradesh,Lok Sabha,73926.0,2026-08-22T00:00:00.000Z,True,,KAUSHAMBI(DISTRICT MAGISTRAE KAUSHAMBI_IDA)
221927,Shiv Mangal Sharda Prasad Purab Sarawan,Normal/Others,PUSHPENDRA SAROJ,KAUSHAMBI,Uttar Pradesh,Lok Sabha,73926.0,2026-08-22T00:00:00.000Z,True,,KAUSHAMBI(DISTRICT MAGISTRAE KAUSHAMBI_IDA)
221924,Aliyas Budun Gadi Bazar Raksauli,Normal/Others,PUSHPENDRA SAROJ,KAUSHAMBI,Uttar Pradesh,Lok Sabha,73926.0,2026-08-22T00:00:00.000Z,True,,KAUSHAMBI(DISTRICT MAGISTRAE KAUSHAMBI_IDA)
222065,Rambahori Ramautar Kotipar Alai Urf Bakshipar,Normal/Others,PUSHPENDRA SAROJ,KAUSHAMBI,Uttar Pradesh,Lok Sabha,73926.0,2026-08-22T00:00:00.000Z,True,,KAUSHAMBI(DISTRICT MAGISTRAE KAUSHAMBI_IDA)
236602,Contruction of 100 mtr CC or Apex and Nali from Gajraj house towards Man Singh Lodhi house at village Deori Block Jakhaura.,Normal/Others,Anurag Sharma ,JHANSI,Uttar Pradesh,Lok Sabha,495056.0,2026-08-22T00:00:00.000Z,True,,LALITPUR(DISTRICT MAGISTRATE LALITPUR_IDA)
222438,Gulab Chandra Chhotelal Khandeora Para Hasanpur,Normal/Others,PUSHPENDRA SAROJ,KAUSHAMBI,Uttar Pradesh,Lok Sabha,73911.0,2026-08-22T00:00:00.000Z,True,,KAUSHAMBI(DISTRICT MAGISTRAE KAUSHAMBI_IDA)
248792,Installation of a solar high mast light near the Hanuman temple in Tenduhar village of Ghorawal development block,Normal/Others,Shri Hardeep Singh Puri (2020-26),Sitting Rajya Sabha,Uttar Pradesh,Rajya Sabha,107780.0,2026-08-22T00:00:00.000Z,True,,SONBHADRA(DISTRICT MAGISTRATE SONBHADRA_IDA)
140715,patwan game sarkari dukan thi ved faliya sudhi   gatar line nu kam,Normal/Others,Jaswantsinh Sumanbhai Bhabhor,DAHOD,Gujarat,Lok Sabha,478000.0,2026-08-24T00:00:00.000Z,True,,Dahod(DISTRICT COLLECTOR DOHAD_IDA)
231792,Construction of Bus stop at N.Mettupatti Village and panchayat,Normal/Others,Manickam Tagore B,VIRUDHUNAGAR,Tamil Nadu,Lok Sabha,999628.0,2026-08-24T00:00:00.000Z,True,,VIRUDHUNAGAR(DISTRICT COLLECTOR VIRUDHUNAGAR_IDA)
220979,Block paving work from Maganbhai Gaudani house to Pareshbhai Gaudani house in the Kankot Nana village.,Normal/Others,BHARATBHAI MANUBHAI SUTARIYA,AMRELI,Gujarat,Lok Sabha,300000.0,2026-08-24T00:00:00.000Z,True,,AMRELI(DISTRICT COLLECTOR AMRELI_IDA)
233123,Paver Block near Family Mart on the Main Road in Kerela Park area in Ward No. 9,Normal/Others,PARSHOTTAMBHAI RUPALA,RAJKOT,Gujarat,Lok Sabha,190058.0,2026-08-24T00:00:00.000Z,True,,RAJKOT(DISTRICT COLLECTOR RAJKOT_IDA)
233126,"Paver Block near Street No. 1, Patel Park, behind Pam Urni Gangotri Road in Ward No. 9",Normal/Others,PARSHOTTAMBHAI RUPALA,RAJKOT,Gujarat,Lok Sabha,189993.0,2026-08-24T00:00:00.000Z,True,,RAJKOT(DISTRICT COLLECTOR RAJKOT_IDA)
249266,Work of installing a solar high mast light near the house of Subhash son of Akash in village Khane Azampur of village Sukrit of development block Karma,Normal/Others,Shri Hardeep Singh Puri (2020-26),Sitting Rajya Sabha,Uttar Pradesh,Rajya Sabha,107780.0,2026-08-24T00:00:00.000Z,True,,SONBHADRA(DISTRICT MAGISTRATE SONBHADRA_IDA)
248789,Installation of a high mast light at the Chatra Bazaar Ramlila ground in Kotas village panchayat of the Robertsganj development block.,Normal/Others,Shri Hardeep Singh Puri (2020-26),Sitting Rajya Sabha,Uttar Pradesh,Rajya Sabha,472218.0,2026-08-24T00:00:00.000Z,True,,SONBHADRA(DISTRICT MAGISTRATE SONBHADRA_IDA)
247467,Gram Parsauni me sarfuddin ke ghar se nahar tak 125 meter CC Road,Normal/Others,Pankaj Chowdhary,MAHARAJGANJ,Uttar Pradesh,Lok Sabha,1554296.0,2026-08-25T00:00:00.000Z,True,,Mahrajganj(DISTRICT MAGISTRAE MAHARAJGANJ_IDA)
191092,Gram Nain kheri mein Anusuchit Jati samaj ke shamshan mein ek shavdah grih nirman karya. No 1 6.00 x 6.00 meter,Normal/Others,IQRA CHOUDHARY,KAIRANA,Uttar Pradesh,Lok Sabha,502240.0,2026-08-25T00:00:00.000Z,True,,SAHARANPUR(DISTRICT MAGISTRAE SAHARANPUR_IDA)
248304,HIGH MAST LIGHT WITH FOUR LED RECOMMENDED IN MY CONSTITUENCY RAMPUR BY IA UPSIC MORADABAD (VILL. RAIPUR MASJID KE CHORAHE  PAR),Normal/Others,MOHIBBULLAH,RAMPUR,Uttar Pradesh,Lok Sabha,174129.0,2026-08-25T00:00:00.000Z,True,,RAMPUR(DISTRICT MAGISTRATE RAMPUR_IDA)
248316,HIGH MAST LIGHT WITH FOUR LED RECOMMENDED IN MY CONSTITUENCY RAMPUR BY IA UPSIC MORADABAD (VILL. SHIKARPUR KE QABRISTAN MAI),Normal/Others,MOHIBBULLAH,RAMPUR,Uttar Pradesh,Lok Sabha,174129.0,2026-08-25T00:00:00.000Z,True,,RAMPUR(DISTRICT MAGISTRATE RAMPUR_IDA)
244777,Construction of College Building of KES Samyukta Padavi Purva College Konnur,Repair and Renovation,Parvatagouda Chandanagouda Gaddigoudar,BAGALKOT,Karnataka,Lok Sabha,500000.0,2026-08-25T00:00:00.000Z,True,,GADAG(Deputy Commsioner Gadag_ida)
143791,"New PDS building work at Venkatasamuthram panchayat, Kandamangalam",Normal/Others,MURASOLI S,THANJAVUR,Tamil Nadu,Lok Sabha,1348469.0,2026-08-25T00:00:00.000Z,True,,THANJAVUR(DISTRICT COLLECTOR THANJAVUR_IDA)
